source,genre,path,size_bytes,sha256,duration_sec,sample_rate,channels,status,error
Amapiano,Global,Amapiano\Global\Amapiano\Abanandih_-_AMAPIANO_ALL_IN_ONE_3_STEP_THE_BEST_OF_SEPTEMBER_AMAPIANO_2025.wav,2646078,5ee40583c9962ace95f03ecd10567519928e06bcbd71ef6d8e7009135ade1899,30.0,44100,1,VALID,
Amapiano,Global,Amapiano\Global\Amapiano\Abanandih_-_AMAPIANO_MIX_2025_05_OCTOBER_BEST_AMAPIANO_MIX_2025_NEW_AMAPIANO_SONGS_2025_ABANANDIH.wav,2646078,485496fa1e3af4fb1113937078f3d107c7a1f35fc0f37a29a45a13bb6f15e316,30.0,44100,1,VALID,
Amapiano,Global,Amapiano\Global\Amapiano\Abanandih_-_AMAPIANO_MIX_2025_THE_BEST_MIX_OF_NOVEMBER_AMAPIANO_PARTY_2025.wav,2646078,9846300a1497dad67199e228576a0396fcb2cda79fe622c394128e256c7d1c12,30.0,44100,1,VALID,
Amapiano,Global,Amapiano\Global\Amapiano\Abanandih_-_AMAPIANO_MIX_DECEMBER_TO_DECEMBER_2025_ABANANDIH.wav,2646078,022863e7df57667a91f68e9861029bf92a27ead1dd4d426da8ba795b5fbe6e49,30.0,44100,1,VALID,
Amapiano,Global,Amapiano\Global\Amapiano\Abanandih_-_AMAPIANO_MIX_SA_2025_ABANANDIH_BEST_MIXS_OF_AMAPIANO_2025.wav,2646078,c8cc441dfad9cf350c619f4fb71a8bf9a7b65998a463524fca724911f1691258,30.0,44100,1,VALID,
Amapiano,Global,Amapiano\Global\Amapiano\Afro_Serenity_-_Afrobeats_Amapiano_Mix_2025_Best_Afro_House_Party_Hits.wav,2646078,1b2e8d7a9086c66ee824f01a72b8658e47d72dfff869cad6ea66b6f7f6ea0661,30.0,44100,1,VALID,
Amapiano,Global,Amapiano\Global\Amapiano\AFROBEAT_PLANET_MIX_-_BEST_AMAPIANO_x_AFROBEAT_MIX_2025_PARTY_NONSTOP.wav,2646078,f778e53268d974461bd1468415ba4e03ac9b6bbd0aed5ffd85aa32dec78db3e4,30.0,44100,1,VALID,
Amapiano,Global,Amapiano\Global\Amapiano\AfroBeats_MIX_-_AFROBEATS_MIX_2025_Top_Naija_Amapiano_Bangers_African_Sound.wav,2646078,c19912e68519f13a88ce5c2f328f6e0db9d5b343e8b3feb2c07724c49113a3f7,30.0,44100,1,VALID,
Amapiano,Global,Amapiano\Global\Amapiano\amapiano_magic_-_AMAPIANO_MIX_TO_WELCOME_DECEMBER_2025_AND_NEW_YEAR.wav,2646078,c0a94ffd42bd1417f9ce7420e381498f101fea78039d87a41a22507bdda76ac9,30.0,44100,1,VALID,
Amapiano,Global,Amapiano\Global\Amapiano\amapiano_magic_-_AMAPIANO_MIX_TO_WELCOME_DECEMBER_2025_AND_NEW_YEAR_2026.wav,2646078,c1c13f41c2279ba02eb3a2368babee77d74a4c6c61ce1fc2de6e8695b6ded0d5,30.0,44100,1,VALID,
Amapiano,Global,Amapiano\Global\Amapiano\Anansi_-_TOP_Amapiano_Hits_2025_1_Party_Mix_DJ_ANANSI.wav,2646078,e570a0f41605cc19408021c21e090b719a27237e19b8373298156ff828763172,30.0,44100,1,VALID,
Amapiano,Global,Amapiano\Global\Amapiano\Asake_-_Amapiano_Official_Video.wav,2646078,e55dc3f1980230a2b6f08ec854f6aec04786628047ce2834662f40e3f8fc9485,30.0,44100,1,VALID,
Amapiano,Global,Amapiano\Global\Amapiano\Awakened_Regal_-_Myztro_Leehleza_Tobetsa_30_Lyrics_feat_Shaunmusiq_Ftears.wav,2646078,4e09d13ffc04a9d6aa48402d9516056c11d7c5b66f4517d4c7ba902139d14dae,30.0,44100,1,VALID,
Amapiano,Global,Amapiano\Global\Amapiano\Bluenax_-_Tung_Tung_Sahur_Amapiano_Revisit.wav,2646078,e788dde60e60b04a6f11a333aec74f9be098b60c24a14b561d4765fd44f38527,30.0,44100,1,VALID,
Amapiano,Global,Amapiano\Global\Amapiano\Brian_Tru_-_Popular_RB_Amapiano_Remixes_2023_Kontrast_Xperience_at_Fabletics.wav,2646078,23bb5eddd3f69d8bc89327c9eaf47d2e6f7d7c76ae129c5613bbf280859bbe3f,30.0,44100,1,VALID,
Amapiano,Global,Amapiano\Global\Amapiano\Costa_Titch_-_Big_Flexa_feat_Cbuda_M_Alfa_Kat_Sdida_Man_T.wav,2646078,072836631795c8fdf8649bedc11f1539368ade31f704e3f5f360dbcf9a551023,30.0,44100,1,VALID,
Amapiano,Global,Amapiano\Global\Amapiano\DATAPROD112_-_ZENZELE_MUSIC_VIDEO.wav,2646078,eb095703cbfe3afaba0ac415a2618e8bbe04ae722ecf7e4eefce3ee96c030161,30.0,44100,1,VALID,
Amapiano,Global,Amapiano\Global\Amapiano\Dj_Alekie_partyboy_-_CHILLED_AMAPIANO_AFROHOUSE_HITS_2025_DJ_ALEKIE_2025_Ngibolekeni_Uyaphapha_Baphi_My_Darling.wav,2646078,87b33650cca9aa5fcb9931c1a352d3f3bb0f47776d0812bf5014694f2b04a87a,30.0,44100,1,VALID,
Amapiano,Global,Amapiano\Global\Amapiano\DJ_CALVIN_-_BEST_OF_AFROBEATS_AMAPIANO_VIDEO_MIX_2025_AFROBEAT_2025_DJ_CALVIN_FAMOUS_PLUTO_DAVIDO.wav,2646078,4969678183e35e1b396d0b1ba714863776481de3b1f590b90424de234b894a8e,30.0,44100,1,VALID,
Amapiano,Global,Amapiano\Global\Amapiano\Dj_Celestar_-_Amapiano_Mix_By_Dj_Celestar_My_Darling_Ngishutheni_Jelousy_Biri_Marung_Tshwala_Bami_Wadibusa.wav,2646078,dce8c1b8a8e52668ae0a576a5f871a16face66a6e0dff0fa35d97735ef3da323,30.0,44100,1,VALID,
Amapiano,Global,Amapiano\Global\Amapiano\Dj_Classcom_-_AMAPIANO_MIX_2025_03_APRIL_BEST_AMAPIANO_MIX_2025_NEW_AMAPIANO_SONGS_2025_DJ_CLASSCOM.wav,2646078,f99a1dd4560396f546d7d9749a34533cbe87fdf177b8587bfb02969982baebfa,30.0,44100,1,VALID,
Amapiano,Global,Amapiano\Global\Amapiano\Dj_Classcom_-_New_Amapiano_Mix_Road_to_2026_Best_Amapiano_Mix_2025_2026_New_Amapiano_Songs_Dj_Classcom.wav,2646078,00bc22f6aa8576b2ff7810394111a35bb4f59535af3839a810282f49943581b4,30.0,44100,1,VALID,
Amapiano,Global,Amapiano\Global\Amapiano\DJ_DENNY_HUS_-_Amapiano_2024_End_of_year_mix_by_DJ_DENNY_HUS.wav,2646078,a345dd61188a2bc5214b13cc85121599a5c59f3f28128e94f3277e6aed83c9f2,30.0,44100,1,VALID,
Amapiano,Global,Amapiano\Global\Amapiano\DJ_F2_-_DJ_F2_TRENDING_AMAPIANO_MIX_2025_VIDEO_MIX_BIRI_MARUNG_JEALOUSY_TSHWALA_BHEBHA_PIKKEWYNEMNIKE.wav,2646078,d87c4ccfb92008a72fd01d04c34ac0b9fd664467a99885e1ab126a86bf5f4ae6,30.0,44100,1,VALID,
Amapiano,Global,Amapiano\Global\Amapiano\DJ_FABIAN_254_-_SOUTH_AFRICA_AMAPIANO_MIX_2025_AMAPIANO_MIX_2025_ZENZELE_BIRI_MARUNG_JEALOUSY_DJ_FABIAN_254.wav,2646078,494784b0e4dcb6ce6e0a0c9ec8407f8892fc678241cb067f39d725e0985091f2,30.0,44100,1,VALID,
Amapiano,Global,Amapiano\Global\Amapiano\DJ_JackO_-_BEST_AMAPIANO_RNB_POP_AFRO_UK_GARAGE_JACKO_LIVE_MIXTAPE_VOL_10.wav,2646078,8b96353900c2f6e90a9859a3965537568d327f81aceb7346ce0537cf24116552,30.0,44100,1,VALID,
Amapiano,Global,Amapiano\Global\Amapiano\DJ_MaliCity_-_Best_Amapiano_2025_Mix_Soulful_Private_School_Piano_Deep_House_Vibes_ft_Kelvin_Momo_Style.wav,2646078,b4ed281bcf2e1999798b31e6b7f99e137459ba75a53e2695e00d48123b83b2e3,30.0,44100,1,VALID,
Amapiano,Global,Amapiano\Global\Amapiano\DJ_Neptune_-_Afrobeats_Amapiano_2025_Mix_DJ_Neptune_Live_set_In_Rhode_Island_USA.wav,2646078,54f027dd10eeb8be2801c4d683fe8d8df07ec6c37429ade99623abe57afc9165,30.0,44100,1,VALID,
Amapiano,Global,Amapiano\Global\Amapiano\DJ_ONTHEBEAT_-_Amapiano_Sunset_Mix_2025_Leemckrazy_Scotts_Maphuma_CowBoii_DJ_Onthebeat.wav,2646078,8f651b622ee4ef028a185f160ba00cd7b6f1b954c65bfe2c23ba74634dac1807,30.0,44100,1,VALID,
Amapiano,Global,Amapiano\Global\Amapiano\DJ_ONTHEBEAT_-_Amapiano_Valley_Mix_2025_Zee_Nxumalo_Scotts_Maphuma_Leemckrazy_CowBoii_DJ_Onthebeat.wav,2646078,a9dee610ab29713e2e58dbd90a189e2892badc59e4b5a54350acd870c846a729,30.0,44100,1,VALID,
Amapiano,Global,Amapiano\Global\Amapiano\DJ_ONYIFRANKO_KENYA_-_BEST_TANZANIA_AMAPIANO_MIX_2025_BONGO_MIX_DJ_ONYIFRANKO_MARIO_HARMONIZE_RAYVANNY_MBOSSO.wav,2646078,68b480145194da1e0ce52c49517795c533166f61e51126c83185d7dd3a6f3c58,30.0,44100,1,VALID,
Amapiano,Global,Amapiano\Global\Amapiano\DJ_PEREZ_-_AMAPIANO_MIX_2021_BEST_OF_AMAPIANO_DJ_PEREZ_Dj_TaricoMajor_League_DJzDiamond_PlatnumzLive_set.wav,2646078,abf2fdc69af289e5ca1f939111bcce64f7df9bd8ffcbd178848640244098ec0a,30.0,44100,1,VALID,
Amapiano,Global,Amapiano\Global\Amapiano\DJ_RICKS_KENYA_-_Amapiano_Mix_Latest_songs_2025_Ft_DJ_RICKS_KENYA_Ciza_Uncle_Waffles_Ciza_DJ_Maphorisa_3_Step.wav,2646078,315600b569f92a9ab608d432ccd77f42c8cae618ac37dab68672f4fe03758a4b,30.0,44100,1,VALID,
Amapiano,Global,Amapiano\Global\Amapiano\Dj_Shinski_-_2024_Best_Amapiano_Popular_Remixes_Video_Clean_DJ_Shinski_Rihanna_Burna_Boy_Sean_Paul.wav,2646078,eee14da8972047d61ea2e1185defab8fc44f56bb4951a48057dc59e74239c540,30.0,44100,1,VALID,
Amapiano,Global,Amapiano\Global\Amapiano\Dj_Shinski_-_Best_of_Tanzania_Amapiano_Mix_Dj_Shinski_Diamond_Harmonize_Jux_Enjoy_Rayvanny_Marioo.wav,2646078,261e1863097e66f727faffefc83d932f2dba0168eaa036e936d5c8e7878c2cc3,30.0,44100,1,VALID,
Amapiano,Global,Amapiano\Global\Amapiano\Dj_Tease_-_BEST_OF_AMAPIANO_20242025_The_City_Syndicate_ft_DJ_Tease_The_Bad_Company.wav,2646078,09821f044fe719cbd98c82240640776364f9e7a9b7a652193882d4c9ef91f917,30.0,44100,1,VALID,
Amapiano,Global,Amapiano\Global\Amapiano\Dj_Tease_-_Latest_Amapiano_3_Step_Mix_2025_Amapiano_3_Step.wav,2646078,327d29b804e7bb4e7bfa052b78c355905e79e3a4f430cf0551ecb93cf4d5a410,30.0,44100,1,VALID,
Amapiano,Global,Amapiano\Global\Amapiano\DJ_TOPS_-_Best_Amapiano_Mix_2024_RnB_Edition_Ft_SZA_Ella_Mai_Rihanna_Brandy_Chris_Brown_Ciara.wav,2646078,a77fdfbdc35bc6eda74848c98e12b8f9918e0e3463de6d50019646961dcfbde3,30.0,44100,1,VALID,
Amapiano,Global,Amapiano\Global\Amapiano\Dj_Webaba_-_BEST_OF_AMAPIANO_MIX_2025_DJ_WEBABA.wav,2646078,05ab634e9ddb45dfca8b4520d9c5e0d871e82d3f28f82cb40e40ad636cd61d67,30.0,44100,1,VALID,
Amapiano,Global,Amapiano\Global\Amapiano\Dj_Webaba_-_BEST_OF_AMAPIANO_MIX_2025_VOL179_DJ_WEBABA.wav,2646078,68d4a339be8fb8700c6b88fb1d84d0cbf97121aa860d935340c34bfbacd82937,30.0,44100,1,VALID,
Amapiano,Global,Amapiano\Global\Amapiano\Dj_Webaba_-_BEST_OF_AMAPIANO_MIX_2025_VOL184_DJ_WEBABA.wav,2646078,fc8fa3c4c7f1b14dd76581979765c4c7830b478e34ab00b629c51f88b8c069f1,30.0,44100,1,VALID,
Amapiano,Global,Amapiano\Global\Amapiano\Dj_Webaba_-_Scotts_Maphuma_Amapiano_Mix_2025_DJ_Webaba.wav,2646078,56cdf5b59d250ab390ca3e871bdc55127e2a30d8b750b32395f522f71e229f9c,30.0,44100,1,VALID,
Amapiano,Global,Amapiano\Global\Amapiano\DJ_WYTEE_-_AMAPIANO_MIX_2025_BEST_AMAPIANO_TRENDING_SONGS_2025_MIX_DJ_WYTEE_VINTE_SA_MALUMTOM.wav,2646078,b01596090e27de22dec2057023c728aa9bfa8af8342a9007f2c71e9443b4720e,30.0,44100,1,VALID,
Amapiano,Global,Amapiano\Global\Amapiano\DJames_-_Afrobeats_Amapiano_2025_DJames_Live_In_London.wav,2646078,84123ee104732637925fafbaf00f1aef9f592a2f5cb010f69d92638866842815,30.0,44100,1,VALID,
Amapiano,Global,Amapiano\Global\Amapiano\Fred_Max_-_SOULFUL_AMAPIANO_MIX_2025_amapiano_hitsongs_2025.wav,2646078,933a981c6c277ac7a63f07eb442b131e9bb98ede3ee134fcd43d8686b57f9e95,30.0,44100,1,VALID,
Amapiano,Global,Amapiano\Global\Amapiano\Goish_Studio_Music_-_Amapiano_2025_Best_songs_of_the_year_Dj_Groover.wav,2646078,2ee397b01a0e22eea4b0dab3f7ff6df6f971104cd7c98a20bf9cc67808bda4c1,30.0,44100,1,VALID,
Amapiano,Global,Amapiano\Global\Amapiano\Goon_Flavour_-_Ngishutheni.wav,2646078,1e4dead50cd9446e167d3bea2f7c9dcc6ff370c81b8fc03635f27fb22ab9b878,30.0,44100,1,VALID,
Amapiano,Global,Amapiano\Global\Amapiano\Home_Alone_-_HOME_ALONE_LIVE_SET_DJ_STA_AMAPIANO_JUNGLE_EDITION.wav,2646078,d94ebdc8df140c783e909c36c10a441380b0a53f6c3e2a64dcc63e673123e5e8,30.0,44100,1,VALID,
Amapiano,Global,Amapiano\Global\Amapiano\Hurshy_on_Decks_-_3_StepAfro_Tech_Mix_Bengicela_Tholokuthi_Mali_uMA_weNGANE_Uzizwa_Kanjan_Isaka_Hurshy.wav,2646078,5212e8ec72f18a85938baa44794aa99b1a8d480282d0a0a21db53ef0377f618d,30.0,44100,1,VALID,
Amapiano,Global,Amapiano\Global\Amapiano\Hurshy_on_Decks_-_AmaPiano_Mix_BEST_OF_AMAPIANO_Mina_Nawe_Fatela_Stimela_Abo_Mvelo_Sengizwile_Hurshy.wav,2646078,fd8fd8a1668f0e133d47d4a8b608d70ca4ccfe2d9b54ed0311452dd3b1b22fe7,30.0,44100,1,VALID,
Amapiano,Global,Amapiano\Global\Amapiano\Hurshy_on_Decks_-_AmaPiano_Mix_BEST_OF_AMAPIANO_VOL2_Abalele_Hamba_Juba_Mnike_Shona_Kwelanga_Jola_Hurshy.wav,2646078,dc78bbc47f6784fb3d2e859ffb5d94393c829f799479cb8ba753f79f807a08b4,30.0,44100,1,VALID,
Amapiano,Global,Amapiano\Global\Amapiano\Hurshy_on_Decks_-_AmaPiano_Mix_BEST_OF_AMAPIANO_VOL3_Manzi_Nte_Imithandazo_Funk_99_Yebo_Lapho_Hurshy.wav,2646078,917f4dca3fde4463464b6472235775baf205ae51bcb6c09753292d5acb9f0762,30.0,44100,1,VALID,
Amapiano,Global,Amapiano\Global\Amapiano\Hurshy_on_Decks_-_AmaPiano_Mix_BEST_OF_AMAPIANO_VOL4_Ngisakuthanda_Ngibolekeni_BAPHI_Abantwana_Bakho_Hurshy.wav,2646078,519a16180dce87953146ac9203c7522748ce7cd62ae6b334c20bb7ec963e026b,30.0,44100,1,VALID,
Amapiano,Global,Amapiano\Global\Amapiano\Hurshy_on_Decks_-_AmaPiano_Mix_Biri_Marung_Waze_Wamuhle_Iza_Mawala_Wishi_Wishi_Bo_Gogo_Hurshy.wav,2646078,07941d172f1a4096be4666254caca0dd56a2e52a3f6b7e179b3fc81a82501c43,30.0,44100,1,VALID,
Amapiano,Global,Amapiano\Global\Amapiano\Jessica_Mashaba_-_HITS_ONLY_Best_3_Step_2025_Mix_ThukzinJazzworxx_Ciza_Thukuthela_Mawhoo_StunnaDENIM_ED.wav,2646078,57fa5bde9a822c8574d50b78a55529d36f9b0b52e4390f7a0444ac642b6efdb8,30.0,44100,1,VALID,
Amapiano,Global,Amapiano\Global\Amapiano\Jinseoulmusic_-_AMAPIANO_PARTY_MIX_2025_BEST_OF_SOUTH_AFRICA_Uncle_Waffles_Scotts_Maphuma_DJ_Maphorisa.wav,2646078,1d2b7da6417d33d9cc146f62b165e8c7ff4bd1f3b0e76c3923ffc0a207ec3dd2,30.0,44100,1,VALID,
Amapiano,Global,Amapiano\Global\Amapiano\Jinseoulmusic_-_Amapiano_throwback_2019_2020_MIX_OLD_AMAPIANO_DJ_Maphorisa_Kabza_de_Small_Vigro_Deep.wav,2646078,ea25cf9bf76b18683ff974a05373efb9c6df4aa6943e3f5e5e5bbb61bc09f756,30.0,44100,1,VALID,
Amapiano,Global,Amapiano\Global\Amapiano\Kamo_Mphela_-_Partii_feat_SpacePose.wav,2646078,2235f8abd7620abfe9469f31a6507b0fb8470d318ff9ef6140941b10c14e3b23,30.0,44100,1,VALID,
Amapiano,Global,Amapiano\Global\Amapiano\Kelblaise_Entertainment_-_Best_2025_BEST_AMAPIANO_MIXAFROBEAT_OBADDJ45_X_EMMY_BLAQ_created_at_Kelblaise_studio.wav,2646078,03d9f3aece04e79b550b9a83bbd44cddbf9ab7ef80cf9dbed5f3555490a88af3,30.0,44100,1,VALID,
Amapiano,Global,Amapiano\Global\Amapiano\Khadeair_-_Magumba_feat_Kaytah_Peekay_Mzee.wav,2646078,9415764f68e4ee72dbf12bc22f6ccddc1ccbe751f054cb1485d564ccde0df252,30.0,44100,1,VALID,
Amapiano,Global,Amapiano\Global\Amapiano\lavender_-_AMAPIANO_DANCE_CHALLENGE_2025.wav,2646078,c9c7e771f73b2e138ac0039c05874e8ec6f1952fab51447bfad3b0a7bf4dd04e,30.0,44100,1,VALID,
Amapiano,Global,Amapiano\Global\Amapiano\Le_Good_Life_-_Soulful_Amapiano_Mix_2024_Budapest_Hungary_Gaba_Cannal_Kelvin_Momo_MFR_Souls_Russell_Zuma.wav,2646078,b56b15f1a97f4b59689d6363ded52d7cf12b0b5c494db26982e8058c64c7814e,30.0,44100,1,VALID,
Amapiano,Global,Amapiano\Global\Amapiano\Le_Good_Life_-_Soulful_Amapiano_Mix_2025_Chilled_Getaway_Kelvin_Momo_Kabza_De_Small_Stixx_Babalwa_M.wav,2646078,750a9531924506c2d373bde747b0ac19e83dcfde4aa781aabf62867129d0d67a,30.0,44100,1,VALID,
Amapiano,Global,Amapiano\Global\Amapiano\Major_League_DJz_-_Amapiano_Balcony_Mix_72_HOURS_XPERIENCE_B2B_with_Tango_Supreme_Soul_Jam_S6_E3.wav,2646078,fe03bf3e27026e1806cabf0c149e655aa15f8681e4643678010c4e46687616f3,30.0,44100,1,VALID,
Amapiano,Global,Amapiano\Global\Amapiano\MaWhoo_-_Bengicela_feat_Jazzworx.wav,2646078,8161540021dd5137c7a89d922fe68307d96b170d67ce5fd4186a81476583faad,30.0,44100,1,VALID,
Amapiano,Global,Amapiano\Global\Amapiano\MDA_-_AMAPIANO_MIXTAPE_VOL_1_CHILL_VIBES_By_MDA.wav,2646078,4fba098023098a8521ccab3babc6091c6904b6b3695ec5483e7f7995c654bfd2,30.0,44100,1,VALID,
Amapiano,Global,Amapiano\Global\Amapiano\MDA_-_AMAPIANO_MIXTAPE_VOL_2_By_MDA.wav,2646078,410f46e53daf1e216a45b8b642ffb574033a44d53f844cf2f03e4be99ea36035,30.0,44100,1,VALID,
Amapiano,Global,Amapiano\Global\Amapiano\Melanin_Vibes_-_Soulful_Amapiano_2025_Music_to_Heal_Your_Spirit_Mix_4.wav,2646078,405284e56c6f1fb7509e6ef5cdee4554dd97a25c11a1d69bd487162ad6f528a9,30.0,44100,1,VALID,
Amapiano,Global,Amapiano\Global\Amapiano\MINE_EVER_STYLED_UP_-_Amapiano_Mix_2025_Most_Popular_party_Songs_2025_TOP_Afrobeat_Hits.wav,2646078,a514b43ec394bb002a6bb0c0a1e29535db1a62734ff8fc4b44a8c22fa37aebd1,30.0,44100,1,VALID,
Amapiano,Global,Amapiano\Global\Amapiano\MIX_PIANO_SA_-_AMAPIANO_THE_BEST_MIX_PARTY_20252026_MX_PIANO_SA_2025.wav,2646078,8084a45a160409eea8929b8cc33ef81857088d101587b69d7b3440d6f2ca6c7a,30.0,44100,1,VALID,
Amapiano,Global,Amapiano\Global\Amapiano\MIX_PIANO_SA_-_MIX_AMAPIANO_2025_THE_BEST_OF_DECEMBER_SA.wav,2646078,9f74524e506dc7b5629dd6364c60575db44099635ed5ce14e2a6ba88dc4a7332,30.0,44100,1,VALID,
Amapiano,Global,Amapiano\Global\Amapiano\MIX_PIANO_SA_-_Mix_Amapiano_Best_Of_September_2025_MIX_PIANO_SA_2025.wav,2646078,a308753f889f28a236f23035f28aad20c5ef1c038382e00b410f995646d19ecd,30.0,44100,1,VALID,
Amapiano,Global,Amapiano\Global\Amapiano\Mo73ll_-_AMAPIANO_MIX_2025_28_JUNE_MO73LL.wav,2646078,eb68c5ad29cd882cb9cdae3e5d245b96ebbd98d13cba936843559266b9b3e29f,30.0,44100,1,VALID,
Amapiano,Global,Amapiano\Global\Amapiano\Mr_Luu_de_Stylist_-_Amapiano_Mix_Best_Of_2024_New_Years_Eve_Cross_Over_Mix_Mixed_By_Mak_Musiq.wav,2646078,552d0a1038f1ba0605d5d55bab925bcd7a853e25ad49c9f27d5ae6d6fe080ab7,30.0,44100,1,VALID,
Amapiano,Global,Amapiano\Global\Amapiano\Mr_Luu_de_Stylist_-_Sir_Trill_King_P_On_The_Floor_Official_Audio.wav,2646078,6603a46bfa6d4017c9350d04afa1508e40cdc1efde02c86d4cb514eb800fcb3c,30.0,44100,1,VALID,
Amapiano,Global,Amapiano\Global\Amapiano\musicbwoy_-_Amapiano_Mix_2024_Trending_Amapiano_March_2024_Mix_by_Musicbwoy.wav,2646078,9f5fad58121a02efe55bcb5cde3004d494b57ac5a52bced8079d6cb1e820c0e2,30.0,44100,1,VALID,
Amapiano,Global,Amapiano\Global\Amapiano\musicbwoy_-_Amapiano_Mix_2025_Amapiano_2025_New_Year_Mix_by_Musicbwoy.wav,2646078,9ec50da067d20262e2b35f3fd8ceec1a656c7ce2fbcea3cb7c01f1b837862bd8,30.0,44100,1,VALID,
Amapiano,Global,Amapiano\Global\Amapiano\Naya_Vibes_-_BEST_AMAPIANO_CLUB_MIX_2025_Dezemba_Grooves.wav,2646078,e50cf9ed55dfeae47536d83c00b58450657d3c4a931408a0173a500c84ca3536,30.0,44100,1,VALID,
Amapiano,Global,Amapiano\Global\Amapiano\Naya_Vibes_-_BEST_AMAPIANO_PARTY_MIX_2025_Holiday_Edition.wav,2646078,90163a540ddf25110351d64c7c25883de33d0afb6a4770a4e0bede357bb7afa1,30.0,44100,1,VALID,
Amapiano,Global,Amapiano\Global\Amapiano\Ndou_Advocate_-_December_Joy_Makhadzi_New_Song_2025_ft_Master_KG_Eemoh_Nkosazana_Daughter.wav,2646078,b4fb49d46bda405840bcbbcca9a7571bd98cf5fa84dccdaf4a00c2de21887b2f,30.0,44100,1,VALID,
Amapiano,Global,Amapiano\Global\Amapiano\Oasis_Grooves_-_Best_Afrobeats_2025_Naija_Amapiano_Mix_African_Groove_Dance_Vibes.wav,2646078,258deb04996506ad7a923cb11cc1bf8851cb3cc7f84d57affdb145f9fd98613e,30.0,44100,1,VALID,
Amapiano,Global,Amapiano\Global\Amapiano\OSOCITYNATION_-_Amapiano_Mix_2024_The_Best_of_Amapiano_2024_by_OSOCITY.wav,2646078,2313ea4b86ad4c34780965792e57be78fa0bc3d29655387c3868f251912fc5dd,30.0,44100,1,VALID,
Amapiano,Global,Amapiano\Global\Amapiano\OSOCITYNATION_-_Amapiano_Mix_2025_The_Best_of_Amapiano_2025_by_OSOCITY.wav,2646078,8b46c5b1d40f48b31da3ecfaf0fdf35835273b08133f3a0580b0488db502dca3,30.0,44100,1,VALID,
Amapiano,Global,Amapiano\Global\Amapiano\P_Montana_-_034_CULTUR_FM_P_Montana_Mini_Amapiano_Mix.wav,2646078,eb7e84b6ba324ba114ae4a17794486fa314207d9186b9cb97f285e695df63319,30.0,44100,1,VALID,
Amapiano,Global,Amapiano\Global\Amapiano\PC_BEATS_-_AMAPIANO_BEST_MIX_PARTY_20252026_BEST_AMAPIANO_MIX_NEW_AMAPIANO_SONGS_PC_BEATS_MIX_2.wav,2646078,2dfd6bec4e3f346ebf40aec0fd71144feeb610dd1bec3e26391f33a84be6a84e,30.0,44100,1,VALID,
Amapiano,Global,Amapiano\Global\Amapiano\PC_BEATS_-_The_Best_Of_Amapiano_Mix_2025_RSA_The_Best_Year.wav,2646078,7c044b003b850da6dd14a8e3b1da779d6229643fb63e630d455763d0642c071e,30.0,44100,1,VALID,
Amapiano,Global,Amapiano\Global\Amapiano\RICHY_HANIEL_-_AMAPIANO_MIX_2024_BEST_OF_AMAPIANO_SONGS_VIDEO_MIX_DJ_BUNDUKI_FT_TSHWALA_UNCLE_WAFFLES_COMOSAVA.wav,2646078,1a834c572d02966cc7ab6c1bdc8cca23fbe707779412150b378f29e8c8afe836,30.0,44100,1,VALID,
Amapiano,Global,Amapiano\Global\Amapiano\RICHY_HANIEL_-_AMAPIANO_MIX_2025_BEST_AMAPIANO_SONGS_VIDEO_MIX_2025_NEW_AMAPIANO_SONGS_2025_BY_DJ_FREAKY.wav,2646078,6bbfe83164f044a9f3aed56af31c4782aad7af019edf2dd15fd50eac0d9e1d09,30.0,44100,1,VALID,
Amapiano,Global,Amapiano\Global\Amapiano\RICHY_HANIEL_-_AMAPIANO_MIX_2025_BEST_AMAPIANO_VIDEO_PARTY_MIX_2025_NEW_AMAPIANO_SONGS_2025_DJ_BUNDUKI.wav,2646078,bde94c6303b565198e6bcc48dfd7d8193ae0c954bf71688d782b405c588a4d7d,30.0,44100,1,VALID,
Amapiano,Global,Amapiano\Global\Amapiano\RICHY_HANIEL_-_AMAPIANO_MIX_2025_RHRADIO_AMAPIANO_HOUSE_PARTY_MIX_2025_BY_DJ_MARL_AMAPIANO_NEW_SONGS_MIX.wav,2646078,88440ddd078e62f4194642f353ff18e90a53f17103c2120feeeccb16e490d2df,30.0,44100,1,VALID,
Amapiano,Global,Amapiano\Global\Amapiano\RICHY_HANIEL_-_AMAPIANO_MIX_AND_AFROBEATS_VIDEO_MIX_2025_BY_DJ_EVANSOISAKAGOON_FLAVOURCIZAUNCLE_WAFFLES.wav,2646078,114468758a27de21daf5a3d9f3bd97ddf2cde8eeb7877bff114ba73270f1b6d4,30.0,44100,1,VALID,
Amapiano,Global,Amapiano\Global\Amapiano\Romeo_Makota_-_AMAPIANO_MIX_2025_08_AUGUST_ROMEO_MAKOTA_500K_Subscribers_Appreciation_Mix.wav,2646078,c38aa64be5c4f5b0caf2a8b41cc2e693a46d6ce5941a039c78f5ce69efb99123,30.0,44100,1,VALID,
Amapiano,Global,Amapiano\Global\Amapiano\Romeo_Makota_-_AMAPIANO_MIX_2025_12_DECEMBER_2025_ROMEO_MAKOTA.wav,2646078,624f4c2846962ea512f56d8bf7debebf0d0611a29fee10af08043327ded8d017,30.0,44100,1,VALID,
Amapiano,Global,Amapiano\Global\Amapiano\Romeo_Makota_-_AMAPIANO_MIX_2025_25_JULY_ROMEO_MAKOTA.wav,2646078,a1e9982677a5fd4a28979948726c2bc227ae890032add9d50ab0b8257063a312,30.0,44100,1,VALID,
Amapiano,Global,Amapiano\Global\Amapiano\Romeo_Makota_-_AMAPIANO_MIX_2025_BEST_SELECTION_ROMEO_MAKOTA.wav,2646078,4d833335304449636b47eb773e565d5a3b84468aabb4b37f3968e08c765672d8,30.0,44100,1,VALID,
Amapiano,Global,Amapiano\Global\Amapiano\Romeo_Makota_-_AMAPIANO_MIX_SELECTED_OF_2023_ROMEO_MAKOTA.wav,2646078,b3e622b05c08d8c8db28419fb8516d5e4cad3cb3bf4d85966a3787cc76f77443,30.0,44100,1,VALID,
Amapiano,Global,Amapiano\Global\Amapiano\Sam_Deep_-_Shela_feat_Mano.wav,2646078,8219cb79d5183be434f65f0775f5b9090cdf19402361b970530e401958e81481,30.0,44100,1,VALID,
Amapiano,Global,Amapiano\Global\Amapiano\Scotts_Maphuma_-_SyaWaver_feat_Uncool_MC_Mluusician_Dlala_Regal_Shaun_Stylist.wav,2646078,fe291392b52469596e296080f8ade50fa0756c82bc30e240097d4e59de4fb7f8,30.0,44100,1,VALID,
Amapiano,Global,Amapiano\Global\Amapiano\Shakes_Les_-_HAMBA_NABO.wav,2646078,f904af55abee3a3e998a79c89a067b2eb85d923bbede92ab2b0dbfa05f98bea2,30.0,44100,1,VALID,
Amapiano,Global,Amapiano\Global\Amapiano\Shebeshxt_-_Rato_Laka_feat_Slidoo_Man.wav,2646078,6e19a6aa696d9b09646a61e55a6e73b1a8266253c3233b42948d58b158c576ac,30.0,44100,1,VALID,
Amapiano,Global,Amapiano\Global\Amapiano\STSE_Radio_-_Ultimate_Amapiano_Christmas_Playlist_with_lyrics_Smooth_Holiday_Lounge_Vibes.wav,2646078,842ffc87e575d17b125fe98cf4c068ff1db3c7739e1c96a431b49e2e41981322,30.0,44100,1,VALID,
Amapiano,Global,Amapiano\Global\Amapiano\SUPREMACY_SOUNDS_-_Amapiano_3_Step_Vibes_2025_Vol_4_Ngishutheni_Isaka_6_AM_Bengicela_More.wav,2646078,13466b4d91cd943ae20eb7857cf665085f737938f0dc7a978ea3abe4ad037196,30.0,44100,1,VALID,
Amapiano,Global,Amapiano\Global\Amapiano\SUPREMACY_SOUNDS_-_Amapiano_Vibes_2025_Vol_2_Ngibolekeni_Uyaphapha_Marn_Baphi_More.wav,2646078,b7d10d8d21b856af436efed4222f79c7c05d9c3bf72994f5e50dcd504cd55139,30.0,44100,1,VALID,
Amapiano,Global,Amapiano\Global\Amapiano\THE_DECKSIDE_SHOW_-_BEST_OF_AMAPIANO_2025_East_Africa_vs_South_Africa_Battle_Diamond_Marioo_Tyler_ICU_DJ_Avalon_254.wav,2646078,6b9c8e21f8f05b32c917d8eb61d3588905c0a138c1c9c91787c18ce940bbd5eb,30.0,44100,1,VALID,
Amapiano,Global,Amapiano\Global\Amapiano\TitoM_-_Tshwala_Bam_feat_SNE_EeQue.wav,2646078,268dfbdf4ba22de3ce2d660916968010545601b90b35bf7d96263965943406c6,30.0,44100,1,VALID,
Amapiano,Global,Amapiano\Global\Amapiano\TKM_EXTRA_-_Old_Amapiano_Mix_2019_Mixed_By_DJ_TKM_Ep_1.wav,2646078,a46d59d3bc157a51af23b64c263da681554cbbc6f72e337a6419b542b28504bf,30.0,44100,1,VALID,
Amapiano,Global,Amapiano\Global\Amapiano\Trending_Beats_Gallery_-_AMAPIANO_BEST_MIX_PARTY_202526_NEW_YEAR_CROSSOVER_MIX_BY_TRENDING_BEATS.wav,2646078,c56ca35f5053c98e2305eecbc4cd11d7fad9f709152b2ae9c20ed31d2421beba,30.0,44100,1,VALID,
Amapiano,Global,Amapiano\Global\Amapiano\Triviadownph_-_Top_10_Amapiano_Tracks_for_the_Hot_Summer_2025_TDT_Radio.wav,2646078,a641263f81cc172a5a88ade56bda82e1ebd199d57f3700baf65baed9e3d7971b,30.0,44100,1,VALID,
Amapiano,Global,Amapiano\Global\Amapiano\Tyler_ICU_-_Ceeka_RSA_Tyler_ICU_Jealousy_Australia_Tour_Lyric_Video_ft_Leemckrazy_Khalil_Harrison.wav,2646078,63e185304401cb6516f45d322dd59c25ceb9dff49b34fef81c14e9b43d8a4251,30.0,44100,1,VALID,
Amapiano,Global,Amapiano\Global\Amapiano\Uncle_Waffles_-_Zenzele_feat_Royal_MusiQ_Uncool_MC_Xduppy_CowBoii.wav,2646078,cc308cfd00ee8351d139ded3a92fcf6544245741c36bc497bc2b3e47b48ed5c9,30.0,44100,1,VALID,
Amapiano,Global,Amapiano\Global\Amapiano\Vibe_Music_-_Goya_Menor_Nektunez_Ameno_Amapiano_Remix_you_want_to_bamba_you_want_to_chill_with_the_big_boys.wav,2646078,5e8b417cb94cc1ddf5219702a718a7fcc733495880fbe8df8d6387c7f16d797c,30.0,44100,1,VALID,
Amapiano,Global,Amapiano\Global\Amapiano\Vidojean_X_Oliver_Loenn_-_The_Weeknd_Popular_Vidojean_X_Oliver_Loenn_Amapiano_Remix.wav,2646078,6233717df9b3178a1e023e31f2f432017dfb38bd36e62c8bed277cba1f64a711,30.0,44100,1,VALID,
Amapiano,Global,Amapiano\Global\Amapiano\YOMZANSI_-_Jade_T_HOUSE_OF_YMZ_Amapiano_Mix_2025.wav,2646078,4e8fb528501f28e7946df65e6dbbf839f25e7e2cb00a004a17ac406d927b73f4,30.0,44100,1,VALID,
Amapiano,Global,Amapiano\Global\Amapiano\YOMZANSI_-_Success_SA_HOUSE_OF_YMZ_Amapiano_Mix_2025.wav,2646078,891d4492e2774c17d105dd463a2660e4ae9dad43dfcc99dd420197a567be31c2,30.0,44100,1,VALID,
Amapiano,Global,Amapiano\Global\Amapiano\Young_Stunna_-_Adiwele_feat_Kabza_De_Small_DJ_Maphorisa.wav,2646078,1808e19af0cbc7dd59056f1bb0d6e53f35b29da91781c89abd9d40a603102820,30.0,44100,1,VALID,
Bollywood,India,Bollywood\India\Bollywood\9xmEra_-_Bollywood_Love_Rewind_Evergreen_Romantic_Songs_Collection.wav,2646078,efc6ca1bc7959815e9e68d435e43a12352118d818f0dcb78266c3b7a1b5bae1d,30.0,44100,1,VALID,
Bollywood,India,Bollywood\India\Bollywood\Aarushi_Sings_-_Full_Album_The_Best_Bollywood_Saiyaara_Teri_Meri_Kahani_Cover_Aarushi_Sings.wav,2646078,e8e874202ede5a029fd384664f6d7b41ccc90853fa21a1ffaa9fb167b5675b27,30.0,44100,1,VALID,
Bollywood,India,Bollywood\India\Bollywood\ADV_Creations_-_2010_2019_Bollywood_Party_Hits_Evolution_Of_2010s_Era_Party_Songs.wav,67290,34ca2e2560ba78d9516a413cf4a7fdfba6bb49fdf7b95713958e6234c8c55a4e,0.762,44100,1,VALID,
Bollywood,India,Bollywood\India\Bollywood\ADV_Creations_-_Instagram_Reels_Viral_Indian_Songs_2025_All_In_One_Trending_Viral_Songs_India_2025.wav,2646078,af3adc7c323783cf6cb7729cc8cde3c338d9386990e3d8beff923178d39ba722,30.0,44100,1,VALID,
Bollywood,India,Bollywood\India\Bollywood\ADV_Creations_-_Top_100_Bollywood_Dance_Songs_Of_All_Time_Bollywood_Party_Dance_Hits.wav,2646078,dda367c4149c6511d3ce51896d14426c61cb0680bf4793d6cd434c1f7d6cec56,30.0,44100,1,VALID,
Bollywood,India,Bollywood\India\Bollywood\Amit_Kumar_-_Bole_Chudiyan.wav,2646078,d568b4accdc027f29d299452fa457c823c03baa5d0bdc6f9a962d4f67d64e766,30.0,44100,1,VALID,
Bollywood,India,Bollywood\India\Bollywood\Anishas_Diary_-_90s_Love_Songs_Bollywood_Hindi_Romantic_Songs_90s_Evergreen_Songs_Evergreen_Bollywood_Hits.wav,2646078,7a18078764487ad410fcc667b1ff3edb911d187c562c19faf55be0c422bb02c4,30.0,44100,1,VALID,
Bollywood,India,Bollywood\India\Bollywood\Arijit_Singh_-_Aavan_Jaavan.wav,2646078,9caf45d667658a8f05b0e0722f2c24395b0bd796284837a889ee098c3bb4d924,30.0,44100,1,VALID,
Bollywood,India,Bollywood\India\Bollywood\BC_Childrens_Hospital_Foundation_-_Bollywood_Music_Video.wav,2646078,85673e673ed70f125f458c85be540eef8564fbcac76f0dee559fa64367b8666e,30.0,44100,1,VALID,
Bollywood,India,Bollywood\India\Bollywood\Bihari_carry_vlog_-_Saiyaara_Full_Song_Audio_Jukebox_InCinemas_Now_New_Music_Album_2025_New_Movie_Song.wav,2646078,399a3d13a9b756d9fec958d0e3c09019646bd590d57341413ff712986c0b3182,30.0,44100,1,VALID,
Bollywood,India,Bollywood\India\Bollywood\Bikram_Malati_-_Tere_Vaaste.wav,2646078,bdef0eefdd8e5d25de3731c364fa344f416c210444dc9b3b63eadcc523e5c990,30.0,44100,1,VALID,
Bollywood,India,Bollywood\India\Bollywood\BOLLY_DHUN_-_DIL_KI_AAWAZ_Soul_Full_Song_Best_Bollywood_Songs_Heart_Touching_Song_By_Bolly_Dhun_2025.wav,2646078,246e5c1ea0da95f4f97ecf23c7205077462cddb43ae17a6f98eb5c4e5d8c0a1f,30.0,44100,1,VALID,
Bollywood,India,Bollywood\India\Bollywood\Bollysongs_Destination_-_TOP_200_Dance_Hits_of_Bollywood_Of_All_Time_Bollywood_Dance_Songs.wav,2646078,3a1e94c14c472214ae774ac8d057a3c80d6e8218bf902ecd86ebaa85f515ffb0,30.0,44100,1,VALID,
Bollywood,India,Bollywood\India\Bollywood\Bollysongs_status_-_Top_100_Dance_Hits_Of_Bollywood_Of_All_Time_Bollywood_Dance_Songs_PART_1.wav,2646078,d0d0632c7268721635345cadd18404d2cf5fcc0ef39f041d74a3ab4a7c73814b,30.0,44100,1,VALID,
Bollywood,India,Bollywood\India\Bollywood\Bollywood_Chartbusters_-_LONG_DRIVE_Bollywood_Mix_Arijit_Singh_Full_Album_2_Hour_Nonstop_Apna_Bana_Le_Zaalima_More.wav,2646078,d7fc21880cb7e8ea3279ffd76011e5596b2af0dc0a19e13cb69f2cd75c2ce415,30.0,44100,1,VALID,
Bollywood,India,Bollywood\India\Bollywood\Bollywood_Classics_-_Best_of_SALMAN_KHAN_Songs_Superhit_Bollywood_Hindi_Movie_Songs_Collection.wav,2646078,2af4f8448d0fde8347434a3fcba61316f350610de2db1eefec5e6a6e2031b695,30.0,44100,1,VALID,
Bollywood,India,Bollywood\India\Bollywood\Bollywood_Classics_-_Bollywood_Queens_Popular_Hindi_Songs_90s_Bollywood_Heroines_Womens_Day_Special_Jukebox.wav,2646078,f8107f6ffd549f22bb0eabfc78f6d88b527d221244ecd2e2249d8d6e155f8059,30.0,44100,1,VALID,
Bollywood,India,Bollywood\India\Bollywood\Bollywood_Dhamaka_-_90s_Love_Songs_Bollywood_Evergreen_90s_Love_Songs_90s_Hits_Hindi_Songs_Audio_Jukebox.wav,2646078,6c79947216466a040e0c235291fa80d07201db0c3427426cdf3f41dbca6b4b65,30.0,44100,1,VALID,
Bollywood,India,Bollywood\India\Bollywood\Bollywood_Hits_-_Non_Stop_Bollywood_Party_Songs_Video_Jukebox_Dance_Songs_Party_Songs_Hindi_Party_On_My_Mind.wav,2646078,9b4fae60a36687e4bc1344a02c983da4191c388f1e070224ac6af8b8f756c6ff,30.0,44100,1,VALID,
Bollywood,India,Bollywood\India\Bollywood\Bollywood_Soulstrings_-_Hindi_Love_Songs_90s_Best_Bollywood_Romantic_Hits.wav,2646078,1b509654b30d021a24de0cf757fe04a71f725ef30be9c055e2e9337ad9d0facd,30.0,44100,1,VALID,
Bollywood,India,Bollywood\India\Bollywood\BollywoodRetroSur_-_Best_Bollywood_Love_Songs_of_the_90s_Timeless_Romantic_Classics.wav,2646078,4ca833cf6eac057693e1b8579f06ddf9249a8c7ceb095c0443e592c0acf0320e,30.0,44100,1,VALID,
Bollywood,India,Bollywood\India\Bollywood\Deep_Inside_-_BEST_BOLLYWOOD_INSTRUMENTAL_RELAXING_COLLECTION.wav,2646078,062a9b44a084c49390be0dbcda8fea5203cf2ff4820b0a1a82eec93a0772a8e8,30.0,44100,1,VALID,
Bollywood,India,Bollywood\India\Bollywood\DilSeRetroMelody_-_90s_Old_Hindi_Songs_Best_Bollywood_Romantic_Love_Songs_Collection.wav,2646078,fc674826aa893d9f5cd0c22fbcbf32f262b08415d3f8a560ac4eb0f9ed36f6d8,30.0,44100,1,VALID,
Bollywood,India,Bollywood\India\Bollywood\DJ_Arjun_Official_-_BEST_Bollywood_Techno_Party_DJ_Arjun_Live_Set_Sunday_Groove_EP_24_MASHUP_2025_BEST_TECHNO.wav,2646078,548fd4350ddce5108f0281cda5bccee47212739ff44ddb0706629b00b0dba7ea,30.0,44100,1,VALID,
Bollywood,India,Bollywood\India\Bollywood\DJ_NYK_-_DJ_NYK_Bollywood_Sunset_Mix_Italy_at_Vernazza_Cinque_Terre_2023.wav,2646078,7fb4be308d35332fd45535a0de08f7084ec91d6256ab05bfd3e18d836ae04166,30.0,44100,1,VALID,
Bollywood,India,Bollywood\India\Bollywood\DJ_RAV_UK_-_Bollywood_Mashup_2025_Bollywood_Songs_2025_Bollywood_Original_Songs_Bollywood_Mix_2025.wav,2646078,ce9616b7629abfa1de11a4077602fea23869778058f658ac19eeec4b45ba38c5,30.0,44100,1,VALID,
Bollywood,India,Bollywood\India\Bollywood\DJ_RAV_UK_-_Bollywood_Original_Songs_Mashup_2024_Bollywood_Mashup_2024_Bollywood_Mix_2024_Bollywood_Songs.wav,2646078,3cf4b62cef5f4841cd3590c993904b667f6f44dbae614cc094b2a51d3ca449cb,30.0,44100,1,VALID,
Bollywood,India,Bollywood\India\Bollywood\DJ_Rhythm_Vibes_-_Best_Bollywood_Item_Songs_Hindi_Party_Dance_Hits_Video_Jukebox.wav,2646078,a0f5054afa9f032f54c2cfe308ae72853509dccb25b017cec848363e93bcf2d9,30.0,44100,1,VALID,
Bollywood,India,Bollywood\India\Bollywood\DJ_Ryo_-_Old_Indian_Mix_Old_Is_Gold.wav,2646078,dcc35d3158678d509b1f9c1899f16f6fc5a07cf26148e128c6f5dfa1fe65b0e6,30.0,44100,1,VALID,
Bollywood,India,Bollywood\India\Bollywood\EFE_BONANZA_3_-_Top_5_Remake_Songs_That_Beat_the_Original_Versions_shorts_explore_trendingnow.wav,282330,a8176b5fc0d7a5b7813f197c7b7b4c46fbbfaba876d56d52afdbc5b39ee9afe6,3.2,44100,1,VALID,
Bollywood,India,Bollywood\India\Bollywood\Ekram_Pradhan_-_Koi_Aur_Nahi.wav,2646078,46319c3a949c0b230c0034f461965862da1edadfce954aca71a946440af16714,30.0,44100,1,VALID,
Bollywood,India,Bollywood\India\Bollywood\Faheem_Abdullah_-_Saiyaara.wav,2646078,4f5993b4ce0bb53439bd58e70d3c66ae0403db657382c67651903b136bcf3065,30.0,44100,1,VALID,
Bollywood,India,Bollywood\India\Bollywood\Feel_Arijit_Songs_-_Romantic_Love_Songs_Best_Bollywood_Audio_Jukebox_Heart_Touching_Hits_2025.wav,2646078,ae94db8ab7a92b8545c7d01fe553fa17771776ba18b5d2a88533bd9d05a7cfff,30.0,44100,1,VALID,
Bollywood,India,Bollywood\India\Bollywood\Freakin_Music_Entertainment_-_The_Bads_of_Bollywood_Song_Aryan_Khan_Shahrukh_Khan_Rasha_Thadani_Bobby_Deol_Web_Series_2025.wav,78,41251324b17e82e30b80a2b88139067f37929a91a47919687179e6f58ec29cc4,0.0,44100,1,VALID,
Bollywood,India,Bollywood\India\Bollywood\Gillz_Guitar_-_Hits_of_Lata_Mangeshkar_music_instrumental_india_hindisong_bollywoodmusic_latamangeshkar.wav,2646078,af7fbe8ee633ea720d59e2120dacbbe00ea484bdceddca6d3d2fbfb75a6972d3,30.0,44100,1,VALID,
Bollywood,India,Bollywood\India\Bollywood\Grow_Music_-_New_Popular_Songs_Top_Trending_Romantic_Songs_New_Songs_2025_Latest_Hindi_Love_Songs_Jukebox.wav,2646078,b73dadfc300db61a682785c1fa0c0c2485df1bcf74e4e8d54422999fe13395ad,30.0,44100,1,VALID,
Bollywood,India,Bollywood\India\Bollywood\Gulap_Rwt_-_Jubin_Nautiyal_All_Time_Best_Bollywood_Songs_Superhit_Romantic_Love_Song.wav,2646078,a7e0ca2084e79ead746b082c83b83dca21f102aaf960c0f2c7554576fda29074,30.0,44100,1,VALID,
Bollywood,India,Bollywood\India\Bollywood\Hero_And_King_Of_Jhankar_Studio_-_O_Mere_Dil_Ke_Chain_Jhankar_Beats.wav,2646078,07a450f4730f2f7cf23bf659bef949e2c4939b851b42d8796a0bcb54de46314b,30.0,44100,1,VALID,
Bollywood,India,Bollywood\India\Bollywood\Hindi_Bollywood_Romantic_Songs_-_The_Love_Mashup_2020_Best_Of_Bollywood_Mashup_Songs_Mashup_SongsNew_Hindi_Song.wav,2646078,d72091a0682e8a239c73800462fb99a141d4e431c1a644861852620f5333b1c1,30.0,44100,1,VALID,
Bollywood,India,Bollywood\India\Bollywood\HINDI_FUSION_WAVES_-_New_Hindi_Songs_2025_Best_Bollywood_Romantic_Hits_Arijit_Singh_Jubin_Nautiyal_Atif_Aslam.wav,2646078,1188abfa5eff6145e47e1c1df09c46bc2d6bc3248420f2f7cf43038139039adc,30.0,44100,1,VALID,
Bollywood,India,Bollywood\India\Bollywood\HINDI_FUSION_WAVES_-_New_Hindi_Songs_2025_Best_of_Arijit_Singh_Jubin_Nautiyal_Atif_Aslam_Darshan_Raval.wav,2646078,22cb9d37a62972305c2ae576c2b27be8a5c2a4a0d456c35d30eff26fdf56acbe,30.0,44100,1,VALID,
Bollywood,India,Bollywood\India\Bollywood\Hindi_Love_Vibes_-_New_Hindi_Songs_2025_Best_Bollywood_Romantic_Love_Songs_Hindi_Love_Vibes.wav,2646078,76349f13b68ad9d17b0121f1798c89118627c13e8a49777192172e0022e1633c,30.0,44100,1,VALID,
Bollywood,India,Bollywood\India\Bollywood\Hits_Of_Anu_Malik_-_Bollywood_Party_Mix_2024_Dance_Songs_Party_Songs_Hindi_New_Year_Party_Songs_Video_Jukebox.wav,2646078,9b4fae60a36687e4bc1344a02c983da4191c388f1e070224ac6af8b8f756c6ff,30.0,44100,1,VALID,
Bollywood,India,Bollywood\India\Bollywood\Itz_dhruv_-_Lag_Ja_Gale_Se_Phir_Lofi.wav,2646078,4b6c42f5dc2b5059524ffad9c928e2ea89b5401b4144aee875447642d3b8d243,30.0,44100,1,VALID,
Bollywood,India,Bollywood\India\Bollywood\Jasmin_Walia_-_T_Series_Top_15_Most_Searched_Bollywood_Songs_2018_Video_Jukebox.wav,2646078,2722c88f382a299c18f3d3abb61d52c0074b4f8f406a49692e70646d5ae84793,30.0,44100,1,VALID,
Bollywood,India,Bollywood\India\Bollywood\Jonita_Gandhi_Umesh_Verma_Arijit_Singh_-_What_Jhumka_Remix.wav,2646078,6ae0bda66eb000b0923b30ef2f9342795b0e6f997488adea7efe56797dc5a98e,30.0,44100,1,VALID,
Bollywood,India,Bollywood\India\Bollywood\Karan_Aujla_-_Tauba_Tauba.wav,2646078,ac5e0ce9ffa800d8084425d88e7a54836575b3637b531e6597e7a0606f6daf8b,30.0,44100,1,VALID,
Bollywood,India,Bollywood\India\Bollywood\Kavita_Krishnamurthy_-_Dola_Re_Dola_Re.wav,2646078,b66ee629f488fc374e512dbf1050e928a67c6e6a07f39ae8b6ec7163a30787fd,30.0,44100,1,VALID,
Bollywood,India,Bollywood\India\Bollywood\Komal_Sikka_-_Top_5_Bollywood_Hits_Of_Each_Year_2000_2009.wav,2646078,17a67e9079ed84d31efebdb4f058ba33326701c815b7f2126cf0311d57590fb5,30.0,44100,1,VALID,
Bollywood,India,Bollywood\India\Bollywood\Love_king_-_New_Song_2025_Best_Bollywood_Song_Romantic_Song_Love_Song_Romantic_Song_Heart_Touching_Song.wav,2646078,930d92412e895bd9426e922c92304360b4707890e94041a7546488a756ef194d,30.0,44100,1,VALID,
Bollywood,India,Bollywood\India\Bollywood\Manan_mp3_-_Best_Of_Arijit_Singh_Arijit_Singh_hits_song_30min_of_NonStop_Bollywood_Sad_Songs_SlowedReverb.wav,2646078,3429e94f6d3c731ed7a7ad82171d53b11171131ccc29781b0653033c9f64a803,30.0,44100,1,VALID,
Bollywood,India,Bollywood\India\Bollywood\Mandeep_Dildaar_-_90S_Old_Hindi_Songs_90s_Love_Song_Udit_Narayan_Alka_Yagnik_Kumar_Sanu_Sonu_Nigam.wav,2646078,00315a02dbd521bc1541049dc6ed0d7609cbeaa77bd679dbfb81223c7af36eed,30.0,44100,1,VALID,
Bollywood,India,Bollywood\India\Bollywood\MLOBD_-_Udit_Narayan_Top_10_Super_hit_Songs_Most_Popular.wav,11994,7573e798ad1c0438c7c55e8059eb4995087f7ab0dba3bcf2dfc6e27a77ce444a,0.135,44100,1,VALID,
Bollywood,India,Bollywood\India\Bollywood\Ollywood_Music_-_Hey_Jagare_Full_Video_OdiaJagannath_Bhajan_SatyaChiku_Rahul_Sourav_Bharadwaj_ManojMK_I.wav,2646078,d409d00cd0fce78ba92d6fcc0c5d72218a5677c6ef4d4e9787c89d60e104686a,30.0,44100,1,VALID,
Bollywood,India,Bollywood\India\Bollywood\Remix_By_AD7_-_Best_Romantic_Bollywood_Hits_Heart_Touching_Love_Song_Playlist.wav,2646078,980fb03dcba925dc4ecc9eea1b10cb75ad85123d8ac4c418619a1255289d175a,30.0,44100,1,VALID,
Bollywood,India,Bollywood\India\Bollywood\Remix_By_AD7_-_Best_Romantic_Bollywood_Songs_Heart_Touching_True_Love_Hits.wav,2646078,8b640e03f83850a6f368a04e7885088ed7c9494cd5775900b3b10d04b2bc6694,30.0,44100,1,VALID,
Bollywood,India,Bollywood\India\Bollywood\Romance_Sur_-_Best_Romantic_Bollywood_Songs_Heart_Touching_True_Love_Hits_2026.wav,2646078,dbce59d52ea42d83c3f4fe6d72d3b6770295a279cee9d719b1e7922063a50474,30.0,44100,1,VALID,
Bollywood,India,Bollywood\India\Bollywood\Romantic_Gaane_-_NON_STOP_Old_Hindi_Songs_Playlist_Lata_Mangeshkar_Kishore_Kumar_Mohd_Rafi_Mukesh_Asha_Bhosle.wav,2646078,4d1b69c4f97852d75389b846ac0343f3a38d945e5a304b89c89121634706689d,30.0,44100,1,VALID,
Bollywood,India,Bollywood\India\Bollywood\Sanam_Creates_-_Top_100_Best_Bollywood_Songs_19901999_10_Songs_Per_Year.wav,2646078,d996a3acc96d6ea366b4cadcf6a459d242b2e2dabfbfbcb068d9c249a7b6f27f,30.0,44100,1,VALID,
Bollywood,India,Bollywood\India\Bollywood\Sanam_Creates_-_Top_100_Best_Bollywood_Songs_20002009_10_Songs_Per_Year.wav,2646078,c3b88c17b0bc994e16cf2dbb73c54ef497582cc1d984eeff5c450247bcf6bfd7,30.0,44100,1,VALID,
Bollywood,India,Bollywood\India\Bollywood\Sanam_Verse_-_Best_of_Bollywood_1990_2024_5_Songs_Per_Year_Sanam_Verse.wav,2646078,142cb2fd2d3447081df2ff050b31bb0c40956afd00fb1792e2b9e7986f508951,30.0,44100,1,VALID,
Bollywood,India,Bollywood\India\Bollywood\Sanam_Verse_-_Best_of_Bollywood_1990_2024_Part_2_5_Songs_Per_Year_Sanam_Verse.wav,2646078,b3a2f56793900ae6404cda0296dead020289030d671eab00c2a63c8af28b3841,30.0,44100,1,VALID,
Bollywood,India,Bollywood\India\Bollywood\SangeetVerse_-_BBCs_Top_100_Greatest_Bollywood_Songs_of_All_Time_1940_2010.wav,2646078,ae7776d73750aa8c7560f1a252972d17843799f0339698c15e2d6d1f58cf8b17,30.0,44100,1,VALID,
Bollywood,India,Bollywood\India\Bollywood\SangeetVerse_-_These_Bollywood_Songs_Instant_Dance_Mode.wav,6874,a9b75a70fcd1e5273985a22bc7e7a6fc66d2ce600fb7745cb347b2c7848f455a,0.077,44100,1,VALID,
Bollywood,India,Bollywood\India\Bollywood\Shaan_Subhro_Ganguly_Jyotica_Tangri_-_100M_Blockbusters_Video_Jukebox_Aaj_Ki_Raat_Tauba_Tauba_Aayi_Nai_Morni_Paani_Paani.wav,2646078,5aafe626a4c44d3c94566f3ee805d81068d55857c340bb7024b5d37896c0d416,30.0,44100,1,VALID,
Bollywood,India,Bollywood\India\Bollywood\Shido_Lofi_-_POV_Its_9XM_Wali_Subah_2010s_Bollywood_Playlist.wav,2646078,a2f0dcfafd360d5b93d530437cec73909ccd881b4fbf61e6cf5377439a3ef763,30.0,44100,1,VALID,
Bollywood,India,Bollywood\India\Bollywood\Shilpa_Rao_-_Ghafoor.wav,2646078,1882fda314c37da1e8bc5645f78105a14794cf8ee2d7793bdf3d373b26913197,30.0,44100,1,VALID,
Bollywood,India,Bollywood\India\Bollywood\Sid_Guldekar_-_9XM_Wali_Subah_Mashup_Sid_Guldekar_Best_of_2000s_2010s_Bollywood_Songs_Nonstop_Jukebox.wav,2646078,5fb4aeab1dd3f19eceffdc16c7ee009393315fbdf97e7332e0158dcff95c266b,30.0,44100,1,VALID,
Bollywood,India,Bollywood\India\Bollywood\Sonu_Nigam_-_Bijuria.wav,2646078,6d3a38d6dcdd6d630d93e473a7b17e5b1f416abdfed10c798d817f1900fb276b,30.0,44100,1,VALID,
Bollywood,India,Bollywood\India\Bollywood\Sonu_Nigam_-_Pardesiya.wav,2646078,4c1c40fe06d60c8f6901f2117058af6efd527671f0a70a891a1654d2e40e08ae,30.0,44100,1,VALID,
Bollywood,India,Bollywood\India\Bollywood\Sony_Music_India_-_2000s_Dance_Hits_Best_of_Bollywood_Dance_Songs_Evergreen_Bollywood_Songs.wav,2646078,981bb783a475cdbf32a633577ebd6f473028708a598a928fcb6a271c25a877e4,30.0,44100,1,VALID,
Bollywood,India,Bollywood\India\Bollywood\Sony_Music_India_-_Best_of_Bollywood_Dance_Bangers_All_Time_Superhit_Party_Songs_Dance_Hits_2025.wav,2646078,f56126f1d79ff86dd6971be78b4ce5577a7bfee295a65a101defee5e4720fa76,30.0,44100,1,VALID,
Bollywood,India,Bollywood\India\Bollywood\Sony_Music_India_-_Bollywood_Dance_Hits_Chikni_Chameli_Radha_Nadiyon_Paar_Dance_Basanti_Best_Party_Songs.wav,2646078,669eedb33791957460a6d647279dee2430e99dc052c692f62e361d92b30cf838,30.0,44100,1,VALID,
Bollywood,India,Bollywood\India\Bollywood\Sony_Music_India_-_Bollywood_Nostalgic_Hit_Songs_Bollywood_Love_Songs_2000s_Best_Songs_Evergreen_Hindi_Songs.wav,2646078,bf2b0fa0cae49a2bbfc611616a82a05567f78b7f70ef7341bb849c522404b924,30.0,44100,1,VALID,
Bollywood,India,Bollywood\India\Bollywood\Sony_Music_India_-_Feel_Good_Hindi_Songs_Audio_Jukebox_Tere_Bina_Bahara_Hawayein_Evergreen_Feel_Good_Hits.wav,2646078,c45f1818c104fe4ba399c87c7ddc2c569453e30688166dc5d2520c6da20060cc,30.0,44100,1,VALID,
Bollywood,India,Bollywood\India\Bollywood\Sony_Music_India_-_Malhari_Full_Video_Song_Bajirao_Mastani_Ranveer_Singh_Vishal_Dadlani_Sanjay_Leela_Bhansali.wav,2646078,7637ab3eb82485722a2e56f6c110ad8738beb1a552a17601d835cd2e1ab24483,30.0,44100,1,VALID,
Bollywood,India,Bollywood\India\Bollywood\Sony_Music_India_-_Soulful_Evergreen_Melodies_Best_of_Bollywood_Love_Songs_Audio_Jukebox.wav,2646078,9e81abb2f2e60bccb1c65c78d2435a9e8b25443850523e471f44358f6bb89d10,30.0,44100,1,VALID,
Bollywood,India,Bollywood\India\Bollywood\Sony_Music_India_-_Top_10_Bollywood_Hit_Songs_Ultimate_Video_Jukebox.wav,2646078,04facb3a03e8354c15d736caaebef153693084a5b39961e5afed791db6e79230,30.0,44100,1,VALID,
Bollywood,India,Bollywood\India\Bollywood\Sony_Music_India_-_TOP_20_ICONIC_Bollywood_Songs_2_Hours_NonStop_Best_Hindi_Love_Songs_Romantic_Hindi_Hits.wav,2646078,ac756e48b53a5d5db1eae2292a39a3ac9d2e950ede95e88b0a3ed831bb4f52b2,30.0,44100,1,VALID,
Bollywood,India,Bollywood\India\Bollywood\Sony_Music_India_-_Top_30_Romantic_Hindi_Songs_Audio_Jukebox_Bollywood_Love_Songs_Evergreen_Melodies.wav,2646078,ac8c260a8eb7ad4870bebe8f2a6fdad59f79b0865897a4b861ea0c4042e4dde3,30.0,44100,1,VALID,
Bollywood,India,Bollywood\India\Bollywood\southattitude3_-_Popular_Bollywood_singers_without_a_Who_sang_Batter_Ja_Ranjhan_Parampara_Thakur_Krish_Mondal.wav,2646078,0e74fa1e28a250481fb292d8e2b9389c2b303b3f1ccb58c4c77047bdb3f890ea,30.0,44100,1,VALID,
Bollywood,India,Bollywood\India\Bollywood\Strumm_Sound_-_Mood_Music_20_Soft_Bollywood_Instrumentals_Jukebox_I_Hindi_Romantic_Song_Instrumental.wav,2646078,aedb0a31596b3a3f66ffa6a455f91a5563fc353872150f02bf072a3cb5a2e58c,30.0,44100,1,VALID,
Bollywood,India,Bollywood\India\Bollywood\Sunix_Thakor_-_2000S_Bollywood_Party_Mashup_DJ_Bhav_London_Sunix_Thakor_Bollywood_Dance_Mashup.wav,2646078,37822a137333ecefcd3bb366668b7354c973c1889a9fce783a3c36b62199068e,30.0,44100,1,VALID,
Bollywood,India,Bollywood\India\Bollywood\Sur_Sagara_-_Best_Emraan_Hashmi_Songs_Best_of_Emraan_Hashmi_Songs_bollywood_romantic_songs_Melody_songs.wav,2646078,5f43513ba5e0f5143bd873d9a90feba9993ff0991852929785a49f5c5d9a416b,30.0,44100,1,VALID,
Bollywood,India,Bollywood\India\Bollywood\SurTaal_Music_-_Bollywood_Unwind_Best_Collection_of_Hit_Hindi_Songs.wav,2646078,913f315e2f048ee1a884f8eea826c244da27ef91a2088ed0025b63622ccee947,30.0,44100,1,VALID,
Bollywood,India,Bollywood\India\Bollywood\Syam_Guptta_-_Top_5_Remake_Songs_Original__Remake__Most_famous_Remake_Songs_explore.wav,349914,0b4acfe5bc71d52d928914b3105ee270c385894e8c1278f3cf00b47a18b01fc0,3.966,44100,1,VALID,
Bollywood,India,Bollywood\India\Bollywood\T_Series_-_Best_Mashups_of_Bollywood_Aashiqui_2_Mashup_Ek_Villain_Mashup_Best_Mashup_2014.wav,2646078,aa6059a00688e4056f03fafc63e2d75cbc1814d739d21d87406afd03204949ad,30.0,44100,1,VALID,
Bollywood,India,Bollywood\India\Bollywood\T_Series_-_Bollywood_Dance_Hits_Video_Jukebox_Non_Stop_Party_Songs_Bollywood_Dance_Songs_T_Series.wav,2646078,490b0f9667b6fb656ff50f7b6ba97e9719df782c02919d84b9840d41f632832f,30.0,44100,1,VALID,
Bollywood,India,Bollywood\India\Bollywood\T_Series_-_Evergreen_Hits_of_KK_Audio_Jukebox_Remembering_the_Golden_Voice_T_Series_Bhushan_Kumar.wav,2646078,c33736e623365573ec37015b035289c45d04cf0013a4e40586a9ad5bafcbc6a7,30.0,44100,1,VALID,
Bollywood,India,Bollywood\India\Bollywood\T_Series_-_Most_Romantic_Songs_Of_Bollywood_2013_Hindi_Valentine_Jukebox_Top_Romantic_Tracks.wav,2646078,8ecf46efe457bb35130ec6ba1d9ba9024fa9a61fe93995962b8d73cb363566df,30.0,44100,1,VALID,
Bollywood,India,Bollywood\India\Bollywood\T_Series_-_NON_STOP_SUPER_HIT_BOLLYWOOD_SONGS_VIDEO_JUKEBOX_ARIJIT_SINGH_YO_YO_HONEY_SINGH_BADSHAH.wav,2646078,dc57a52334f184e12de206de7cb9870ac49c644d1d2df3299e912e27324af2c5,30.0,44100,1,VALID,
Bollywood,India,Bollywood\India\Bollywood\T_Series_-_OFFICIAL_Best_ITEM_SONGS_of_Bollywood_Devil_Song_Ghagra_Fevicol.wav,2646078,565bfd97c1138b410913c4655b95bea70a189447b9c7c03d065b3497550255c0,30.0,44100,1,VALID,
Bollywood,India,Bollywood\India\Bollywood\T_Series_-_OFFICIAL_Best_Soothing_Songs_of_Bollywood_Soothing_Music.wav,2646078,be808b913b6bf90f11ce422e2867dd44a827df5b245b1855d7945f63d8351821,30.0,44100,1,VALID,
Bollywood,India,Bollywood\India\Bollywood\T_Series_-_THE_BOLLYWOOD_DANCE_PARTY_2025_NONSTOP_2_HOUR_JUKEBOX_DIWALI_DHAMAKA_2025.wav,2646078,eb695bb6a6f788d79dc030482ccfb18da9a4473f5f6acd95b5c8673444becb26,30.0,44100,1,VALID,
Bollywood,India,Bollywood\India\Bollywood\T_Series_Bollywood_Classics_-_2000s_Best_Bollywood_Dance_Tracks_Audio_Jukebox_Bollywood_2000s_Hindi_Songs_2000_to_2010.wav,2646078,0051f2cf3b8b9c88d4f2cfc56fcc437767cb0672312867b4a941b4ba168abd6f,30.0,44100,1,VALID,
Bollywood,India,Bollywood\India\Bollywood\Tech_Youtube_India_-_Audio_Jukebox_Instrumental_Hindi_Songs_30_Soulful_Melodies_Flute_Version_Sujit_DJ_and_music.wav,2646078,260976dd78103f889261335eeec2d28980c225d2b43e611f4091f11515fe138d,30.0,44100,1,VALID,
Bollywood,India,Bollywood\India\Bollywood\Timeless_Tunes_-_Forever_Love_Mix_Bollywood_Romantic_Lofi_Songs_1_Hour_Chill_Relaxing_Playlist_Lofi_Mashup.wav,2646078,8c6ce8c489bd47790dbccbba9b13da0eaccdc7f46d0025588735333baa6e5b8e,30.0,44100,1,VALID,
Bollywood,India,Bollywood\India\Bollywood\Timeless_Tunes_-_Nonstop_House_Party_Mix_2025_3_hours_nonstop_Taras_Kala_Chashma_Sauda_Khara_Khara_More.wav,2646078,ed0d74bc15c52a5592f05e2b4557842fb45b652325b911ed25eb398119dcb865,30.0,44100,1,VALID,
Bollywood,India,Bollywood\India\Bollywood\Timeless_Tunes_-_Weekend_Vibes_40_Min_Non_Stop_Hits_Tu_Meri_Bang_Bang_Kho_Gaye_Hum_Kahan_Kala_Chashma_More.wav,2646078,0ac55ff9319a73adb3d1e97c6094830bbc770c2afb42b2193ed265753cf662f7,30.0,44100,1,VALID,
Bollywood,India,Bollywood\India\Bollywood\Tips_Official_-_90s_Hits_Hindi_Songs_Hindi_Gana_Sadabahar_Hindi_Gane_90s_Hindi_Love_Songs_Old_Songs_Jukebox.wav,2646078,43f136d26d8c366e2b8a83134f49d4857fae7f3d569a8fdc5323637c2a5789ed,30.0,44100,1,VALID,
Bollywood,India,Bollywood\India\Bollywood\Tips_Official_-_90s_Love_Songs_Bollywood_Evergreen_90s_Love_Songs_90s_Hits_Hindi_Songs_Old_Songs_Jukebox.wav,2646078,29bad01f7e947b8d69e9b2a271c62814b34123328a3ad7d067e699e74dd5a98b,30.0,44100,1,VALID,
Bollywood,India,Bollywood\India\Bollywood\Tips_Official_-_Best_of_90s_Bollywood_Hits_Audio_Jukebox_Hindi_Romantic_Songs_90s_Hindi_Gaane_90s_Hits.wav,2646078,8ed0518ae598d626e2b37c34d1020477b39624bec9863478ad49dd5188a778be,30.0,44100,1,VALID,
Bollywood,India,Bollywood\India\Bollywood\Tips_Official_-_Best_Of_90s_Hits_Hindi_Songs_Collection_90s_Evergreen_Songs_Hindi_Love_Songs_Jukebox.wav,2646078,3c39504c76364c3787d93be5810f67c3aad7a174832061dc4e7449242b634e36,30.0,44100,1,VALID,
Bollywood,India,Bollywood\India\Bollywood\Tips_Official_-_Bollywood_90s_Romantic_Songs_Video_Jukebox_Hindi_Love_Songs_Tips_Official_90s_Hits.wav,2646078,afa9ee9b77d19f4ae9eb0d17d49b89302310ee18d182bcaf3dd1c13779de890b,30.0,44100,1,VALID,
Bollywood,India,Bollywood\India\Bollywood\Tips_Official_-_Bollywood_Love_Songs_Bollywood_Romantic_Songs_2000s_Hindi_Hits_90s_Hindi_Songs_Video_Jukebox.wav,2646078,5640465a85a94b4bd9adf7e776e6a76c1cd3c0429a3b4d9abc2531cdaa827158,30.0,44100,1,VALID,
Bollywood,India,Bollywood\India\Bollywood\Tips_Official_-_Bollywood_New_Hit_Songs_Hindi_Songs_Bollywood_Romantic_Songs_Video_Jukebox_Latest_Hindi_Songs.wav,2646078,bd34315014bdd7a328859046c56edfee55aa5855626b171e033c8067575fb9cf,30.0,44100,1,VALID,
Bollywood,India,Bollywood\India\Bollywood\Tips_Official_-_Bollywood_Party_Mix_2026_Dance_Songs_Non_Stop_Party_Songs_Party_Songs_Playlist_Hindi_Songs.wav,2646078,97370b3b49aa6229a9691009200193fa364029cca615ea78ea7d08d1f0b6a2bd,30.0,44100,1,VALID,
Bollywood,India,Bollywood\India\Bollywood\Tips_Official_-_Bollywood_Party_Songs_Playlist_Dance_Hits_Non_Stop_Party_Songs_New_Year_Party_Songs_2026.wav,2646078,549f5230b164c03e7fd0ee29bc97e77074eb3916f201b2a04308e841fa71bd85,30.0,44100,1,VALID,
Bollywood,India,Bollywood\India\Bollywood\Tips_Official_-_Non_Stop_90s_Hits_Evergreen_Romantic_Hits_90s_Hits_Hindi_Songs_90s_Love_Songs_Jukebox.wav,2646078,c0e2ee4bd71e37c2ff29090ad2f43a341475bc77a269201c911127ed94fd0abd,30.0,44100,1,VALID,
Bollywood,India,Bollywood\India\Bollywood\Utkarsh_Patel_-_2021_Best_Bollywood_Indian_Wedding_Dance_Performance_Coca_Cola_Bole_Chudiyan_O_Saki_Sakhi.wav,2646078,99dd46a0914e9273c6429483a1f3b48d251055e3a1391e437747a3690d9eb709,30.0,44100,1,VALID,
Bollywood,India,Bollywood\India\Bollywood\Utkarsh_Patel_-_2021_Best_Bollywood_Indian_Wedding_Dance_Performance_Sauda_Khara_Khara_Coca_Cola_Sweetheart.wav,2646078,555b623b5ae642e07c7bb9e351dcf26d6616a263362cede275447f3697104cad,30.0,44100,1,VALID,
Bollywood,India,Bollywood\India\Bollywood\Utsav_Unfiltered_-_Best_of_2000s_Bollywood_Songs.wav,2646078,8bba45aac87a4dfb6282542fd33417f06de32a8dcb1e52015bec0f5737474918,30.0,44100,1,VALID,
Bollywood,India,Bollywood\India\Bollywood\VDj_Royal_-_Best_of_2025_Bollywood_Romantic_Mashups_YEAR_END_SPECIAL_VDj_Royal.wav,2646078,f33bc00a1560079c7eed07aadc52903b19263d9c6f633c6ffb8f107e7ec7bd37,30.0,44100,1,VALID,
Bollywood,India,Bollywood\India\Bollywood\VDj_Royal_-_Best_of_2025_Love_Songs_Mashups_Part_3_Romantic_Hits_Nonstop_Jukebox_Dvj_Sahil_VDj_Royal.wav,2646078,e557a814090487dc0802604dd7d830b92dd60c7367ae8a53b2e94c23fc17eef0,30.0,44100,1,VALID,
Bollywood,India,Bollywood\India\Bollywood\VDj_Royal_-_Long_Road_Trip_Love_Mashup_Jukebox_Long_Drive_Songs_Nonstop_VDj_Royal.wav,2646078,76b6d8d514fea16bd9cec3f289d6b67897c8ea0110d6967133c4e04851faa771,30.0,44100,1,VALID,
Bollywood,India,Bollywood\India\Bollywood\Yo_Yo_Honey_Singh_-_Laal_Pari.wav,2646078,62449208ca20fded4596b3e8b82e1ae6d21f669b3a81d0332e0146d3c9a7bb22,30.0,44100,1,VALID,
Bollywood,India,Bollywood\India\Bollywood\YRF_-_Top_Bollywood_Dance_Bangers_Best_Hindi_Dance_Hits_Best_Bollywood_Party_Songs_Of_All_Time.wav,2646078,0a5491cc4bbc996da44161e3698eed086e850db00d661708ca85bcf4d33c5757,30.0,44100,1,VALID,
Bollywood,India,Bollywood\India\Bollywood\YRF_Music_-_2000s_Bollywood_Dance_Hits_Audio_Jukebox_Bollywood_2000s_Hindi_Songs_2000_to_2010.wav,2646078,d06de77d976f7b9e00f15aa6ae66b8ab192cb862dac4bee072df8c6b88a7d680,30.0,44100,1,VALID,
Bollywood,India,Bollywood\India\Bollywood\YRF_Music_-_2000s_Bollywood_Hits_Audio_Jukebox_Best_Bollywood_Songs_2000_to_2010_Songs.wav,2646078,a50266210372d12560211fbd0f4fcc11911c3ab0d970649c9c251a36658f69fe,30.0,44100,1,VALID,
Bollywood,India,Bollywood\India\Bollywood\YRF_Music_-_2000s_Bollywood_Nostalgia_Audio_Jukebox_Best_of_2000s_Bollywood_Songs_2000_to_2010_Songs.wav,2646078,c25608d2b8c860d68a0d957615915e4ff3760f9cad476466526bfcb778ee894b,30.0,44100,1,VALID,
Bollywood,India,Bollywood\India\Bollywood\YRF_Music_-_All_Time_Hits_of_Sunidhi_Chauhan_Audio_Jukebox_Top_Bollywood_Songs_Best_of_Sunidhi_Chauhan.wav,2646078,ed0366f6de3f7ad4e05181e200406bd08b9f79b4bf81718c1b14ed6863f58ede,30.0,44100,1,VALID,
Bollywood,India,Bollywood\India\Bollywood\YRF_Music_-_Feel_Good_Hindi_Songs_Audio_Jukebox_Upbeat_Bollywood_Songs.wav,2646078,6b9bebac51fb5e71149a2a7d069d402b4de87521525fe06a984e6be15fcd2bc4,30.0,44100,1,VALID,
Bollywood,India,Bollywood\India\Bollywood\YRF_Music_-_Get_Ready_With_Me_Playlist_Audio_Jukebox_Upbeat_Bollywood_Hits_Popular_Songs.wav,2646078,3dbc5556a493b515fdbbc9472ebffcf68d40d12ec0f341ddad86331226ae43ae,30.0,44100,1,VALID,
Bollywood,India,Bollywood\India\Bollywood\YRF_Music_-_GOAT_Dance_Hits_Audio_Jukebox_Best_Dance_Songs_Bollywood_Dance_Hits.wav,2646078,9bc778c930e110e66ffae29c5ed73cb1ba64f72bb1c867e944685c66ad12496f,30.0,44100,1,VALID,
Bollywood,India,Bollywood\India\Bollywood\YRF_Music_-_Greatest_2010s_Hits_Audio_Jukebox_2010_2019_Songs_Bollywood_Hit_Songs_Top_Hindi_Songs.wav,2646078,0621640299273b7748bb39cfed59810f5a7777d35fb9f94ced00e02202ff050c,30.0,44100,1,VALID,
Bollywood,India,Bollywood\India\Bollywood\YRF_Music_-_Mood_Lifter_Songs_Audio_Jukebox_Feel_Good_Hindi_Songs_Uplifting_and_Energetic_Bollywood_Songs.wav,2646078,a02a4a05c0ef51ae4cbe52940b8e7c0bcfa25a67d08c460f210ad929b06ea4bc,30.0,44100,1,VALID,
Bollywood,India,Bollywood\India\Bollywood\YRF_Music_-_Top_20_Bollywood_Dance_Anthems_Audio_Jukebox_Party_Songs_Non_Stop_Hindi_Dance_Songs.wav,2646078,2c8e26308b2879a4fe1c0d82290cb3a5fbfcc8f7bcfb18343799c5130213f809,30.0,44100,1,VALID,
Bollywood,India,Bollywood\India\Bollywood\YRF_Music_-_Top_20_Bollywood_Romance_Audio_Jukebox_Best_Hindi_Love_Songs_Romantic_Bollywood_Hits.wav,2646078,bd5e25f917b3af5298f0ce77703d82ff5669b8efc06c9d75fed9213a4b773e57,30.0,44100,1,VALID,
Bollywood,India,Bollywood\India\Bollywood\YRF_Music_-_Top_Favourites_on_YouTube_Volume_1_Audio_Jukebox_Popular_Bollywood_Songs.wav,2646078,4f80a6a6990b27b22898c50bc9acc69a011bd56246c8eff41b84e681c9f56aa6,30.0,44100,1,VALID,
Bollywood,India,Bollywood\India\Bollywood\YRF_Music_-_Top_Favourites_on_YouTube_Volume_2_Audio_Jukebox_Popular_Bollywood_Songs.wav,2646078,5a58420fa903a9c81628425a234328c8cb8bbc8dcfd86a9fe40e6b71384d5aed,30.0,44100,1,VALID,
Bollywood,India,Bollywood\India\Bollywood\YRF_Music_-_Upbeat_Mornings_Audio_Jukebox_Feel_Good_Bollywood_Songs_Happy_Songs.wav,2646078,a012290e84f63be47b1b498eafcf9126ecf7b669d526f893e9c027c88fdd0ce6,30.0,44100,1,VALID,
Bollywood,India,Bollywood\India\Bollywood\Zee_Music_Company_-_Best_Bollywood_Romantic_Songs_Full_Album_3_Hour_Non_Stop_Romantic_Songs_50_Superhit_Love_Songs.wav,2646078,e3e74bb75314c5dd4ca56f6ad88106441a7ef01508a2d73f456b5336750b65ee,30.0,44100,1,VALID,
Desi_Hip-Hop,India,Desi_Hip-Hop\India\Desi_Hip-Hop\1_Liner_-_FIRE_1_Liner_x_Rajkamal_Jangir_Rajasthani_Marwadi_Dark_Desi_Hip_Hop_Pro_X_Studios.wav,2646078,2c92adf88df13bd1e6ca78896ecb83becf8a827b0607e60c8dc3572aa45fc9ce,30.0,44100,1,VALID,
Desi_Hip-Hop,India,Desi_Hip-Hop\India\Desi_Hip-Hop\_-_SOLD_INDIAN_TYPE_BEAT_FREESTYLE_RAP_BEAT_RAPHIP_HOP_INSTRUMENTALS_2025.wav,2646078,7184adefac35ce8d5bbec708e79295323c20bc483ed30a703e7af2a546358685,30.0,44100,1,VALID,
Desi_Hip-Hop,India,Desi_Hip-Hop\India\Desi_Hip-Hop\__-_ZIDD_Hard_Motivational_Rap_Pawan_Bairwa_Desi_Hip_Hop_Anthem.wav,2646078,2ec9252f80a14466761203ebc440a83f140989a5497daf0aee253d094840864c,30.0,44100,1,VALID,
Desi_Hip-Hop,India,Desi_Hip-Hop\India\Desi_Hip-Hop\AI_Music_Melody_-_Trending_Hits_Pop_Rap_Music_Collection_2025_Best_of_2025_Playlist.wav,2646078,a6c4b66c13091a42783328a49cc7cf3a2c8c41c7b2d7f30b73c8b84d12c1eb4b,30.0,44100,1,VALID,
Desi_Hip-Hop,India,Desi_Hip-Hop\India\Desi_Hip-Hop\Aman_De_Singh_-_Top_10_Desi_Hip_Hop_Rap_Songs_of_July_2018_India_UK_Pakistan_Bangladesh.wav,2646078,59f207cde36eadbfdfa31e2d1315d8c691fe00246bd2d45af12fd79c3823eca6,30.0,44100,1,VALID,
Desi_Hip-Hop,India,Desi_Hip-Hop\India\Desi_Hip-Hop\AminJaz_-_AminJaz_Barber_Shop_Desi_Hip_Hop_Set.wav,2646078,07d48697e3a9aebd0c13246b523f705c65a63bd3d5aaf42766b3f91d975cb428,30.0,44100,1,VALID,
Desi_Hip-Hop,India,Desi_Hip-Hop\India\Desi_Hip-Hop\BAAP_OF_INSPIRATION_-_Buri_Aadat_New_Hindi_Rap_2025_Emotional_Heartbreak_Rap_Song_Underground_Desi_Hip_Hop.wav,2646078,394e1d710b62bc6dc68463026d29d7322e383c7964e705888be697d9782c7a34,30.0,44100,1,VALID,
Desi_Hip-Hop,India,Desi_Hip-Hop\India\Desi_Hip-Hop\Badshah_-_Boht_Tej.wav,2646078,70b29206330227da82db3c35ec3d71c867efb0535e5e13b6671f99481f4d0d8b,30.0,44100,1,VALID,
Desi_Hip-Hop,India,Desi_Hip-Hop\India\Desi_Hip-Hop\Bali_-_Sunn_Na.wav,2646078,8d62f8ca7aa7dcaa0c33cb38d2eb01efe8415b233d02977798fb419bade2506c,30.0,44100,1,VALID,
Desi_Hip-Hop,India,Desi_Hip-Hop\India\Desi_Hip-Hop\Bandzo3rd_-_Shashkay_Bandzo3rd_ISHAANX_Desi_Hip_Hop_Official_Music_Video_2025.wav,2646078,25b65ca0215943e7097f9ad78848463d8abeeca9506cb07c800c4ee767ee520e,30.0,44100,1,VALID,
Desi_Hip-Hop,India,Desi_Hip-Hop\India\Desi_Hip-Hop\Beats_Banter_-_OG_SHEZ_Besharam_Hyderabad_Desi_Hip_Hop_South_Asian_Edits_Global_Sound.wav,2646078,ac50ec15ebee18e7b2f1195cd5748c9ba45a32cf08f3474ff5720ff59cc0e680,30.0,44100,1,VALID,
Desi_Hip-Hop,India,Desi_Hip-Hop\India\Desi_Hip-Hop\Blazze_Music_-_Bohemia_Desi_Hip_Hop_King_MegaMix_By_Rosh_Blazze_Tribute_To_The_Punjabi_Rapstar_2024.wav,2646078,bcb9103d6f74758a157dca71dec8c84c12d5515c685ab8eb6aefd0d09eb55b60,30.0,44100,1,VALID,
Desi_Hip-Hop,India,Desi_Hip-Hop\India\Desi_Hip-Hop\Blazze_Music_-_STILL_BOH_Megamix_Wiz_Khalifa_X_Bohemia_By_Rosh_Blazze_Desi_Hip_Hop_Rap_Mega_Mashup_2023.wav,2646078,0f4b8645a542c54db1d0be8bb6f7e146b3b9cfd4aa020be20c3bb6ef1c7be135,30.0,44100,1,VALID,
Desi_Hip-Hop,India,Desi_Hip-Hop\India\Desi_Hip-Hop\Bohemia_-_Desi_Hip_Hop_BOHEMIA_Full_Song_Deep_Jandu_Geet_MP3.wav,2646078,421225e96891904f910e9a213db0a040c90a4f796617ee1b769928551443d52d,30.0,44100,1,VALID,
Desi_Hip-Hop,India,Desi_Hip-Hop\India\Desi_Hip-Hop\BOHEMIA_-_Zamana_Jali.wav,2646078,ad891314616256ac16ee6fdd946f2e85df97fb36b131de17acf91e460cfd9563,30.0,44100,1,VALID,
Desi_Hip-Hop,India,Desi_Hip-Hop\India\Desi_Hip-Hop\Dada_Music_Group_-_DESI_HIP_HOP_OG_Version_BOHEMIA_ft_JHIND_Produced_by_TIGAHOOD.wav,2646078,ace6ecd07962b1f365d1395466e33b1abfe7ea434a2f1a46ae1dd8c64fc18010,30.0,44100,1,VALID,
Desi_Hip-Hop,India,Desi_Hip-Hop\India\Desi_Hip-Hop\Deep_Jandu_-_Bombay_to_Punjab.wav,2646078,e1fa7cb21b60f4b43ea8c9edeb8c08345bba2427a1b62a1a81c681e485cf367c,30.0,44100,1,VALID,
Desi_Hip-Hop,India,Desi_Hip-Hop\India\Desi_Hip-Hop\Deep_Kalsi_-_Google_Pay.wav,2646078,ba66742c50231cf4508c6a046668cc708561abcbc9804ab74a019bc7bd0bf3d9,30.0,44100,1,VALID,
Desi_Hip-Hop,India,Desi_Hip-Hop\India\Desi_Hip-Hop\Desi_King_-_Understand_Music_Video_Harsh_Prajapati_Aryan_Rajput_Desi_King_New_Haryanvi_Song.wav,2646078,4f0314f5c283d2ddd928ec79d2a47a7309418e2fcc8004d9641c5859c301e8dc,30.0,44100,1,VALID,
Desi_Hip-Hop,India,Desi_Hip-Hop\India\Desi_Hip-Hop\DESI_TRILL_-_MR_RAMBO.wav,2646078,60ec7b6e94cbd3416038e83cd3c53c02718d43b779eabbc96fdb073ddf0c4e86,30.0,44100,1,VALID,
Desi_Hip-Hop,India,Desi_Hip-Hop\India\Desi_Hip-Hop\DesiHipHop_-_FreestyleFriday_GNIE_Desi_Hip_Hop_Inc.wav,2646078,8e931898e4769d15a746ea25cc49f4738fdba79da9162020965504c5bb7af47e,30.0,44100,1,VALID,
Desi_Hip-Hop,India,Desi_Hip-Hop\India\Desi_Hip-Hop\DesiHipHop_-_Rich_or_Famous_B3_Official_Video_DesiHipHop_Inc.wav,2646078,7da850baa803209621fdb7238c8d233df6ea31c9c5b1bd47cde33c8c1827de24,30.0,44100,1,VALID,
Desi_Hip-Hop,India,Desi_Hip-Hop\India\Desi_Hip-Hop\DesiHipHop_-_Royal_Bengal_Cypher_Desi_Hip_Hop_Cypher_DHHCyphers.wav,2646078,06ec92aeb266a39ac6050f6b3db6523e987bf8ef87da5b4ca820d6e89c0751db,30.0,44100,1,VALID,
Desi_Hip-Hop,India,Desi_Hip-Hop\India\Desi_Hip-Hop\DesiHipHop_-_Trapt_Saheer_Feat_MalikxOmar_Music_Video_Desi_Hip_Hop_2017.wav,78,41251324b17e82e30b80a2b88139067f37929a91a47919687179e6f58ec29cc4,0.0,44100,1,VALID,
Desi_Hip-Hop,India,Desi_Hip-Hop\India\Desi_Hip-Hop\DEVEL_-_Hustler_Mindset.wav,2646078,09ee48c0c12f7728cf1374d6702c46c669a8b764687d0ce7f2d21d708b641c55,30.0,44100,1,VALID,
Desi_Hip-Hop,India,Desi_Hip-Hop\India\Desi_Hip-Hop\DIVINE_-_359_AM.wav,2646078,a1c106622a17ad3b07e19210f4b5f4a218a86033f9b7e3776fb1f0a61f4b7a8a,30.0,44100,1,VALID,
Desi_Hip-Hop,India,Desi_Hip-Hop\India\Desi_Hip-Hop\DIVINE_-_Azadi.wav,2646078,11d4bc961062d6434bb40f165e8919a3d120e2c33d16624b19ab77d9cff15e27,30.0,44100,1,VALID,
Desi_Hip-Hop,India,Desi_Hip-Hop\India\Desi_Hip-Hop\DIVINE_-_Farak.wav,2646078,322211b45a2694c6279b3104f736ea6fec4bd86c8649d4fdfac012cde4792d7c,30.0,44100,1,VALID,
Desi_Hip-Hop,India,Desi_Hip-Hop\India\Desi_Hip-Hop\DIVINE_-_Kaam_25.wav,2646078,632978fe1c806066ae720e8a37f6629cd884d0509aaa4a6d24fb1e7d9a7bebd1,30.0,44100,1,VALID,
Desi_Hip-Hop,India,Desi_Hip-Hop\India\Desi_Hip-Hop\DIVINE_-_Mirchi_feat_Phenom_MC_Altaf_Stylo_G.wav,2646078,6a324a1721b272f6fdbb99cf41e9449c35409984d2d85a3116d8c6e84e80d0cb,30.0,44100,1,VALID,
Desi_Hip-Hop,India,Desi_Hip-Hop\India\Desi_Hip-Hop\DJ_Indiana_-_Desi_Hip_Hop_Party_Hits_2025_Nonstop_Indian_Hip_Hop_DJ_Set_Trending_Desi_Rap_Mashup_HipHop_Mix.wav,2646078,5cd19777d58694d92b412c6c6812251e000554d0eacb5b990b934bdfbdd86ac0,30.0,44100,1,VALID,
Desi_Hip-Hop,India,Desi_Hip-Hop\India\Desi_Hip-Hop\DJ_RAV_UK_-_BEST_HINDI_RAP_SONGS_MIX_2024_HINDI_RAP_SONGS_EMIWAY_DIVINE_RAFTAAR_IKKA_BADSHAH_KRNA.wav,2646078,8bee0ef1f2644043daa83b8c1f2dc9b74b21dae1d445f88fccc34f6116634f17,30.0,44100,1,VALID,
Desi_Hip-Hop,India,Desi_Hip-Hop\India\Desi_Hip-Hop\DNM_Music_-_Parde_Mein_Rehne_Do_Desi_Hip_Hop_Remix_Shikar_Trap_Drill_Mix.wav,2646078,a55f2e9e300ef6e9bc6e652acef06f2f3a98a6934c53f626c7d660f3f2a3bfa6,30.0,44100,1,VALID,
Desi_Hip-Hop,India,Desi_Hip-Hop\India\Desi_Hip-Hop\DNM_Music_-_Ye_Parda_Hata_Do_Desi_Hip_Hop_Remix_Ek_Phool_Do_Mali_Trap_Drill_Mix.wav,2646078,e342dddfa3aa285e6c52f0da7b7cdae0232b68e58adc5aa86bd0b394d979cc51,30.0,44100,1,VALID,
Desi_Hip-Hop,India,Desi_Hip-Hop\India\Desi_Hip-Hop\Emiway_Bantai_-_King_Of_Indian_Hip_Hop.wav,2646078,f81b485fe20bd7efc1a85af5cfbdffd4229e00bbad48dda6068cf3996fb9b205,30.0,44100,1,VALID,
Desi_Hip-Hop,India,Desi_Hip-Hop\India\Desi_Hip-Hop\Emiway_Bantai_-_Machayenge.wav,2646078,30640d360c463f80df3ea1e0c957c36a36eb8155af6608fd26979e6d16a02a62,30.0,44100,1,VALID,
Desi_Hip-Hop,India,Desi_Hip-Hop\India\Desi_Hip-Hop\Eshan_Bhati_-_Milkman.wav,2646078,d162673e9557dcdaab296257248e51aafa82b7bbf7229da13886a9f1f019377d,30.0,44100,1,VALID,
Desi_Hip-Hop,India,Desi_Hip-Hop\India\Desi_Hip-Hop\Eshan_Bhati_-_Western_Up.wav,2646078,b6da35e8bb0db107af58b132ac33f9ad1d20584c148c24352e51eb0dffefd9c0,30.0,44100,1,VALID,
Desi_Hip-Hop,India,Desi_Hip-Hop\India\Desi_Hip-Hop\Faris_Shafi_-_Introduction.wav,2646078,0acc4bd4b18715d36e4cc79f096320d2f599fca861792ecff7fed85c83d7645c,30.0,44100,1,VALID,
Desi_Hip-Hop,India,Desi_Hip-Hop\India\Desi_Hip-Hop\Faris_Shafi_-_JASHAN_E_HIP_HOP.wav,2646078,bffd0f4649a811f32abf55d70fa96bf197ba5f3c5962dec6c71c2c1b05d56cab,30.0,44100,1,VALID,
Desi_Hip-Hop,India,Desi_Hip-Hop\India\Desi_Hip-Hop\French_The_Kid_-_10_Pe_10.wav,2646078,62c0182b4d06a9db7d837e1482737f46e296a6c12c093e9a9e557d1ad2fb059c,30.0,44100,1,VALID,
Desi_Hip-Hop,India,Desi_Hip-Hop\India\Desi_Hip-Hop\gaurav_kotecha_-_Hard_DHH_Playlist_Desi_Hip_Hop_for_Gym_Workout_Sikander_Kahlon_KRSNA_Divine_Raftaar_More.wav,2646078,faad5e4a7da6848e7d65c43ab65a9007ce0e62140eb6c71bb4051498df65c8f3,30.0,44100,1,VALID,
Desi_Hip-Hop,India,Desi_Hip-Hop\India\Desi_Hip-Hop\Gurinder_Gill_-_Brown_Munde.wav,2646078,21f82f3085a7a96877461ece28a126c4760ce2eafcff2f6813e28f46d7d1260b,30.0,44100,1,VALID,
Desi_Hip-Hop,India,Desi_Hip-Hop\India\Desi_Hip-Hop\Hello_AI_Creations_-_Hip_Hop_Ka_King_New_Hindi_Rap_Song_2025_Desi_Hip_Hop_by_Yo_Yo_Honey_Singh_Hello_AI_Creations.wav,2646078,079bef31ba884ecc1d65d27662d06fb3e64072d1ce394fee4b112bb0f8a3c557,30.0,44100,1,VALID,
Desi_Hip-Hop,India,Desi_Hip-Hop\India\Desi_Hip-Hop\indi_aura_-_Punjabi_Song_2025_Midnight_Urban_Desi_Flow.wav,2646078,b8e1d5aa51d816767748237ad5d93c61a72d3d9134c6f7bf91f26cecf344b584,30.0,44100,1,VALID,
Desi_Hip-Hop,India,Desi_Hip-Hop\India\Desi_Hip-Hop\indi_aura_-_Punjabi_Song_2025_Urban_Hip_Hop_Street_Vibes.wav,2646078,401ed4dbf7b230cbad401b65c17886e98ca6ac22d12002a673767c71e2881a6e,30.0,44100,1,VALID,
Desi_Hip-Hop,India,Desi_Hip-Hop\India\Desi_Hip-Hop\Intense_-_Excuses_Official_Video_AP_Dhillon_Gurinder_Gill_Intense.wav,2646078,88b199d7f1daea21327815f45b83b538d168f53c52db7b99aa1d7c90e64d49f6,30.0,44100,1,VALID,
Desi_Hip-Hop,India,Desi_Hip-Hop\India\Desi_Hip-Hop\Irshad_Khan_-_Haryana_Hood_Official_Video_Irshad_Khan_Desi_Balak_Gama_Ke_New_Haryanvi_Songs_Haryanavi_2023.wav,78,41251324b17e82e30b80a2b88139067f37929a91a47919687179e6f58ec29cc4,0.0,44100,1,VALID,
Desi_Hip-Hop,India,Desi_Hip-Hop\India\Desi_Hip-Hop\J_Singh_-_J_Singh_Dard_Rap_Song_Cnu_Hyderabad_Rapper_Desi_Hip_Hop.wav,78,41251324b17e82e30b80a2b88139067f37929a91a47919687179e6f58ec29cc4,0.0,44100,1,VALID,
Desi_Hip-Hop,India,Desi_Hip-Hop\India\Desi_Hip-Hop\JAS_UNIVERSE_-_RAPPPERS_FIRST_SONG_VS_RAPPERS_MOST_POPULAR_SONG_DESI_HIP_HOP_FTRAFTAARKINGKRNADIVINE_MORE.wav,2646078,9f99af9941513545c70d8e719a07f996bbca9c481c0de19010e4f50ee49b818b,30.0,44100,1,VALID,
Desi_Hip-Hop,India,Desi_Hip-Hop\India\Desi_Hip-Hop\KaanPhod_Music_-_Desi_Hip_Hop_Manj_Musik_Badshah_Raftaar_MTV_Spoken_Word.wav,2646078,2b9ee626b1dfcb6a2a267105cdc166c40714079af1111046360d87d8658a5767,30.0,44100,1,VALID,
Desi_Hip-Hop,India,Desi_Hip-Hop\India\Desi_Hip-Hop\Kalamkaar_-_The_Best_Of_Desi_Hip_Hop_Audio_Jukebox.wav,2646078,8f039175376e142f0a9c85f327fc0342c101bbee053505049d7209d1b3a6034b,30.0,44100,1,VALID,
Desi_Hip-Hop,India,Desi_Hip-Hop\India\Desi_Hip-Hop\Karan_Aujla_-_52_Bars.wav,2646078,2702b8d4fa85a96edaee3cf29017fa6797409ff57cbc8a1b35bb7fb931dc35dd,30.0,44100,1,VALID,
Desi_Hip-Hop,India,Desi_Hip-Hop\India\Desi_Hip-Hop\Karan_Aujla_-_On_Top.wav,2646078,99496c02a7e1caa158a146baedfaec9b0ad98cc86c88095b7c331ed1dbc86f54,30.0,44100,1,VALID,
Desi_Hip-Hop,India,Desi_Hip-Hop\India\Desi_Hip-Hop\KD_DESIROCK_-_Dacoit.wav,2646078,3c9a12e8fa9fbe4ad6438aa9d17a97171a1dcc678f53d063bad0e967d8f4e85b,30.0,44100,1,VALID,
Desi_Hip-Hop,India,Desi_Hip-Hop\India\Desi_Hip-Hop\KD_DESIROCK_-_KMJ.wav,2646078,990589ac69715e252f2bdee83bafdb1b0dd48b26101a636627a1af3b4486a7aa,30.0,44100,1,VALID,
Desi_Hip-Hop,India,Desi_Hip-Hop\India\Desi_Hip-Hop\KIDSHOT_-_Warm_Up.wav,2646078,21999e623059877c71452b067ad18cc2808cd0a963df79fb926eac5188e82375,30.0,44100,1,VALID,
Desi_Hip-Hop,India,Desi_Hip-Hop\India\Desi_Hip-Hop\King_-_Pablo.wav,2646078,5cbde10e331f3e03dc8f29bc1317551bc67e3777295294428c9f9924b5d99be0,30.0,44100,1,VALID,
Desi_Hip-Hop,India,Desi_Hip-Hop\India\Desi_Hip-Hop\KING_ND_-_To_The_Top.wav,2646078,c3b69689b043305863222d18ef62e6cb768f15bc0f39060c16ef4da68a4fc3ae,30.0,44100,1,VALID,
Desi_Hip-Hop,India,Desi_Hip-Hop\India\Desi_Hip-Hop\Krish_Rao_-_Desi_Hood.wav,2646078,dd527db30e6f30195c3c00d464fe9752008345e903fcfd61cc9da635ca857e1f,30.0,44100,1,VALID,
Desi_Hip-Hop,India,Desi_Hip-Hop\India\Desi_Hip-Hop\KRNA_-_Knock_Knock.wav,2646078,0cadbb9ece7281b38ff09e025967772afb2c7e213caf09cb07e14d830b8ee068,30.0,44100,1,VALID,
Desi_Hip-Hop,India,Desi_Hip-Hop\India\Desi_Hip-Hop\KRNA_-_Lil_Bunty.wav,2646078,39a56d56fb448d4be5ecec764592bbee2b0314a182039b945a60280fa4bc8bcb,30.0,44100,1,VALID,
Desi_Hip-Hop,India,Desi_Hip-Hop\India\Desi_Hip-Hop\KRNA_-_Machayenge_4.wav,2646078,74a97884eedbd65c55e4fec4454d363f500d4eef161b3d1b5ae2b68f760b2239,30.0,44100,1,VALID,
Desi_Hip-Hop,India,Desi_Hip-Hop\India\Desi_Hip-Hop\KRNA_-_NO_CAP_OFFICIAL_VIDEO.wav,2646078,9f9e222a57bd580be946b23b7892417ed2d2a2de5a32b93f32bc98ab5e67acd3,30.0,44100,1,VALID,
Desi_Hip-Hop,India,Desi_Hip-Hop\India\Desi_Hip-Hop\KRNA_-_Saza_E_Maut_feat_Raftaar.wav,2646078,1adb3d1b701d14cfbb8dc5d1ae3b7939968607ddf63cbfad89b514d84ecf9d61,30.0,44100,1,VALID,
Desi_Hip-Hop,India,Desi_Hip-Hop\India\Desi_Hip-Hop\Manj_Musik_-_Desi_Hip_Hop_By_Manj_Musik_for_MTV_Spoken_Word_feat_Badshah_Sarb_Smooth_Raxstar_Humble_the_Poet.wav,2646078,6f1e4e6f5d63a13330a34d6d87da2945ce45c8c9c326fd532ed92bbb5bc083cd,30.0,44100,1,VALID,
Desi_Hip-Hop,India,Desi_Hip-Hop\India\Desi_Hip-Hop\MC_STAN_-_Nanchaku.wav,2646078,0b1d4d70782837514bd75334cba1cb3391d7b1122957b688b74b6d30a094eb09,30.0,44100,1,VALID,
Desi_Hip-Hop,India,Desi_Hip-Hop\India\Desi_Hip-Hop\MUSAFR_-_CHHEH_FEET_MUSAFR_Prod_Smokey_beats_OFFICIAL_MUSIC_VIDEO_DESI_HIP_HOP_HINDI_RAP_2020.wav,2646078,298f52763653dcc9e240f7f6e4bb34046e07870770379477924f1d2d29a822b8,30.0,44100,1,VALID,
Desi_Hip-Hop,India,Desi_Hip-Hop\India\Desi_Hip-Hop\Naezy_-_Aafat_Bombay_70.wav,2646078,18d0bd73184f796216a3c7ffd214decc522b093abe2cc336768928a3c6f91a18,30.0,44100,1,VALID,
Desi_Hip-Hop,India,Desi_Hip-Hop\India\Desi_Hip-Hop\Naezy_-_Mere_Gully_Mein.wav,2646078,49fc6e3d3ebe26b90939aaaffc939f935ce9db1c4c62824246150a302b750f78,30.0,44100,1,VALID,
Desi_Hip-Hop,India,Desi_Hip-Hop\India\Desi_Hip-Hop\NseeB_-_Hit_Em_Up.wav,2646078,f0ea86922eaa6b1d2dd3c752c0fea6e75945400b32566632249f58fef58cfe35,30.0,44100,1,VALID,
Desi_Hip-Hop,India,Desi_Hip-Hop\India\Desi_Hip-Hop\Pardhaan_-_Gaadi.wav,2646078,962d1a6738b7e730f75c7f277e13bd54049c82ef34005bb9eac83a9280d8f81b,30.0,44100,1,VALID,
Desi_Hip-Hop,India,Desi_Hip-Hop\India\Desi_Hip-Hop\Patya_the_Doc_-_GHAN_GHAN_Patya_The_Doc_x_Rohmix_x_Crayons_Marathi_Rap_2025_Pune_Hip_Hop.wav,2646078,1df2e7e26d7ff0f536cf20443d8dd6955c6a7320237d39163b4b8c358c8d98d5,30.0,44100,1,VALID,
Desi_Hip-Hop,India,Desi_Hip-Hop\India\Desi_Hip-Hop\Pranay_94_-_Desi_Hip_Hop_101_1st_ever_DHH_DJ_Set_on_Y_T_DJ_Pranay_Seedhe_Maut_Badshah_Raftaar_Krna.wav,2646078,d3e9f8377ccee01ade2cfa4b18a74e54111ede49b59e34970ce41c8ecad3c67d,30.0,44100,1,VALID,
Desi_Hip-Hop,India,Desi_Hip-Hop\India\Desi_Hip-Hop\PURU_-_Bhulge_Puru_Official_Music_Video.wav,2646078,d0a4ba94a5761fee8de6c1b0f03c1852c0c7d6c27c616be84afa1061438a8ca0,30.0,44100,1,VALID,
Desi_Hip-Hop,India,Desi_Hip-Hop\India\Desi_Hip-Hop\Raagas_Raps_-_Best_Hindi_Rap_Song_2025_Maniac_Desi_Hip_Hop_Party_Track.wav,2646078,99e9fca7eb2b976d28b2d97f65f8a64006863cc965948f287d6a21cf3262ead0,30.0,44100,1,VALID,
Desi_Hip-Hop,India,Desi_Hip-Hop\India\Desi_Hip-Hop\Raftaar_-_Aage_Chal.wav,2646078,a258af7ef334d47bf4eb9dea703816a784225439d0102cfa35ef838b6e333917,30.0,44100,1,VALID,
Desi_Hip-Hop,India,Desi_Hip-Hop\India\Desi_Hip-Hop\Raftaar_-_Desi_Hip_Hop.wav,2646078,f36c5039e2874f6a658ad926079a0c5d0627f8bef8f411d0abfc9378c482f744,30.0,44100,1,VALID,
Desi_Hip-Hop,India,Desi_Hip-Hop\India\Desi_Hip-Hop\Raftaar_-_Naachne_Ka_Shaunq.wav,2646078,0b0f4a34499078143cb9376aa6a57742f3ac52f418f8da464e1be97e1e8527b2,30.0,44100,1,VALID,
Desi_Hip-Hop,India,Desi_Hip-Hop\India\Desi_Hip-Hop\Raftaar_-_Sheikh_Chilli.wav,2646078,9f1a45c4e6590222a0362808716ad8ea8de4314dd2aaaf63670ac0b8b924defa,30.0,44100,1,VALID,
Desi_Hip-Hop,India,Desi_Hip-Hop\India\Desi_Hip-Hop\Raftaar_-_SWAG_MERA_DESI_Raftaar_ft_Manj_Musik_Panasonic_Mobile_MTV_Spoken_Word.wav,2646078,0f869ce59e396ad02049d0c6a19729ce2214d66840301cdf95bae0ffadf5e4ba,30.0,44100,1,VALID,
Desi_Hip-Hop,India,Desi_Hip-Hop\India\Desi_Hip-Hop\Raftaar_-_TRAP_PRAA.wav,2646078,ca43de1d8ece675590fe24f0f458543afca2dd3fef5c0d6d96b1bee76efa96fa,30.0,44100,1,VALID,
Desi_Hip-Hop,India,Desi_Hip-Hop\India\Desi_Hip-Hop\RAGA_-_Sheher.wav,2646078,b41e6d8026066154c7a110d2693b6eec919d486383b25a1e5006229ae236bbd8,30.0,44100,1,VALID,
Desi_Hip-Hop,India,Desi_Hip-Hop\India\Desi_Hip-Hop\Raja_Kumari_-_City_Slums_feat_DIVINE.wav,2646078,ecd3ecf2002a27d0b6d21e2489d68a960744780598437fdf74a2fc869550e664,30.0,44100,1,VALID,
Desi_Hip-Hop,India,Desi_Hip-Hop\India\Desi_Hip-Hop\Rap_Aera_-_Top_10_Indian_Rappers_Their_Most_Viewed_Songs_2025_Updated_List.wav,835290,786a2ba9f8e292c05294a085b493017cbeccf8e85c2aa2fa011e664f1ab4731e,9.47,44100,1,VALID,
Desi_Hip-Hop,India,Desi_Hip-Hop\India\Desi_Hip-Hop\Rap_Beatz_-_New_Hindi_Rap_Song_Official_Music_Video_Desi_Hip_Hop_Rap_Beatz.wav,2646078,b798256d7ce6d68291190ad40d896213fd8bd797bb4ffc3dffb3bf8c10267cb8,30.0,44100,1,VALID,
Desi_Hip-Hop,India,Desi_Hip-Hop\India\Desi_Hip-Hop\Rapgods_India_-_Top_10_Beat_producer_Of_Indian_Hiphop_Best_beat_producer_Of_Desi_Hip_Hop.wav,2646078,753617a5b62637bdf26e10de53791d8239c320b5f30505f4614ff88143236fd9,30.0,44100,1,VALID,
Desi_Hip-Hop,India,Desi_Hip-Hop\India\Desi_Hip-Hop\Rapgods_India_-_Top_Indian_Hiphop_Albums_You_Must_Listen_Best_Desi_Hip_Hop_Albums_in_2020.wav,2646078,88369f570b3ecfa0d3115011051a8b367afc741cb9a41e80df5eba0d46413bc7,30.0,44100,1,VALID,
Desi_Hip-Hop,India,Desi_Hip-Hop\India\Desi_Hip-Hop\RayoNix_-_ADB.wav,2646078,4e0ed75bfb1dd7436380c51f49fd13a9a2ef9f0ee60773695737c350ece46019,30.0,44100,1,VALID,
Desi_Hip-Hop,India,Desi_Hip-Hop\India\Desi_Hip-Hop\Refixmusic_-_Desi_Hip_Hop_at_Late_Night_Part_3_Refix_Lo_Fi_Mashup_2023.wav,2646078,8d6a1662ff02a0fcb3a8a75e3fc29d3c36c11a29babfa44d0ddd6398b067ff3c,30.0,44100,1,VALID,
Desi_Hip-Hop,India,Desi_Hip-Hop\India\Desi_Hip-Hop\Refixmusic_-_DESI_HIPHOP_AT_LATE_NIGHT_ChillLofi_Mashup_By_Refix.wav,2646078,b0036e1421f3ad45ab66cc573efd11bdada6ad05674bf205c62d6e3c26dbcfea,30.0,44100,1,VALID,
Desi_Hip-Hop,India,Desi_Hip-Hop\India\Desi_Hip-Hop\Refixmusic_-_Gangstas_Paradise_Feat_DHH_Part_1_ProducedRemixed_by_Refix.wav,2646078,33a1b066c2618253fe756f854302588b13628f955a0ec27390ec6d0661d3e7b2,30.0,44100,1,VALID,
Desi_Hip-Hop,India,Desi_Hip-Hop\India\Desi_Hip-Hop\RiJ_-_Kahlon_Flow.wav,2646078,b5a22aee4d2c3cfa8ba5d3c9892362516a1454d1f15134f70e3ae2361a9c6d2d,30.0,44100,1,VALID,
Desi_Hip-Hop,India,Desi_Hip-Hop\India\Desi_Hip-Hop\Rocky_Makes_Beats_-_SOLD_INDIAN_TYPE_BEAT_DESI_CHORI_INDIAN_COMMERCIAL_RAP_BEAT_HIP_HOP_BEAT_2024.wav,2646078,6d6065c7a1d405883b2344054aff848d435d57ef299c15e7f06270cb8bd0702d,30.0,44100,1,VALID,
Desi_Hip-Hop,India,Desi_Hip-Hop\India\Desi_Hip-Hop\Rohan_Cariappa_-_Top_10_Songs_of_2025_Indian_Hiphop_Edition.wav,2646078,1f428f7bf696dcb249e402447834bf32b3d281ef80d32d2bdae1125c53a2a21a,30.0,44100,1,VALID,
Desi_Hip-Hop,India,Desi_Hip-Hop\India\Desi_Hip-Hop\Rudraksh_-_Rudraksh_MIC_Official_Music_Video_Hyderabadi_Rap_Desi_Hip_Hop_Music_by_Dope_DON.wav,2646078,1201298ebea82ba92777fe54e72924b5289290e9af167c486fb198072cf60395,30.0,44100,1,VALID,
Desi_Hip-Hop,India,Desi_Hip-Hop\India\Desi_Hip-Hop\Sabi_Bhinder_-_Desi_Hood.wav,2646078,e04560455b024645f700f59082d430843835b8cacdca1873b91608df725ec36e,30.0,44100,1,VALID,
Desi_Hip-Hop,India,Desi_Hip-Hop\India\Desi_Hip-Hop\Shubh_-_Cheques_Music_Video.wav,2646078,88d354d574f54a6a52587682aae215d428edbf38c097d0155e795c710fa5328b,30.0,44100,1,VALID,
Desi_Hip-Hop,India,Desi_Hip-Hop\India\Desi_Hip-Hop\Sound_Shikari_-_Bohemia_Desi_Hip_Hop_Sound_Shikari_Edit.wav,2646078,b6c4e74b4c9ca8afd7ce36282792017bb7b0ff29f304ebcdfd4e38685980b9b4,30.0,44100,1,VALID,
Desi_Hip-Hop,India,Desi_Hip-Hop\India\Desi_Hip-Hop\Sunix_Thakor_-_DHH_Desi_Hip_Hop_Mega_Mashup_DJ_BKS_Sunix_Thakor_Rapper_Mashup.wav,2646078,cb2e7ca2fb9d17a2fe282c2c4c4e9765a647d5382508d2f1e643fa3a19d1497b,30.0,44100,1,VALID,
Desi_Hip-Hop,India,Desi_Hip-Hop\India\Desi_Hip-Hop\Sush_Yohan_Music_-_OLD_SKOOL_II_SUSH_YOHAN_MEGAMIX_Purple_Lamborghini_Pt_2_RAP_MEGAMIX.wav,2646078,e944596827b52bbd4311d1334da1bdfee0541e04fa2f619345a8bcd189d810c5,30.0,44100,1,VALID,
Desi_Hip-Hop,India,Desi_Hip-Hop\India\Desi_Hip-Hop\Sush_Yohan_Music_-_TADIPAAR_SUSH_YOHAN_RAP_MEGAMIX_Pt_3.wav,2646078,a1f70d84bc6a8e543e396a93cb68438db33d6427438c9b37ee907bda6aa2c358,30.0,44100,1,VALID,
Desi_Hip-Hop,India,Desi_Hip-Hop\India\Desi_Hip-Hop\Sutra_-_INDIAN_TYPE_BEAT__FREE_FREESTYLE_RAP_BEAT_DESI_HIPHOP_INSTRUMENTAL_2026_Prod_Sutra.wav,2646078,1b103682f5d1874f4c4ad6b99bd46ca98188e1063d5b41d5c069e1be8d3bf405,30.0,44100,1,VALID,
Desi_Hip-Hop,India,Desi_Hip-Hop\India\Desi_Hip-Hop\T_SeriesVEVO_-_Bohemia_Desi_Hip_Hop_Official_Music_Video_Song_Latest_Punjabi_Songs_Of_2016.wav,2646078,8f74e7e672221d0772657308a04e7f8f891fd6b32b97d49acb97e95585009c95,30.0,44100,1,VALID,
Desi_Hip-Hop,India,Desi_Hip-Hop\India\Desi_Hip-Hop\Tunes_Of_Dream_-_Best_Indian_Hip_Hop_Bollywood_Rap_Songs_2025_Ultimate_Desi_Rap_Mix.wav,2646078,6e20fa7c50bc9ba6b6883ecdc3b2fa4b33d0e71f63f630b0f239a9f5c32279e0,30.0,44100,1,VALID,
Desi_Hip-Hop,India,Desi_Hip-Hop\India\Desi_Hip-Hop\Tunes_Of_Dream_-_Best_Indian_Hip_Hop_Hindi_Rap_Songs_2025_Ultimate_Desi_Rap_Hits.wav,2646078,ecec57391c6e9919b6b2a4688670c10873d5f3415f0d10355ae5c1b822ebf2f7,30.0,44100,1,VALID,
Desi_Hip-Hop,India,Desi_Hip-Hop\India\Desi_Hip-Hop\Tunes_Of_Dream_-_Most_Popular_Hindi_Rap_Indian_HipHop_Songs_Desi_Rap_Hits_Mashup.wav,2646078,82b51a9f338943f92d8f9f01be4ef9e7dd05d561dab23c007fd4dabdcb638089,30.0,44100,1,VALID,
Desi_Hip-Hop,India,Desi_Hip-Hop\India\Desi_Hip-Hop\Tunes_Of_Dream_-_Top_Indian_Hip_Hop_Hindi_Rap_Songs_2025_Trending_Desi_Rap_Mix.wav,2646078,8617e97cd494ba26a1bc70deed633642f4462b88561e2b2df60e95564296d07f,30.0,44100,1,VALID,
Desi_Hip-Hop,India,Desi_Hip-Hop\India\Desi_Hip-Hop\Tunes_Of_Dream_-_Ultimate_Indian_HipHop_Mix_Evergreen_Best_Rap_Songs_of_All_Time.wav,2646078,87c1c3e7bd1f9177b438246a6fce70f9c07cad6f03649c11cefbb0223fbfd214,30.0,44100,1,VALID,
Desi_Hip-Hop,India,Desi_Hip-Hop\India\Desi_Hip-Hop\UrbanDesi_AI_-_Best_Hindi_Rap_Songs_2025_Sad_Love_Street_Pain_Desi_Hip_Hop.wav,2646078,40086cf6f317041597c5a80325334226a4f70981d842aa43c1ba41c074936039,30.0,44100,1,VALID,
Desi_Hip-Hop,India,Desi_Hip-Hop\India\Desi_Hip-Hop\VIBHOR_BEATS_-_FREE_DESI_INDIAN_TYPE_BEAT_MAFIA_INDIAN_RAP_BEAT_INSTRUMENTAL_2025.wav,2646078,fd0ce6c3c725ef836e78b167a2e7d75879c66afafba5885871651811cdcce517,30.0,44100,1,VALID,
Desi_Hip-Hop,India,Desi_Hip-Hop\India\Desi_Hip-Hop\Vibhu_Gautam_-_Desi_Hip_Hop_Mixtape_Vol_5_SUMMER.wav,2646078,39085def8a7bb53ac3254f5e0387963970e76b1f106eb73ae860cd64f6c80d10,30.0,44100,1,VALID,
Desi_Hip-Hop,India,Desi_Hip-Hop\India\Desi_Hip-Hop\Year_Down_-_Rx100.wav,2646078,d7ff24f89446a4d48923bbfcb505093f1df338757ea5be8cdb7fb7a514b34edd,30.0,44100,1,VALID,
Desi_Hip-Hop,India,Desi_Hip-Hop\India\Desi_Hip-Hop\Yo_Yo_Honey_Singh_-_Issey_Kehte_Hain_Hip_Hop_From_Issey_Kehte_Hain_Hip_Hop_feat_LIL_GOLU.wav,2646078,aaaef3484a6b8d204d7fafd6c154984ca97a4b403f4416103d2ff76f70928a57,30.0,44100,1,VALID,
Desi_Hip-Hop,India,Desi_Hip-Hop\India\Desi_Hip-Hop\YRF_-_Same_Beef_Song_BOHEMIA_Ft_Sidhu_Moose_Wala_Byg_Byrd_Punjabi_Song_Rap_Song_Music_Video.wav,2646078,250b666694c63aca31259fdc483ed0548fc9adbdbf6f36c336b4092d1baac686,30.0,44100,1,VALID,
Haryanvi,India,Haryanvi\India\Haryanvi\_-_New_Haryanvi_Song_Renuka_Panwar_Sapna_Choudhary_Pranjal_Dahiya_Ruchika_Jangid_Raju_Punjabi.wav,2646078,66675996b3002564666171bd5c99fe4352807c80e0d94375bc9fd875f816e97b,30.0,44100,1,VALID,
Haryanvi,India,Haryanvi\India\Haryanvi\Ajay_Hooda_-_Lamba_Lamba_Ghunghat_Lofi.wav,2646078,a63203726cf811bc1d8dd758d70c42944c6eda3d7df179f82cf57fc828df6b80,30.0,44100,1,VALID,
Haryanvi,India,Haryanvi\India\Haryanvi\AJAY_SIKRAI_-_Best_of_Masoom_Sharma_Jukebox_Masoom_Sharma_New_Song_New_Haryanvi_Songs_Haryanavi_2025.wav,2646078,4475a48ff44b610b69947f96b0504a6b85ff69378cd9e381da86ededa1a71c90,30.0,44100,1,VALID,
Haryanvi,India,Haryanvi\India\Haryanvi\Akash_Kumar_-_Hariyana_dj_song.wav,2646078,d68aea45564288936a64d974049fab9cddd6d9ee0f0b58d2159ba83c379f9c0f,30.0,44100,1,VALID,
Haryanvi,India,Haryanvi\India\Haryanvi\Amanraj_Gill_-_Bhaga_Aale.wav,2646078,4e4f3a0ac15a72d130c943cc8a7ae2b313ad7d9c8ccd6510c70528b7567ca763,30.0,44100,1,VALID,
Haryanvi,India,Haryanvi\India\Haryanvi\Amanraj_Gill_-_Challiya.wav,2646078,6ef072c1e2489e0ef4616b7f0c8f9dc2cceb456638a0b3d918d0d8cbe8267bda,30.0,44100,1,VALID,
Haryanvi,India,Haryanvi\India\Haryanvi\Amanraj_Gill_-_Protocol.wav,2646078,38d9c13240ed3938981dfeda6da7b15923e09ecdfa2cdf6414f31f20d780f1f2,30.0,44100,1,VALID,
Haryanvi,India,Haryanvi\India\Haryanvi\Amar_Karnawal_-_Madam_Ji.wav,2646078,253a85e384a2ddc2bdf450eeade93268d65835282c2ec249103c21297b4e158f,30.0,44100,1,VALID,
Haryanvi,India,Haryanvi\India\Haryanvi\Bhal_Singh_-_Main_Suraj_Tu_Chandrawal_Jhankar_Beats.wav,2646078,ab581504410bb0826f6994849f752aeccdc679109d625a448bdd96de0013955c,30.0,44100,1,VALID,
Haryanvi,India,Haryanvi\India\Haryanvi\BIGMONEY_-_Koyal_Si_Baani.wav,2646078,90fac2a01732e9674d559634aac6488dddd1612fff44be595cf3e9f02dc4ea12,30.0,44100,1,VALID,
Haryanvi,India,Haryanvi\India\Haryanvi\Black_Bird_Music_-_Fortuner_Official_Video_Gulshan_MusicJaat_NiaRuchika_Jangid_New_Haryanvi_Songs_Haryanavi_2025.wav,2646078,844afee840df8d93c7a45d481eae11cf523ab8c22c615c82aa425e7e4dc150ee,30.0,44100,1,VALID,
Haryanvi,India,Haryanvi\India\Haryanvi\Braveheart_Music_-_Tu_Uncle_Lage_Marjane_Mein_Lagu_18_Ki_Ajay_Hooda_New_Song_Haryanvi_Song_New_Haryanvi_Song.wav,2646078,826d3556dbd2080c5f61640f7b4252561bf8f2746a11ca49d8b784d53cee75c1,30.0,44100,1,VALID,
Haryanvi,India,Haryanvi\India\Haryanvi\Byg_Byrd_Nation_-_Masoom_Sharma_New_Songs_New_Haryanvi_Song_Jukebox_2025_Masoom_Sharma_Best_Haryanvi_Songs_Jukebox.wav,2646078,6b49af99f239c5d5eb0170a2a9fa38c2c555c0afc60ae933ed55c654ddc48444,30.0,44100,1,VALID,
Haryanvi,India,Haryanvi\India\Haryanvi\Byg_Byrd_Nation_-_TOP_Amanraj_Gill_songs_Top_Haryanvi_Amanraj_Gill_Songs_Haryanvi_Songs_2025_Haryanvi_Songs.wav,2646078,4035c2b6e1a5b66ba8a4bc6329e9b6157aad4b706bc602cdd6ef64854397c949,30.0,44100,1,VALID,
Haryanvi,India,Haryanvi\India\Haryanvi\Chatak_Haryanvi_-_Nonstop_Hits_Mashup_2025_Sapna_Choudhary_Anjali_Raghav_Khushi_Baliyan_Payal_Malik.wav,2646078,aab80175d70d3af9c6d608267db61c818ea3ab1b57c5d3f5f89d189cc088c03c,30.0,44100,1,VALID,
Haryanvi,India,Haryanvi\India\Haryanvi\Death_Zone_-_Dj_Haryanvi_Top_10_Hits_Songs_2023_Non_Stop_Songs_2023_Haryanvi_Songs_Jukebox_2023_Death_Zone.wav,2646078,85606de74b83f23fb188fd9ab58478aac9a2cc24d7a5937de088d89c9d1465c3,30.0,44100,1,VALID,
Haryanvi,India,Haryanvi\India\Haryanvi\Deejay_Rax_-_Haryanvi_X_Punjabi_Mashup_Deejay_Rax_Best_of_Haryanvi_Punjabi_Party_Dance_Mashup.wav,2646078,be2549c5ef626df6ca5889bea627bace944d17daba96511bd2fc85935931532d,30.0,44100,1,VALID,
Haryanvi,India,Haryanvi\India\Haryanvi\Delusion_World_-_____.wav,2646078,45ace3dad65d6a5848bef6369ef8f0c6baacb3b8bc4300b2deb597edc34f24a2,30.0,44100,1,VALID,
Haryanvi,India,Haryanvi\India\Haryanvi\DESHWALONLINE_-_Masoom_Sharmas_Most_Popular_Haryanvi_Songs_Best_Haryanvi_Songs_Top_Trending_Haryanvi_Songs.wav,2646078,384fed2c5d5b65250aaac8f532e9a81c8e64991a6098676fdcdae7bbb488624c,30.0,44100,1,VALID,
Haryanvi,India,Haryanvi\India\Haryanvi\Desi_Beats_-_Masoom_Sharma_Banned_Songs_Best_of_Masoom_Sharma_Jukebox_New_Haryanvi_Songs_Haryanavi_2025.wav,2646078,a6ebf7a13d86ad7802478491a33282e100b5e21b42e59f676e070a2454d7f7fa,30.0,44100,1,VALID,
Haryanvi,India,Haryanvi\India\Haryanvi\Desi_Beats_-_TOP_SUPERHIT_HARYANVI_SAD_SONGS_FOREVER_2025_Masoom_Sharma_Sinta_Bhai_Gold_E_Gill_Heer.wav,2646078,b0f911ae406bd61f1efa795a057c8141d90359201eb9afbd75cc50d3189c6fc3,30.0,44100,1,VALID,
Haryanvi,India,Haryanvi\India\Haryanvi\Desi_Bol_-_Top_Haryanvi_Super_Hits_Songs_Ajesh_Kumar_New_Haryanvi_Song_2025_Jukebox_2025_Dj_Song_2025.wav,2646078,33d7ca79217803691b859e6b37ec3b663530ede13d3e127b19a5ac1024c11d2b,30.0,44100,1,VALID,
Haryanvi,India,Haryanvi\India\Haryanvi\Desi_Bol_-_Top_Haryanvi_Super_Hits_Songs_Ajesh_Kumar_New_Haryanvi_Song_2026_Jukebox_2026_Dj_Song_2026.wav,2646078,6f135055099c9515ee3e426369e93e50045cec23bbcbc58d9daf5ef63438fc2b,30.0,44100,1,VALID,
Haryanvi,India,Haryanvi\India\Haryanvi\Desi_Geet_-_Gadar_Official_Video_Sapna_Choudhary_Jaivir_Rathee_Raj_Mawar_Ashu_Twinkle_Haryanvi_Song.wav,2646078,3207ca55522d1f7dd894365b7c6aeb9b9aa07d766f2a04fbc9d1d6bc440ef1ff,30.0,44100,1,VALID,
Haryanvi,India,Haryanvi\India\Haryanvi\Desi_Torr_-_Badmashi_Song_Aman_Jaji_Top_10_Songs_Latest_Haryanvi_Songs_Best_Of_Aman_Jaji_Haryanvi_Nonstop.wav,2646078,1b0c82585226b9ddbed1e7862c7344d157048835d41e4d040bd0b587a3d29c5e,30.0,44100,1,VALID,
Haryanvi,India,Haryanvi\India\Haryanvi\Devendra_Kushwaha_-_Financer_Bintu_Pabra_Pranjal_Dahiya_Gunde_Bhi_Financer_Bhi_New_Haryanvi_Song.wav,2646078,e2284646fd2d29d5d9c1ae6dbfdaab9fb968b1dd3dc9ffbdd8b77b029ab0852f,30.0,44100,1,VALID,
Haryanvi,India,Haryanvi\India\Haryanvi\Dhanda_Nyoliwala_-_Russian_Bandana.wav,2646078,2c2d10a47dbc522dcf9eaa240993cdbfc98cbc6c0cb3261ec3a48480524a335e,30.0,44100,1,VALID,
Haryanvi,India,Haryanvi\India\Haryanvi\Diler_Kharkiya_-_Aalu_Matar_feat_Anjali_Raghav.wav,2646078,b8563a8502abfa3066f521e1c144fb4873fb972ee4520cdf8db819183e3ffc9a,30.0,44100,1,VALID,
Haryanvi,India,Haryanvi\India\Haryanvi\Diler_Kharkiya_-_Haryanvi_Song_feat_Fiza_Choudhary.wav,2646078,7236fca93b0cee745339ddd9fb5926aabc22e06dc64bd1105f3b8829501aeae5,30.0,44100,1,VALID,
Haryanvi,India,Haryanvi\India\Haryanvi\GAANO_WALI_DUNIA_-_Uncha_Nicha_Rasta_New_Haryanvi_DJ_Viral_Song_2025_Raj_Mawar_Komal_C_Bharti_Choudhary_Dance.wav,2646078,f9ee63d573dc1c6730866e53d7e2fdd9dd208b596aff0683d5b12315f2972854,30.0,44100,1,VALID,
Haryanvi,India,Haryanvi\India\Haryanvi\GD_Kaur_-_Gypsy_feat_Pranjal_Dahiya.wav,2646078,62e07cc3c3ea39273841c27a4ada081c1ae3122e861d7d41f1a3e69c4afa8982,30.0,44100,1,VALID,
Haryanvi,India,Haryanvi\India\Haryanvi\Golden_Music_official_-_New_Haryanvi_Songs_Amanraj_Gill_songs_New_2025_Amanraj_Gill_Songs_New_Hr_songs_Golden_Music.wav,2646078,539b16a670080a67586cbbf90d5f5d0ca5108782badb2a98679775b6df8d61f8,30.0,44100,1,VALID,
Haryanvi,India,Haryanvi\India\Haryanvi\Gulshan_Music_-_Payal_Karwachauth_Ki.wav,2646078,72c7fffbb67cf4ef4d81574062cfde81fcb659fc1c522977eef252d4a2473f51,30.0,44100,1,VALID,
Haryanvi,India,Haryanvi\India\Haryanvi\Gulzaar_Chhaniwala_-_Jug_Jug_Jeeve.wav,2646078,716277a4b78b535aceccd909e4dfe938a3af8faf26fb918a04002f2b78592b78,30.0,44100,1,VALID,
Haryanvi,India,Haryanvi\India\Haryanvi\Gurlez_Akhtar_-_Itna_Bata_De_feat_Pranjal_Dahiya.wav,2646078,dca510541a9436b27384638c4c65920047617a92d5b535d123010130ea0593bc,30.0,44100,1,VALID,
Haryanvi,India,Haryanvi\India\Haryanvi\Guru_Gpro_-_Masoom_Sharma_Top_10_Songs_Best_of_Masoom_Sharma_Jukebox_New_Haryanvi_Songs_2025_freefire.wav,2646078,dd595be6a8ebd70cb0c2e8a82a9964b1641baf9eb4162aa926b01b91b551d55e,30.0,44100,1,VALID,
Haryanvi,India,Haryanvi\India\Haryanvi\Harjeet_Deewana_-_Bhole_Ka_Hero_Honda_feat_Farista.wav,2646078,1682989cec40ce2cfecda9f2cf596ecf0479c1c22c58b365961fb83cde47320c,30.0,44100,1,VALID,
Haryanvi,India,Haryanvi\India\Haryanvi\Harjeet_Deewana_-_Lugai_Chhoti.wav,2646078,0aba6f3504b1498ab8731d35abd19e21158283511b0485d1b48be9609c83aee5,30.0,44100,1,VALID,
Haryanvi,India,Haryanvi\India\Haryanvi\Haryana_Harmony_-_Dug_Dug__Aman_Jaji_New_Song_Haryanvi_Song_Jukebox_Haryanvi_Songs_Haryanvi.wav,2646078,632fad42f3e8d766f0bc85e4f45f8af277e262d671c136847f4b47f526ad1d00,30.0,44100,1,VALID,
Haryanvi,India,Haryanvi\India\Haryanvi\Haryana_Harmony_-_Masoom_Sharma_New_Song__Haryanvi_Song_Jukebox_Haryanvi_Songs_Haryanvi.wav,2646078,a9110b334baf5c312c26e374db7631304bc735c9ae53a4b7fa7760f08ebc271e,30.0,44100,1,VALID,
Haryanvi,India,Haryanvi\India\Haryanvi\Haryana_Harmony_-_Uncha_Nicha_Rasta_New_Haryanvi_DJ_Viral_Song_2025_Sapna_Chaudhary_Raj_Mawar_Komal_Chaudhary.wav,2646078,ba46db0bc14134296ac533a6d41d5f97c23e045f87bae3e931a065528a89664e,30.0,44100,1,VALID,
Haryanvi,India,Haryanvi\India\Haryanvi\Haryana_Sur_Raag_-_Warning__Masoom_Sharma_Song_Pinna_Music_Haryanvi_Songs_Haryanvi.wav,2646078,15c9c18de33b8ef60210ac39fa77a8d022e262391ff29566cf1225393a2dc35a,30.0,44100,1,VALID,
Haryanvi,India,Haryanvi\India\Haryanvi\Haryanvi_Dhamahal_Hit_-_Latest_Haryanvi_All_Songs_Sapna_Chaudhary_Pranjal_Dahiya_Masoom_Sharma_Raju_Punjabi_JUKEBOX.wav,2646078,2331874d23b4c4999a2b2de7a4a9ed4a6d09be0b2f147c00b533ecc7e0285582,30.0,44100,1,VALID,
Haryanvi,India,Haryanvi\India\Haryanvi\HARYANVI_GAMER_YT_-_Masoom_sharma_popular_songs_Hits_of_masoom_sharma_Jukebox_Haryanvi_songs_2025.wav,2646078,4d58552a360eb3c1854b45c64291513884fb625ee097665fc016e2206668db73,30.0,44100,1,VALID,
Haryanvi,India,Haryanvi\India\Haryanvi\Haryanvi_Hits_-_Pranjal_Dahiya_New_Songs_New_Haryanvi_Song_Jukebox_2024_Pranjal_Dahiya_Best_Haryanvi_Songs_2024.wav,2646078,810b85bf573951688ed3c30e4cbc122cb0c7ca73cc23571bf2e1c1a031f201fd,30.0,44100,1,VALID,
Haryanvi,India,Haryanvi\India\Haryanvi\Haryanvi_Jukebox_-_Gulzaar_Chhanniwala_All_Best_Haryanvi_Songs_All_New_Haryanvi_Songs_Haryanvi_Best_Songs.wav,2646078,3cd31f5b49728d9d0aa23bd8d780ecaf8aef274c75aad75109f578a0f6a344a9,30.0,44100,1,VALID,
Haryanvi,India,Haryanvi\India\Haryanvi\Haryanvi_Jukebox_-_Sumit_Goswami_All_Songs_Haryanvi_latest_Haryanvi_songsHaryanvi_Top_HitsHaryanvi_Best_Songs.wav,2646078,04af715f180962c75fa52d3a514c505e104c43c4ce23c7b9421ff5057475b784,30.0,44100,1,VALID,
Haryanvi,India,Haryanvi\India\Haryanvi\Haryanvi_Songs_2022_-_Ajay_Hooda_New_Songs_New_Haryanvi_Song_Jukebox_2021_Sapna_Best_Haryanvi_Songs_Jukebox_New.wav,2646078,9cdf559388265b2849f6d23ae71ed01d7eb6bf0ef312658fa1488af1cd5fe934,30.0,44100,1,VALID,
Haryanvi,India,Haryanvi\India\Haryanvi\Haryanvi_Songs_2022_-_Raju_punjabi_New_Songs_New_Haryanvi_Song_Jukebox_2021_Raju_Bset_Haryanvi_Songs_jukebox_New.wav,2646078,63a8687908ca462d04e0fbbde9127dd5ff98832cd239f4c109c6a20ccd1a20d2,30.0,44100,1,VALID,
Haryanvi,India,Haryanvi\India\Haryanvi\Haryanvi_Songs_2022_-_Sapna_Choudhary_Haryanvi_Songs_Sapna_Choudhary_Superhit_Haryanvi_Songs_Haryanvi_Jukebox_2021.wav,2646078,0ec3d2a28e6e39e5660d112f1352b9a31ea50e0334301dc5974db4931d65d57e,30.0,44100,1,VALID,
Haryanvi,India,Haryanvi\India\Haryanvi\Haryanvi_Vibes_-_Mashoom_Sharma_All_Hit_Songs_New_Haryanvi_Jukebox_2025_Latest_Haryanvi_Songs.wav,2646078,10fc3526d4660b6ec45950e54f9fcfca40dc4336c83aa474fb180c8eec01f57a,30.0,44100,1,VALID,
Haryanvi,India,Haryanvi\India\Haryanvi\Haryanvi_Vibes_-_Mashoom_Sharma_All_Hit_Songs_Top_10_Superhit_Haryanvi_Songs_Jukebox_2025.wav,2646078,eaecbb83b56dfc2edf059264485633799e52bef34a500e1a6514ebab58c33944,30.0,44100,1,VALID,
Haryanvi,India,Haryanvi\India\Haryanvi\Haryanvi_Vibes_-_Mashoom_Sharma_Top_Hits_Best_Haryanvi_Songs_Collection_2025.wav,2646078,d52eeeef8f22d06cb1d972b56c680de9a7f06e80781284bd04a617969a5f9a58,30.0,44100,1,VALID,
Haryanvi,India,Haryanvi\India\Haryanvi\Haryanvi_Vibes_-_Mashoom_Sharma_Top_Hits_Superhit_Haryanvi_Songs_Collection_2025.wav,2646078,92820b51913a35d6663b4d90ebec1981e74a2829c76a4bc1e8a90695355a6ef6,30.0,44100,1,VALID,
Haryanvi,India,Haryanvi\India\Haryanvi\Haryanvi_Vibes_-_Sapna_Choudhary_Top_10_Songs_Superhit_Haryanvi_Songs_Collection_2025.wav,2646078,215515dcacf3c5172000ffede7542da4c62761a86e407c75017668e71bb5f1a2,30.0,44100,1,VALID,
Haryanvi,India,Haryanvi\India\Haryanvi\Haryanvi_Vibes_-_Sapna_Choudhary_Top_10_Superhit_Songs_Haryanvi_Jukebox_2025.wav,2646078,be66837b5e6ca3207b9beaef10b76bd16c4c72403afcb019bab27fa939aa92d7,30.0,44100,1,VALID,
Haryanvi,India,Haryanvi\India\Haryanvi\Hit_Haryanvi_Gaane_-_Ajay_Hooda_New_Haryanvi_Songs_Haryanvi_Song_Jukebox_New_Haryanvi_Song_Haryanvi_Gaane_2025.wav,2646078,0d785d1cbda3a19714f69d26ea4dd690a310e1fa3f9004ef0dbdfa98d61d5914,30.0,44100,1,VALID,
Haryanvi,India,Haryanvi\India\Haryanvi\Irshad_Khan_-_Haryana_Hood_Official_Video_Irshad_Khan_Desi_Balak_Gama_Ke_New_Haryanvi_Songs_Haryanavi_2023.wav,78,41251324b17e82e30b80a2b88139067f37929a91a47919687179e6f58ec29cc4,0.0,44100,1,VALID,
Haryanvi,India,Haryanvi\India\Haryanvi\Khasa_Aala_Chahar_-_Loot_Liya_Lofi_Mix.wav,2646078,b287fd36be2cb095346f9a803841127bc87a1cad41310e9a6b7e579a6695fb39,30.0,44100,1,VALID,
Haryanvi,India,Haryanvi\India\Haryanvi\khatri_kashyap_ARK_-_Masoom_Sharma_New_Song_2025_Masoom_Sharma_All_Song_Latest_Haryanvi_Song_2025_Badmashi_Song.wav,2646078,585927c0bd446ba37d3b04f2288fb7fd05833cfe3e3fa585e95caa27ffa4877e,30.0,44100,1,VALID,
Haryanvi,India,Haryanvi\India\Haryanvi\Khushi_Baliyan_-_Hero_Handa_feat_Punit_Choudhary.wav,2646078,622b17c7408e4c3218aeae02dd0383260fe28f980c2a78c02684a30b7821ec83,30.0,44100,1,VALID,
Haryanvi,India,Haryanvi\India\Haryanvi\Komal_Choudhary_-_Kallo.wav,2646078,5f1306a4f44204834947279e55400ce2f43b524661e6b5c8b38ab7ff3fd832da,30.0,44100,1,VALID,
Haryanvi,India,Haryanvi\India\Haryanvi\KP_Kundu_-_Jaat_Ni_Honde.wav,2646078,98ea5cb89a2ab1c8b3201a80b04f0cb0bee5789e994e401f7489d2b2fe49c48a,30.0,44100,1,VALID,
Haryanvi,India,Haryanvi\India\Haryanvi\Lokesh_Gurjar_-_Halka_Dupatta_Tera_Muh_Dikhe_THM_8.wav,2646078,7d1dedeb5136d7c5b827f51fd5f25b89b46c5d5799b5c20243be1ea7328a2467,30.0,44100,1,VALID,
Haryanvi,India,Haryanvi\India\Haryanvi\LOKI_MUSIC_WORLD_-_FILMY_Haryanvi_Songs_Playlist_All_Hit_Songs_Desi_Haryanvi_Vibe_Best_of_Filmy.wav,2646078,10a7f83eb66328c8eb30f3ac5b3cf068231010b6fb30ac2479ae9ef4eb90c92b,30.0,44100,1,VALID,
Haryanvi,India,Haryanvi\India\Haryanvi\Manisha_Sharma_-_COCO_COLA_Full_Song_Ruchika_Jangid_Kay_D_New_Haryanvi_Songs_Haryanavi_2020_Nav_Haryanvi.wav,2646078,02b6a8f50c7cce7b88823d0b49682f5dbb4f40cd99064456eac167b5415841ec,30.0,44100,1,VALID,
Haryanvi,India,Haryanvi\India\Haryanvi\Manisha_Sharma_-_Gall_Me_Aandhi_feat_Pranjal_Dahiya.wav,2646078,b57a3b130eae81e3807a0bec731b97dee71537ccd794271a8bc4944394029e00,30.0,44100,1,VALID,
Haryanvi,India,Haryanvi\India\Haryanvi\Masoom_Sharma_-_Blender.wav,2646078,0f3a0178457673731bf654bcedd4ab317547ff81e038687205eaf30cb38364ae,30.0,44100,1,VALID,
Haryanvi,India,Haryanvi\India\Haryanvi\Masoom_Sharma_-_COMPETITION_Official_Video_Masoom_Sharma_Pranjal_Dahiya_Aman_Jaji_Manisha_Haryanvi_Dj_songs_feat_Pranjal_Dahiya.wav,2646078,ea18ccb2e5d3dfd9b705885acffea1f3a17151169defd8111eb7009b11991f45,30.0,44100,1,VALID,
Haryanvi,India,Haryanvi\India\Haryanvi\Masoom_Sharma_-_Mithi_Bole_Bangro.wav,2646078,8d49cea7d52dfc342eb2d3314c831132e2ff36a0059244315a561cd9a7af1092,30.0,44100,1,VALID,
Haryanvi,India,Haryanvi\India\Haryanvi\Masoom_Sharma_-_Raat_Ke_Shikari.wav,2646078,d7f98e535b89844e1f159741a450f907b231155fbff71225f43ed18bf1f8d99a,30.0,44100,1,VALID,
Haryanvi,India,Haryanvi\India\Haryanvi\Masoom_Sharma_-_Sarpanch.wav,2646078,f545747515a3fe0d34c7995937d4d34d01a31755f2d5d5bddbc06084cc69f464,30.0,44100,1,VALID,
Haryanvi,India,Haryanvi\India\Haryanvi\Mor_Haryanvi_-_Bahu_Kale_Ki_Ajay_Hooda_Gajender_Phogat_Anu_Kadyan_New_D_J_song_2018_Mor_Music.wav,2646078,a36e2e6fce528ef8f6a10e6b903080e41e30ca4c13733f40e92306ea61719ea2,30.0,44100,1,VALID,
Haryanvi,India,Haryanvi\India\Haryanvi\Nav_Haryanvi_-_Bau_Ji_Official_Video_Mohit_Ladhotiya_Fiza_Choudhary_New_Haryanvi_Song_2025_Nav_Haryanvi.wav,2646078,fe19751ef3a412aaa2b1ca10cadac0e79464d3c8dbed10c40df309d180aee403,30.0,44100,1,VALID,
Haryanvi,India,Haryanvi\India\Haryanvi\Naveen_Chaudhary_-_TAKEOVER_Naveen_Chaudhary_Official_Video_ALBOMB_New_Haryanvi_Song_2025.wav,2646078,93a88a0136aa652034a4373d10150121ae575ab05f9d97b207c31522a516ed9b,30.0,44100,1,VALID,
Haryanvi,India,Haryanvi\India\Haryanvi\NDJ_Film_Official_-_2025_Ram_Meher_Mehla_Jukebox_New_Haryanvi_DJ_Songs_Evergreen_Non_Stop_Haryanvi_DJ_Songs_djremix.wav,2646078,691ad28b7360235256a7b94ff12eade999665fb972a465f672ba1d0ca9fc51f0,30.0,44100,1,VALID,
Haryanvi,India,Haryanvi\India\Haryanvi\NDJ_Music_Dhamal_-___Mahre_Gaam_Ka_Pani_Hit_New_Haryanvi_Song_2024_Meeta_Baroda_Raju_Punjabi.wav,2646078,f25896bd5019a021caf13194062c2de6debb07a0bc2fcfebc66ce66ca49dbfe7,30.0,44100,1,VALID,
Haryanvi,India,Haryanvi\India\Haryanvi\No_views_-_Masoom_Sharma_Nonstop_Haryanvi_Songs_New_Haryanvi_Songs_Top_Hit_Songs_Jukebox_Masoom_Sharma.wav,2646078,49772c8985e546f53038a738272e493e04bc77b12154453c10f2d11538cb923e,30.0,44100,1,VALID,
Haryanvi,India,Haryanvi\India\Haryanvi\Number_1_Records_-_WALLAh_WALLAh_haryana_ki_chori_Armaan_Malik_Payal_Malik_New_Haryanvi_Song.wav,2646078,c9ad7395bea3c611e51b0d98c713e4712bac894770b1e690c6bdf811e13e3c44,30.0,44100,1,VALID,
Haryanvi,India,Haryanvi\India\Haryanvi\Pawan_Pilania_Kulbir_Danoda_K_D_-_Best_Haryanvi_Folk_Song_2014_Dhai_Litre_Dudh_Gelya_Barah_Tikkad_Khau_Su_NDJ_Music.wav,2646078,b894c6b0ea0eb3ea95453e5f5c7012c1823399a2ce2d508dfc66ad770835d28c,30.0,44100,1,VALID,
Haryanvi,India,Haryanvi\India\Haryanvi\Pookie_Vibes_-_Haryanvi_Playlist_That_Will_Make_You_Wanna_Dance_on_subscribers_requestPart1Timestamps.wav,2646078,f42b0701bdf6b3d9c73aa694f4142e702ffc06490d65f8a76d3b8972fe86ba27,30.0,44100,1,VALID,
Haryanvi,India,Haryanvi\India\Haryanvi\Praveen_-_Sapna_Choudhary_Hits_Songs_haryanvi_songs_sapna_Choudhary_Hits_all_haryanavi_top_song_2025.wav,2646078,46448b4bdd9ba449a36dc87f1fe204075901d71774dbb20e182ea276098427c9,30.0,44100,1,VALID,
Haryanvi,India,Haryanvi\India\Haryanvi\Prem_Lata_Amanraj_Gill_-_Hopeless.wav,2646078,9e46a89784004ba66598e66d9a901538ba87c971ab0375ad81d222d67a89a33a,30.0,44100,1,VALID,
Haryanvi,India,Haryanvi\India\Haryanvi\Prettypuff_-_Popular_haryanvi_song_for_vibing_timestamps.wav,2646078,b4def156614b5991dcbd5662d0f2d8ea510bf83677b0c74d10946c578c576466,30.0,44100,1,VALID,
Haryanvi,India,Haryanvi\India\Haryanvi\Prime_Time_Originals_-_Control_Official_Video_Sinta_Bhai_Muskan_Thakur_Riyaazi_MP_SegaLatest_Haryanvi_Songs_2025.wav,2646078,114b0cc6c9ccf0582a6bcb05219dc59cf8d3f1c1b0c7ad2c0ff4fa1f90e4af9f,30.0,44100,1,VALID,
Haryanvi,India,Haryanvi\India\Haryanvi\Radhika_Dance_Wing_-_New_Haryanvi_Song_Dance_Video_Dedh_Patti_Chai_Ki_Patila_Pani_Hit_Haryanvi_Song_2025.wav,2646078,8aa831dbe16ea85f53867f52ef0d9fa6a7f9e7130db4af1b576bfb482e915dfd,30.0,44100,1,VALID,
Haryanvi,India,Haryanvi\India\Haryanvi\Raj_Mawar_-_Bahu_Chaudhariya_ki_feat_Aman_Jaji_Pranjal_Dhahiya.wav,2646078,804a744c8d1b0532258f45fa6dbafc38e283b0ee4d95b1d926de3cc9baa24599,30.0,44100,1,VALID,
Haryanvi,India,Haryanvi\India\Haryanvi\Raj_Mawar_-_Balam_Mucha_Aala_Official_VideoGulshan_MusicJaat_Nia_New_Haryanvi_Songs_Haryanavi_2025_Dj_Song_feat_Gulshan_Music_Jaat_Nia.wav,2646078,ca1a0b714bea39ad71fba2419792507b090fd893da87b13183c1c73d4ac42d37,30.0,44100,1,VALID,
Haryanvi,India,Haryanvi\India\Haryanvi\Raj_Mawar_-_Fortuner.wav,2646078,e410241a6177b7faf56914275a388127a900f579c5b6280c91d0ed81c376c18e,30.0,44100,1,VALID,
Haryanvi,India,Haryanvi\India\Haryanvi\Raj_Mawar_-_Fortuner_Dance_Video_Gulshan_MusicJaat_NiaRuchika_Jangid_New_Haryanvi_Songs_Haryanavi_2025_feat_Gulshan_Music_Jaat_Nia.wav,2646078,da2cd904b706e486dc0188b7e579dfc8773118de7c46fb05e30c398bfe4e27f1,30.0,44100,1,VALID,
Haryanvi,India,Haryanvi\India\Haryanvi\Raj_Mawar_-_Fortuner_Official_Video_Gulshan_MusicJaat_NiaRuchika_Jangid_New_Haryanvi_Songs_Haryanavi_2025_feat_Gulshan_Music_Jaat_Nia.wav,2646078,359778dc72c3c6571b83775ea53dc3a67b5e394ab0409237318163af8b257092,30.0,44100,1,VALID,
Haryanvi,India,Haryanvi\India\Haryanvi\Raj_Mawar_-_Ji_Laage_Babya_Mai.wav,2646078,3b74e094f090f90fdf627fc8fcfe7a6f0a732963b4ce9ea60611159da5fb9562,30.0,44100,1,VALID,
Haryanvi,India,Haryanvi\India\Haryanvi\Raj_Mawar_-_Uncha_Nicha_Rasta_New_Haryanvi_DJ_Viral_Song_2025_Raj_Mawar_Komal_C_Bharti_Choudhary_Dance_feat_Bharti_Choudhary.wav,2646078,e63c7b1a984f815bf66a9c87720f0c378e416c9950af705300efc7b673eab54d,30.0,44100,1,VALID,
Haryanvi,India,Haryanvi\India\Haryanvi\Raju_Punjabi_-_Sandal.wav,2646078,aed7e93664877b7834d167c8f1866dd6158ccfbe6895aab0316d6b3b152e0a67,30.0,44100,1,VALID,
Haryanvi,India,Haryanvi\India\Haryanvi\Real_Music_-_Best_of_Sumit_Parta_Vol_1_Video_Jukebox_Haryanvi_Hip_Hop_2025_Real_Music.wav,2646078,0be07521fa178b4b1327aa01475b8e78e6c8ea3420c8c488a14f46f3041d3195,30.0,44100,1,VALID,
Haryanvi,India,Haryanvi\India\Haryanvi\Renuka_Panwar_-_Lapeta.wav,2646078,7a2f003aa340d52f9bafa68e1f29fbed07ec53e30762f6105d24970dac27759f,30.0,44100,1,VALID,
Haryanvi,India,Haryanvi\India\Haryanvi\Renuka_Saini_-_Top_Haryanvi_Songs_2024_Ashu_TwinkleMasoom_SharmaRaj_MawarPunit_ChoudharyKhushi_Baliyan.wav,2646078,0ba7e1b53ca0cd5af0b52b2713eaa76ef053b049327bdc93c48d5b6c5c7f9d03,30.0,44100,1,VALID,
Haryanvi,India,Haryanvi\India\Haryanvi\Royal_dj_sonu_-_royaldjsonu_Haryanvi_Dance_hits_non_stop_2025.wav,2646078,8822d7a33dc77220e6c89d5f2885b47dac4f1f4a61c3fef88c89ec5e30dd0ada,30.0,44100,1,VALID,
Haryanvi,India,Haryanvi\India\Haryanvi\Ruchika_Jangid_-_Badli_Badli_Lage.wav,2646078,904c578f5dacea02d5b36126476801ff057d4fa0847dfd53509375b0ba1c6da3,30.0,44100,1,VALID,
Haryanvi,India,Haryanvi\India\Haryanvi\Ruchika_Jangid_-_Teri_Lat_Lag_Jagi.wav,2646078,606ce5e168cf3332d39b1704b05e048e63036d3060a9805aa671c5b8ada0dd13,30.0,44100,1,VALID,
Haryanvi,India,Haryanvi\India\Haryanvi\Sadda_Haryanvi_-_Masoom_Sharma_Banned_Songs_2025_Top_10_Hit_Song_Latest_Haryanvi_Song_New_Haryanvi_Song.wav,2646078,2ae07086337e59fb48991c0ef494a12bd92a22861e0e4e456be453fefd616db7,30.0,44100,1,VALID,
Haryanvi,India,Haryanvi\India\Haryanvi\Sargam_Digital_-_Aalu_Matar_Official_Music_Video_Diler_Kharkiya_Anjali_Raghav_New_Haryanvi_Song_2025.wav,2646078,3c2b41656a977915c3c95e3743a8b9715ac0d9c2a8fab102d65750d5d9e2bd6a,30.0,44100,1,VALID,
Haryanvi,India,Haryanvi\India\Haryanvi\SF_Music_-_Uncha_Nicha_Rasta_New_Haryanvi_DJ_Viral_Song_2025_Raj_Mawar_Komal_C_Bharti_Choudhary_Dance.wav,2646078,e63c7b1a984f815bf66a9c87720f0c378e416c9950af705300efc7b673eab54d,30.0,44100,1,VALID,
Haryanvi,India,Haryanvi\India\Haryanvi\Sheenam_Katholic_-_Teri_Ramjhol_Bole_Gi_feat_Aarohi_Raghav_Kay_D.wav,2646078,df079e49ef503049d5d6e2283a52181979293f256dd0fca82aa14c72840d6efb,30.0,44100,1,VALID,
Haryanvi,India,Haryanvi\India\Haryanvi\SKY_RAJ_YADAV_-_Hero_Honda_Official_Music_Video_Punit_Choudhary_Khushi_Baliyan_New_Haryanvi_Song_2025.wav,2646078,ab44904be8eed93057198038400c5491949a5486e9fa5d49cfc3d991ed6ce362,30.0,44100,1,VALID,
Haryanvi,India,Haryanvi\India\Haryanvi\Sonotek_-_English_Medium_Sapna_Chaudhary_Vicky_Kajla_Masoom_Sharma_AK_Jatti_New_Haryanvi_Song_2020.wav,2646078,ddf3a6bf7dc1b72ad0f2f80dee8cb3b9f9851d8804abf269fea901a7c60ab7ae,30.0,44100,1,VALID,
Haryanvi,India,Haryanvi\India\Haryanvi\Sonotek_-_Parole_Sonika_Singh_Masoom_Sharma_Ft_Nikku_Jantiaala_Latest_Haryanvi_Songs_Haryanavi_2019.wav,2646078,6b535fb4e8fa06beb26daccfd21c9c4ad12445c5883f6b8859d2e7dc8a564dac,30.0,44100,1,VALID,
Haryanvi,India,Haryanvi\India\Haryanvi\Sumit_Parta_-_Matter.wav,2646078,088a76d15fbabd66da0e2d224f2df2029f84e1bc9ebf77fd1ff6ad5bb4c0cefb,30.0,44100,1,VALID,
Haryanvi,India,Haryanvi\India\Haryanvi\Sumit_Parta_Xtacy_-_Tagde_Karam.wav,2646078,462fe7bf357150b1aa9c130563c9d76c2e3bbef0cb61545ee52d5594a89b4697,30.0,44100,1,VALID,
Haryanvi,India,Haryanvi\India\Haryanvi\Swag_style_-_Financer_Bintu_Pabra_Pranjal_Dahiya_Gunde_Bhi_Financer_Bhi_New_Haryanvi_Song.wav,2646078,ab9995214b3f1acbaa0397baecee6c6b57eefbf11b0bb5b066c3ea033db365fa,30.0,44100,1,VALID,
Haryanvi,India,Haryanvi\India\Haryanvi\Swara_Verma_-_Warning.wav,2646078,521cf8ce5cd7bdcb066109cc1b3dc6f357c90ba90e04e5e7a8af6279c5576c58,30.0,44100,1,VALID,
Haryanvi,India,Haryanvi\India\Haryanvi\T_SERIES_HARYANVI_-_Propose_Masoom_Sharma_Feat_Biru_Kataria_Abhay_Baisla_Yashikha_Tyagi_New_Haryanvi_Song_2025.wav,2646078,9410416487d33c897b8c47b1c82d8249df91abca07628b4e41abb69837696150,30.0,44100,1,VALID,
Haryanvi,India,Haryanvi\India\Haryanvi\Tuffan_Music_-_Wadiyan_Full_Song_Masoom_Sharma_Amar_Karnawal_Varsha_Sharma_New_Haryanvi_Song_2025.wav,2646078,3ec81c7448a2c63407b2dfa0b5f1d5d6181a7d4ea76cdc7e1c01de6c0fcb792d,30.0,44100,1,VALID,
Haryanvi,India,Haryanvi\India\Haryanvi\Tushar_Payla_-_Best_Of_Tushar_Payla_Latest_Haryanvi_Songs_Tushar_Payla_Songs_All_Hits_Of_Badmashi_Songs_2025.wav,2646078,463a47a7b26d21f33d60fe7336208dc9885c8ec5b51a875ea0f34a071fed0252,30.0,44100,1,VALID,
Haryanvi,India,Haryanvi\India\Haryanvi\Update_Zone_-_Masoom_Sharma_Banned_Songs_Best_of_Masoom_Sharma_Jukebox_New_Haryanvi_Songs_Haryanavi_2025.wav,2646078,0ef9b86956fd53cdbaa17eeaaaa1dd0be714773c631671ea082a1fd92e372b3b,30.0,44100,1,VALID,
Haryanvi,India,Haryanvi\India\Haryanvi\Update_Zone_-_Masoom_Sharma_Official_Video_Top_10_New_Songs_Amar_Karnawal_New_Haryanvi_Songs_Haryanavi_2025.wav,2646078,966232fe325f51486957810ebcd513043ee06a7c2069e7534d7d1c1e28e2092e,30.0,44100,1,VALID,
Haryanvi,India,Haryanvi\India\Haryanvi\Update_Zone_-_Masoom_Sharmas_Most_Popular_Haryanvi_Songs_Best_Haryanvi_Songs_Top_Trending_Haryanvi_Songs.wav,2646078,b6819cfff244b154a05c93d5ee24184f36feec6fb34b56c35dcfa2e3461f63f7,30.0,44100,1,VALID,
Haryanvi,India,Haryanvi\India\Haryanvi\V2N_MUSIC_-_2025_TOP_SUPERHIT_HARYANVI_SAD_SONGS_FOREVER_goldegillmusic.wav,2646078,cddfc7f13ffc6e559154b9779d25ce5f6443cc922654b351546eadc913f31de6,30.0,44100,1,VALID,
Haryanvi,India,Haryanvi\India\Haryanvi\v_nnbvtj_-_Sapna_Choudhary_New_Haryanvi_Songs_2024_Top_Haryanvi_Jukebox_2024_Sapna_Choudhary_Superhit_Songs.wav,2646078,26878eb2e1fd1bbbea3c243daa09fcb0312417a9bd39dceb6c16716dbb535bbf,30.0,44100,1,VALID,
Haryanvi,India,Haryanvi\India\Haryanvi\v_nnbvtj_-_Sapna_Choudhary_New_Haryanvi_Songs_2024_Top_Haryanvi_Jukebox_2024_Tuition_badmashi_ka_masoom_s.wav,2646078,c56fa4c0f95af9967b144f6c84006d59d38de2555bb92bcc706190947cdc4086,30.0,44100,1,VALID,
Haryanvi,India,Haryanvi\India\Haryanvi\VATS_RECORDS_-_2024_SuperHit_Haryanvi_DJ_Songs_Ajay_Hooda_Sapna_Chaudhary_Renuka_Panwar_New_Haryanvi_2024.wav,2646078,fdcd61e962f2167dcf71192e1b380a777294644cb50529b765552df2193083ca,30.0,44100,1,VALID,
Haryanvi,India,Haryanvi\India\Haryanvi\VC_RECORDS_-_Best_of_Dhanda_Nyoliwala_Haryanvi_songs_Playlist_Haryanvi_rap_songs.wav,2646078,27d5a3a40fbedbdfedb02795d7ae1f068dd46a2c88808d0cfb03d3a9c07d7eef,30.0,44100,1,VALID,
Haryanvi,India,Haryanvi\India\Haryanvi\Vikram_Sarkar_-_Naam_Chale.wav,2646078,f98bb003d4e3159191c12238124819b78541a8d06e675e7f42662f0bb526a7b8,30.0,44100,1,VALID,
Haryanvi,India,Haryanvi\India\Haryanvi\VJ_Tunes_Music_-_Aalu_Matar_Official_Music_Video_Diler_Kharkiya_Anjali_Raghav_New_Haryanvi_Song_2025.wav,2646078,3c2b41656a977915c3c95e3743a8b9715ac0d9c2a8fab102d65750d5d9e2bd6a,30.0,44100,1,VALID,
Haryanvi,India,Haryanvi\India\Haryanvi\White_Hill_Dhaakad_-_20_Songs_For_Workout_Jukebox_Haryanvi_Songs_2024_Music_For_Gym_Haryanvi_DJ_Song.wav,2646078,bb55b3336ac4b364fc86826ab507eaed11b8d75e8d027be70b80a8d66c0d1b55,30.0,44100,1,VALID,
Haryanvi,India,Haryanvi\India\Haryanvi\Yadav_boy_-_Masoom_Sharma_branded_songs_Haryanvi_song.wav,2646078,a3fca66b75fb39ec6d68ba71db2b1b92a504f63f13fa5c12d85cb4ca980c67ce,30.0,44100,1,VALID,
Hyperpop,Global,Hyperpop\Global\Hyperpop\02Hz_-_Essential_HYPERPOP_Tracks_SOPHIE_Charli_XCX_Ashnikko_ElyOtto_More.wav,2646078,3f484c7a060c0af87c4b66eee246bfcbb6237010b9f82a7107d9d3e625be4e2f,30.0,44100,1,VALID,
Hyperpop,Global,Hyperpop\Global\Hyperpop\_chilled_cheetah_-_my_favorite_lemon_demon_songs_a_hyper_playlist.wav,2646078,de7aeaeb84a1dcdd8add5ab80567f2359e13d5315e5609422672176c963d2927,30.0,44100,1,VALID,
Hyperpop,Global,Hyperpop\Global\Hyperpop\Adamin_Studios_-_Hyperpop_Music_Compilation_V1.wav,2646078,6b54aacc5b42b5ada6d14c53a0d922aa7c50c081d02dc3fbd658de177768001d,30.0,44100,1,VALID,
Hyperpop,Global,Hyperpop\Global\Hyperpop\Adamusic_-_CLUBPOP_Adamusic_DJ_Set_Britney_Spears_Lady_Gaga_Charli_xcx_Beyonc_Doja_Cat_Kesha.wav,2646078,1eb1dd624c29e022345e95e24a8cfd2e3fca897ab4bd36ab5623d23b4c704a36,30.0,44100,1,VALID,
Hyperpop,Global,Hyperpop\Global\Hyperpop\Aki_-_Free_for_profit_2010_pop_x_Kesha_x_Hyperpop_type_beat_flicker_prod_Aki.wav,2646078,3153d25b0883c2d0feec7966bb9e93b41a21cdaee3ed1055d3f77799f8749c60,30.0,44100,1,VALID,
Hyperpop,Global,Hyperpop\Global\Hyperpop\Alivent_-_Songs_with_chaotic_energy_to_be_hyper_to_An_aggressive_headbop_playlist.wav,2646078,aa52d22716448a7466ff806672f44fed5aa756357c84e3b66a3561095b49357b,30.0,44100,1,VALID,
Hyperpop,Global,Hyperpop\Global\Hyperpop\AmeriVox_-_VELOCITY_CHECK_150_BPM_AmeriVox_The_Overclocked_Hyper_Pop_Anthem.wav,2646078,2fb383519e06604e795e97d3795db83469b39b2c6143ba6de7e31d27346187c7,30.0,44100,1,VALID,
Hyperpop,Global,Hyperpop\Global\Hyperpop\AudioNova_No_Copyright_Music_-_Pulse_Drop_Futuristic_EDM_Hyperpop_Beat_No_Copyright_Music_Free_Download.wav,2646078,99b5ecd4e5b4512f145e214884092d0d48b9c843d30c0ee2ae8ad1db3154e773,30.0,44100,1,VALID,
Hyperpop,Global,Hyperpop\Global\Hyperpop\Awesome_Shorts_-_Hit_Refresh_Hyperpop_Dance_Pop_Electronic_Dance_Pop.wav,2646078,dd1c6f099c30423362728e627034ab533477960821c2128c8a3679d8d1249600,30.0,44100,1,VALID,
Hyperpop,Global,Hyperpop\Global\Hyperpop\BayGush_-_BEST_HYPERPOP_DECEMBER_2024.wav,2646078,4114c4c1f625b44275d362c7ec1e7b26a259727e225d47372a4d061ec3cccd80,30.0,44100,1,VALID,
Hyperpop,Global,Hyperpop\Global\Hyperpop\BayGush_-_Best_Hyperpop_Music_10_Hours_of_Energetic_and_Experimental_Sounds.wav,2646078,a444f4269b8a1534580236a5d12e9490e980a36117a6bb777668d03bc2fc28a0,30.0,44100,1,VALID,
Hyperpop,Global,Hyperpop\Global\Hyperpop\Biteki_-_call_of_the_night_pt_2_a_hyperpop_playlist_mix.wav,2646078,42976fe90a7ef39b84e7bddc38c3227cc1d0e6a227cae8ce446d15e8b4425d17,30.0,44100,1,VALID,
Hyperpop,Global,Hyperpop\Global\Hyperpop\blue_-_famous_sped_up_phonk_playlist.wav,2646078,f2266c5fae99cb1acea8d0a7dcf96c4562e16ab57c1384a88fde130b705f36f0,30.0,44100,1,VALID,
Hyperpop,Global,Hyperpop\Global\Hyperpop\bonnierogerr_-_FREE_Pop_Rock_x_Alt_Rock_Type_Beat_Injections.wav,2646078,2a143451cee8d86c6cc05039f3288eebace78c1744d50b1aac5b76683be25f9b,30.0,44100,1,VALID,
Hyperpop,Global,Hyperpop\Global\Hyperpop\C3Y707_-_a_sped_up_hyperpop_playlist_because_why_not_2020_2021_nostalgia.wav,2646078,c1b7fae60f6c07c7c41dddb78c79b10479ddb85a638b7b8d1e78e455d365d8f1,30.0,44100,1,VALID,
Hyperpop,Global,Hyperpop\Global\Hyperpop\Charli_xcx_-_Claws.wav,2646078,e2c02f5353f80124d9d82f9d8ae9f128a9177ef50a1b4283c82774cad635fca6,30.0,44100,1,VALID,
Hyperpop,Global,Hyperpop\Global\Hyperpop\chewnip_-_last_friday_nightdont_let_me_down_HYPERPOP_REMIX.wav,2646078,74c5243725cf155717ee4033cfcaed8e71907af09409c427b993bb11b1a7fe0f,30.0,44100,1,VALID,
Hyperpop,Global,Hyperpop\Global\Hyperpop\CringeO_Music_-_BEST_HYPERPOP_POSSE_CUTS_Posse_Cut_Hyperpop_Glitchcore_Robloxcore_Track_Mix_Presented_by_UR1N3.wav,2646078,8ba2801cc199a456ef8091320642cc919f5521a100ae9245b74caad12c8ebd07,30.0,44100,1,VALID,
Hyperpop,Global,Hyperpop\Global\Hyperpop\debandayo_-_ODETARI_PLAYLIST.wav,2646078,38fefe2f5002f67ff022f5c2d5eb2894dc691985aa46a7bac9fd3b2ef32e0975,30.0,44100,1,VALID,
Hyperpop,Global,Hyperpop\Global\Hyperpop\dera_-_FREE_Hyperpop_x_digicore_type_beat_loved.wav,2646078,8d3122a9aa21e86bed4498e2e478dfb5e629df08a80475094c416bc11e76c16a,30.0,44100,1,VALID,
Hyperpop,Global,Hyperpop\Global\Hyperpop\dera_-_FREE_Hyperpop_x_digicore_x_kawaii_x_jersey_type_beat_Overcome.wav,2646078,4a7257371d86d88c17381dddb535e3f845108f878af726845a8514c4b987576d,30.0,44100,1,VALID,
Hyperpop,Global,Hyperpop\Global\Hyperpop\DJ_rata_-_EDM_Hyperpop_DJ_MIX_to_dance_like_thismp3_Charli_xcx_Shygirl_AG_Cook_Ninajirachi.wav,2646078,28db7560617947b4b0ccfd19f057d9bb93310adc6e9fdc997b7e09cc559d2ecf,30.0,44100,1,VALID,
Hyperpop,Global,Hyperpop\Global\Hyperpop\dxllitta_-_Charli_XCX_Good_Girls_XCX_World_unreleased.wav,2646078,3330cc0b1c2e13d6169e994f14d2b0b65c7a495dfdc4cdb30d5b9e39f5f63f0f,30.0,44100,1,VALID,
Hyperpop,Global,Hyperpop\Global\Hyperpop\Eco_Free_Tunes_-_Glitchy_Candy_Hyperpop_Music_Eco_Free_Tunes.wav,2646078,a0d3ed0bc7c4bb8c56fe938650f69c35e81a73de0abbb8b06878635d7ca4b3c9,30.0,44100,1,VALID,
Hyperpop,Global,Hyperpop\Global\Hyperpop\Eky_Fergiawan_-_era_of_mentality_hyperpop_music_ai.wav,2646078,6900f72eaff1df7d3d28f626a19ba483aeb42b90bbd310e0b5b659c794dde620,30.0,44100,1,VALID,
Hyperpop,Global,Hyperpop\Global\Hyperpop\ElyOtto_-_SugarCrash_Official_Video.wav,1849368,0e2ea6bbd80c9fd31f654ad1e119d3e7ca096d6228d1250ad60ef72ae683aa23,20.967,44100,1,VALID,
Hyperpop,Global,Hyperpop\Global\Hyperpop\Ennaria_-_Ennaria_Monstarrr_OFFICIAL_MUSIC_VIDEO.wav,2646078,18f2a5401e24e7988e38c4f719349edfaab9073b53ff5ac0c36d24d8c833dc28,30.0,44100,1,VALID,
Hyperpop,Global,Hyperpop\Global\Hyperpop\eze_-_cant_let_gang_know_i_fw_this_mix_feat_k_poprnb_ukg_jersey_club.wav,2646078,2032cf7bb5f15dfa5af67a6eec6125ed4f8b2409aa342e6170c2d1303aa9e91c,30.0,44100,1,VALID,
Hyperpop,Global,Hyperpop\Global\Hyperpop\eze_-_recession_pop_on_speed_garage.wav,2646078,e65653e7c707b667e328e4069a3dcbdbef1765f70170e3f3b1c3b8bc45ad8cbb,30.0,44100,1,VALID,
Hyperpop,Global,Hyperpop\Global\Hyperpop\eze_-_tweaking_tf_out_on_y2k_hyperpop_techno_trance.wav,2646078,e6a881126e500fcbc46de46fa61f2c5c8d05a6a9f3b81ba0a37e097f4b6ba986,30.0,44100,1,VALID,
Hyperpop,Global,Hyperpop\Global\Hyperpop\FamiliAplay_-_Best_Hyperpop_Music_Playlist.wav,2646078,e5b1f85f430563524e944d7a78a5d7d8c8953ce65d57c8888d3e1b90d7d6abee,30.0,44100,1,VALID,
Hyperpop,Global,Hyperpop\Global\Hyperpop\Fantom_-_FREE_Charli_XCX_x_Hyperpop_Type_Beat_CRUSH.wav,2646078,bbaf5b6ad687b11327a946539be41f2113aaba9bc3797f6a070d12006052bb1d,30.0,44100,1,VALID,
Hyperpop,Global,Hyperpop\Global\Hyperpop\Freequency_Studio_-_Best_Hyperpop_Tracks_Vol_2.wav,2646078,6b354492f619d65b094fe51336a6de61804171ff87e836adfba7ffea9f955346,30.0,44100,1,VALID,
Hyperpop,Global,Hyperpop\Global\Hyperpop\Freequency_Studio_-_NEON_REVERIE_Hyperpop_Instrumental_No_Copyright_Royalty_Free_Music.wav,2646078,3055372ef3c86ad601f4e6f975cccd8e70d9f9f6a5ab627a45647c5a89701a38,30.0,44100,1,VALID,
Hyperpop,Global,Hyperpop\Global\Hyperpop\Friendly_Kids_Extreme_-_MINECRAFT_COOL_BEST_HYPERPOP_SONG.wav,2646078,93185c782df9550a0fe9a994a7a8bceced73104807abbcfc7f67d582934e4086,30.0,44100,1,VALID,
Hyperpop,Global,Hyperpop\Global\Hyperpop\friganya_-_SOPHIE_VYZEE_MELODIC_PART_EXTENTED_EDIT.wav,2646078,7c7880ef18379ea3daab627034a8e6c46aac3b6b693c63504c7716356bf2ff23,30.0,44100,1,VALID,
Hyperpop,Global,Hyperpop\Global\Hyperpop\FromThx_L_-_XL_HYPER_POP_LUV_Official_Music_Video.wav,2646078,c726647bdd7c79fb52710c3e01dc0ff5f6ffabd6ee6269ec18680f978f5dd133,30.0,44100,1,VALID,
Hyperpop,Global,Hyperpop\Global\Hyperpop\Geam_-_FREE_Ken_Carson_x_Hyperpop_type_beat_popular.wav,2646078,813e04e624247711d6da4ace36292ee16b68caaf73e000bf8a95cad93784eee6,30.0,44100,1,VALID,
Hyperpop,Global,Hyperpop\Global\Hyperpop\Generative_AI_Channel_-_Original_Hyperpop_AI_music_video.wav,2646078,d880a8e6df395320627d3be1639bf9dd599daf8ce17e699ba27c8893ae868b34,30.0,44100,1,VALID,
Hyperpop,Global,Hyperpop\Global\Hyperpop\GIRMUSIK_-_HYPERPOP_MUSIC_FOR_MOTIVATION.wav,2646078,3a5403f483ddaaf27562e8bb44a1a8d6d8fcb9ef52122e23ff8c938ee2ed318e,30.0,44100,1,VALID,
Hyperpop,Global,Hyperpop\Global\Hyperpop\GlitchPop_-_Best_Emo_Vibe_Hyperpop_Mix_Glitchy_Build_Up_Music_V11.wav,2646078,681a4d2aeedc2f553b39b28776c7c4adc30a669f6f0d00b6a9cd76ee6a17a140,30.0,44100,1,VALID,
Hyperpop,Global,Hyperpop\Global\Hyperpop\GlitchPop_-_Best_High_Energy_Hyperpop_Mix_Bass_Drop_Build_Up_Music_V19.wav,2646078,9b22008dd88f7f12bc06eb003dc63e7d153ab8ff3cd373cfc73f66a40af16ef6,30.0,44100,1,VALID,
Hyperpop,Global,Hyperpop\Global\Hyperpop\GlitchPop_-_Best_Hyperpop_Mix_High_Energy_Glitchy_Build_Up_Vibes_V7.wav,2646078,3fee5c44b81b13a90a06c6aa476084437c6c6569f284960fd20788939426346b,30.0,44100,1,VALID,
Hyperpop,Global,Hyperpop\Global\Hyperpop\GlitchPop_-_Best_Hyperpop_Mix_High_Energy_Glitchy_Build_Up_Vibes_V8.wav,2646078,14db3b72f3e1d371e71d85c536c39ffec62bb504ebb3a9256899555f98736a04,30.0,44100,1,VALID,
Hyperpop,Global,Hyperpop\Global\Hyperpop\GlitchPop_-_Best_Hyperpop_Mix_High_Energy_Music_V2.wav,2646078,c9fbbb105a1a112f8476952a636e7b8da8781088dbf1c565490d4539455aa7ae,30.0,44100,1,VALID,
Hyperpop,Global,Hyperpop\Global\Hyperpop\GlitchPop_-_Ultimate_Hyperpop_Love_Emo_Mix_Best_Build_Up_Tracks_V10.wav,2646078,09d3fd92558d05b289a20afa850fb0564543513e717101949b1bb69cc6636424,30.0,44100,1,VALID,
Hyperpop,Global,Hyperpop\Global\Hyperpop\GMT_-_TOP_26_Happy_New_Year_2026_Songs_Ultimate_New_Year_Party_Music_Mix_EDM_Pop_Afro_Disco.wav,2646078,df525896b9fdbde438fff563f4328aa45c4172456a12fee350e6e9737f36d353,30.0,44100,1,VALID,
Hyperpop,Global,Hyperpop\Global\Hyperpop\GoldStyleJenn_-_InfinityKat_Night_Crystal_2023_Hyperpop_music.wav,2646078,6dda9a138d3511810a8ee414071e6f6742454d4499e253a7c49f935f4e37ad09,30.0,44100,1,VALID,
Hyperpop,Global,Hyperpop\Global\Hyperpop\H1gs_-_Hyper_pop_top_of_the_world_Prod_h1gs.wav,2646078,d898d87a2376a942da253a928fa572bfd992799af770ead81ce684cfd0f4ed72,30.0,44100,1,VALID,
Hyperpop,Global,Hyperpop\Global\Hyperpop\HEXXRUSH_-_HEXXRUSH_Star_underground_hyperpop_music_spedupsongs_spotify.wav,2646078,a70edea97b3a36016f40203702f7301a3e99d9c4e24f6ac08a6b97ebb2571078,30.0,44100,1,VALID,
Hyperpop,Global,Hyperpop\Global\Hyperpop\Higher_Dimension_Hz_-_Too_Faraway_Synthwave_Hyperpop_Music.wav,2646078,c8c9b3d495a91f47c825b85ad4853fcd8b762a856a40940f5e8b31f0afc7292a,30.0,44100,1,VALID,
Hyperpop,Global,Hyperpop\Global\Hyperpop\HighPing_-_Here_For_You_HighPinghyperpop_music.wav,723672,4b3acdf0dec001c45e04f78ff8ce33de50fdbb72fa685919e6147e51f56d72f2,8.204,44100,1,VALID,
Hyperpop,Global,Hyperpop\Global\Hyperpop\Hitori_-_Head_bopping_while_drinking_monster_energy_a_hyperpopelectropop_playlist.wav,2646078,a84e10acef793f04e41e21add521d68d4163ebfda7ccb8b88f14c91025271d26,30.0,44100,1,VALID,
Hyperpop,Global,Hyperpop\Global\Hyperpop\Horn_Lennon_-_NYSHA_5_POS_2_HOUR_Drain_Hyperpop_Glitchcore_MIX.wav,2646078,9389d7bfb570e7acc4f61ac451e25eb94ec1065d418874f68b0a151f497fe7ea,30.0,44100,1,VALID,
Hyperpop,Global,Hyperpop\Global\Hyperpop\Hyperpop_-_This_Chinese_Hyperpop_Music_Is_So_Great.wav,2646078,caf209164152dbbeccba26d131db82418ea7405bbceb0f5595157ecaea8dc651,30.0,44100,1,VALID,
Hyperpop,Global,Hyperpop\Global\Hyperpop\Hyperpop_Monarch_-_Hyperpop_Monarch_falling_up_Lyric_Video.wav,2646078,19c0531f8391c3885476922b68fbdb0ec2b7e00d52c3e01ba00b892f6e92050b,30.0,44100,1,VALID,
Hyperpop,Global,Hyperpop\Global\Hyperpop\Hyperpop_song_created_with_Suno_Ai_-_Hyper_Pop_music_Created_By_Suno_Ai.wav,2646078,507d1136794cb9437ffe21a7fa25c07f931b523e1c54f03fb1172cbaea8ce8f7,30.0,44100,1,VALID,
Hyperpop,Global,Hyperpop\Global\Hyperpop\HyperTunes_-_SNOW_STRIPPERS_UNDER_YOUR_SPELL_Lyrics.wav,2646078,14c00af91141282d5a1d90bd9020b2c9b1aabb94bd900cb92437f4edc9b8328f,30.0,44100,1,VALID,
Hyperpop,Global,Hyperpop\Global\Hyperpop\Klimlords_Beats_-_FREE_Hyperpop_Type_Beat_x_Pop_Punk_Type_Beat_x_Rock_Pocket.wav,2646078,50060baa4cea5a03a074707503f1534162cdcb5226506a2a71640a6d1f030b75,30.0,44100,1,VALID,
Hyperpop,Global,Hyperpop\Global\Hyperpop\kolji_-_free_hyperpop_x_glitchore_type_beat_starlight_prodby_Kolji.wav,1326810,824b47b22602a71b99dfb3e87f3a102a7bc9416f61d2cf2e39d126b0083f20a5,15.042,44100,1,VALID,
Hyperpop,Global,Hyperpop\Global\Hyperpop\KVASS_REMIX_Music_Remix_Channel_-_Hyperpop_Glitchcore_New_Hyperpop_Music_Mix_2025.wav,2646078,51548e51b9e5a9b455b06921241fd8ac98e7a27327aef15b22ee988f5fd38ed0,30.0,44100,1,VALID,
Hyperpop,Global,Hyperpop\Global\Hyperpop\Kyapi_Loveless_-_songs_that_will_give_you_a_lot_of_energynot_is_hyperpop.wav,2646078,2bd9f199c9184341d66a54559bf8e72513acaf74eae0bc34a001c0e04869c30b,30.0,44100,1,VALID,
Hyperpop,Global,Hyperpop\Global\Hyperpop\kyoku_-_speed_songs_that_give_me_energy.wav,2646078,562c4ceb3db7be124af065bfe171c6421c98f84735a2e7791574e6e286512eb7,30.0,44100,1,VALID,
Hyperpop,Global,Hyperpop\Global\Hyperpop\Laugh_Track_Lab_-_Neon_Glitch_Parade_Hyperpop_Music_Video_Official.wav,2646078,faa7ab4ee1930c3135c020939b1ae20b9a888ed28b234a16d82468fbd821a9eb,30.0,44100,1,VALID,
Hyperpop,Global,Hyperpop\Global\Hyperpop\League_SFX_-_TFT_Set_10_Hyperpop_Music.wav,2646078,c7505e15662393f54aa70cf8632fb283a0760fa9ad0f2414c097a7245b3a6318,30.0,44100,1,VALID,
Hyperpop,Global,Hyperpop\Global\Hyperpop\Little_Wonder_Buddies_-_Vaporwave_Lofi_Experimental_Hyperpop_Mix_CodingWork_Music_12h.wav,2646078,8ded2cf0ddb221fc71ad3ef072475de86954ee71dcc015203d7f2d3781c96fe9,30.0,44100,1,VALID,
Hyperpop,Global,Hyperpop\Global\Hyperpop\luvercy_-_free_playboi_carti_x_hyperpop_type_beati_only_wish_the_best_4uprodluvercy.wav,2646078,89dc6332e88e39429955e3f1485f5dcecb15431f132706a47bb9c2e2e26522fd,30.0,44100,1,VALID,
Hyperpop,Global,Hyperpop\Global\Hyperpop\LX9mik_-_LX9mik_Binary_Soul_Official_Music_Video_hyperpop_music_lx9mik_edm.wav,2646078,9fe23f26a946691f1cbe64363011004e7d7bd14ede8e7cabc927f649552f2eb6,30.0,44100,1,VALID,
Hyperpop,Global,Hyperpop\Global\Hyperpop\LX9mik_-_LX9mik_Looped_Reality_Official_Music_Videohyperpop_music_lx9mik_futurebass_edm.wav,2646078,6a08843ece961ed4d7f2878fdd5194c0e492e7a4a22b0601df6a6d815b341c3a,30.0,44100,1,VALID,
Hyperpop,Global,Hyperpop\Global\Hyperpop\Lyrical_Rain_-_BrooklynBloodPop_Full_Audio_BEST_HYPERPOP_SONGS.wav,2646078,4f0f60ba77831246f0299eab90f718deec021b86fe3e5da7c7c3c99bc4b065b9,30.0,44100,1,VALID,
Hyperpop,Global,Hyperpop\Global\Hyperpop\m00n_emoji_-_FREE_Charli_XCX_x_SOPHIE_x_hyperpop_Type_Beat_Why_Do_I_Always_Leave_Pop_2025.wav,2646078,1da1cc8cd8dab1bb609c10fb756610f8a6018a6813758a58408d8af3454616df,30.0,44100,1,VALID,
Hyperpop,Global,Hyperpop\Global\Hyperpop\Magic_Water_-_Best_Hyperpop_Mix_Melancholic_Hyperpop_for_Late_Night_Overthinking.wav,2646078,a540b626e5b559054bea22970668a3f3ad1420d9ed3ddedffc289a93f46f6d0c,30.0,44100,1,VALID,
Hyperpop,Global,Hyperpop\Global\Hyperpop\Make_your_day_-_100_gecs_757_Best_hyperpop_songs_in_history.wav,2646078,658c43c24df5e782d447bc9f199112d19f5bb3b74d52fd2c3eb80f7f8c6ce739,30.0,44100,1,VALID,
Hyperpop,Global,Hyperpop\Global\Hyperpop\Makoto_Music_-_HYPERTALK_AI_HYPER_POP_music_musiccreation_ai_hyperpop_pop.wav,2646078,01af86343c52a27582587c59939a0a2bdda709d76836db929334a6b50a597dae,30.0,44100,1,VALID,
Hyperpop,Global,Hyperpop\Global\Hyperpop\Manu_Oropeza_DJ_-_The_Girly_POP_Dj_SET_Britney_Spears_Sabrina_Carpenter_Miley_Cyrus_Paris_Hilton_Manu_Oropeza.wav,2646078,8b53b54a9994cfea1168c1482d0edd6939f9eddaf4ff85f1252a2b055c0ae906,30.0,44100,1,VALID,
Hyperpop,Global,Hyperpop\Global\Hyperpop\masen_-_starry_breakcore_mix.wav,2646078,ced16ed2d6dbf60d1e04489a59d58b119919a0a373e5bffe3de6c10b62150fb8,30.0,44100,1,VALID,
Hyperpop,Global,Hyperpop\Global\Hyperpop\MClaw_-_Velvet_Riot_Dark_Hyperpop_Trap_Pop_Vocaloid_New_Music_2025_MClaw_Official_Audio_Video_Lyrics.wav,2646078,a233a3ffbb4a1eed6fb9e91c0cc2033f6eb5ec0218fc7e5ddb2aeba75d40250c,30.0,44100,1,VALID,
Hyperpop,Global,Hyperpop\Global\Hyperpop\Mel_3_-_Feeling_hype_at_3am_its_not_hyperpop_but_idfk_what_to_call_it_atp_but_its_a_playlist_basically.wav,2646078,dee77e5688790d0aaf4fd6905d377de01b28136aeee380d80fdc4d0d1245cd33,30.0,44100,1,VALID,
Hyperpop,Global,Hyperpop\Global\Hyperpop\Melo_AI_-_Top_Hyperpop_Summer_Music_2025_Best_Hyperpop_Songs_Playlist_Top_music_2025.wav,2646078,7df01ec19ba71862232bffe0ce538fc1a2f7893c0ee031ef142c94ba3b6ad434,30.0,44100,1,VALID,
Hyperpop,Global,Hyperpop\Global\Hyperpop\Melodex_-_BOY_CRAZY_Official_Video_Hyperpop_Electro_Anthem_Brat_Pop_Banger_2025.wav,2646078,07a497c20faf003c7eced6a0b4b0c76b8b3b4c31ab767303c40b721d93d556e1,30.0,44100,1,VALID,
Hyperpop,Global,Hyperpop\Global\Hyperpop\MIKAH_-_3000.wav,2646078,327face2db66be9b1d9dc45519d8a875674a9177ce0a077c79a0661bf222db1d,30.0,44100,1,VALID,
Hyperpop,Global,Hyperpop\Global\Hyperpop\Mike_David_Studio_-_Hyperpop_2024_Top_5_Essential_Songs_You_Cant_Miss.wav,2646078,06891829cd2aaaf84c708157c6de583fec5b2089cc15fb6e65e9c40355a287da,30.0,44100,1,VALID,
Hyperpop,Global,Hyperpop\Global\Hyperpop\MsMojo_-_Top_10_Best_Charli_XCX_Songs.wav,2646078,c21c90708e2049df6d4958cd255ad68e97cf6f1adab7ddcffc2465db0ee6ef36,30.0,44100,1,VALID,
Hyperpop,Global,Hyperpop\Global\Hyperpop\Multi_music_-_Domain_Expansion_hyperpop_music_audioediting_theothersideofmakebelieve_helpmemakethismakesense.wav,2646078,927e8838e8772a3a610ed961be0a96555d8b906ce28abe12fbd1ea58e3c66cae,30.0,44100,1,VALID,
Hyperpop,Global,Hyperpop\Global\Hyperpop\MuPa_Music_-_MuPaMuSic_Hyperpop_music.wav,509658,c7cf55c5fbccf4bf598cc9590bca8e0a1ee8d705932940909bb129cb4d3f5c5b,5.778,44100,1,VALID,
Hyperpop,Global,Hyperpop\Global\Hyperpop\MUSIC_AI_-_Fast_Life_Charli_XCX_Inspired_Hyperpop_Song_AI_Music.wav,2646078,3f07fb9cde17e4a737d8fff31f517136817cd910d332bb8d052763c50305373a,30.0,44100,1,VALID,
Hyperpop,Global,Hyperpop\Global\Hyperpop\niklala_-_Top_30_best_hyperpop_songs_of_all_time.wav,2646078,e02d5a7f1b43a8ae843cd2b63ea5fa9782a3464e86fc7711bf0a6aa333d8bede,30.0,44100,1,VALID,
Hyperpop,Global,Hyperpop\Global\Hyperpop\No_views_-_HORIZON_RADAR_THE_VIEW_FROM_POP_HYPERPOP_AMBIENT.wav,2646078,6fa00c11377521f49799b82c450de0bfac94cbc2b0dbe1322f30259ad186ca46,30.0,44100,1,VALID,
Hyperpop,Global,Hyperpop\Global\Hyperpop\No_views_-_Sunrise_Over_the_City_Hyperpop_Influences_song_By_Popular_Music_Studio_Pop_Rock_shorts.wav,2646078,b5f1683975fc69c1116108050b56b50d9c18cbcaef2dd443141eb16aaf369789,30.0,44100,1,VALID,
Hyperpop,Global,Hyperpop\Global\Hyperpop\NoAki_-_The_Kid_LAROI_Justin_Bieber_Stay_Hyperpop_Remix.wav,2646078,ac2611ddd61e46087961dc2f5a2a2bf2c30e6016616497ed2c2c9e60786d1293,30.0,44100,1,VALID,
Hyperpop,Global,Hyperpop\Global\Hyperpop\NoCopyrightSounds_-_noaa_HYPNOTIZED_Hyperpop_NCS_Copyright_Free_Music.wav,2646078,79a5ca7b6800a8734eadbc220b72d1bdb2a699ae17ce4d82213aea37beebb6c3,30.0,44100,1,VALID,
Hyperpop,Global,Hyperpop\Global\Hyperpop\Nok_-_FRESH_HYPERPOP_July_2025_underground_playlist.wav,2646078,d01874881b2b6747396bc2a70f7f45bc2abd680f2e10ce0f398b7d7c1b03266a,30.0,44100,1,VALID,
Hyperpop,Global,Hyperpop\Global\Hyperpop\nomu_-_rush.wav,1967834,99e9eb6a47e61c56640aad733d1d3905d0ad6625dd3ad314f0c5962294f0c30d,22.31,44100,1,VALID,
Hyperpop,Global,Hyperpop\Global\Hyperpop\Null_Core_Music_-_Glitchy_Hyperpop_Music_to_BOOST_Your_Focus_for_Studying.wav,2646078,a836271768aa367b6a29ef4d1fc40005f4b57e66465bb6cb8726984a602b6fa0,30.0,44100,1,VALID,
Hyperpop,Global,Hyperpop\Global\Hyperpop\orDor_-_orDor_Unbridled_Wave_Your_Anthem_of_Night_Euphoria_Powerful_Dance_Pop_Hyperpop_ordor_music.wav,2646078,c6cf5d24cdbc616178aaf263bac8632cf26ddc90cda7ded5e3c98d209ad12b7e,30.0,44100,1,VALID,
Hyperpop,Global,Hyperpop\Global\Hyperpop\powafx_-_bass_boosted_music_for_when_you_are_energy_loaded_hyperpop_playlist_1.wav,2646078,6b3e2c431ed425ddf6b0676ce24181fa0ba42b8df3e23a64e4f3cd0fc1e013d8,30.0,44100,1,VALID,
Hyperpop,Global,Hyperpop\Global\Hyperpop\pyne_-_BEST_HYPERPOP_SONGS_OF_2022_PART_2.wav,2646078,3e0bec29d0366d4e62650da2df640f0685e66ea671d3e7f922d6593cc4e3cfba,30.0,44100,1,VALID,
Hyperpop,Global,Hyperpop\Global\Hyperpop\pyne_-_BEST_HYPERPOP_SONGS_of_2022_so_far.wav,2646078,9ccdfaf926e857e37c2f60c3c3d48ca951547895dad0b33c49da12a6dc1dc37e,30.0,44100,1,VALID,
Hyperpop,Global,Hyperpop\Global\Hyperpop\pyne_-_BEST_HYPERPOP_SONGS_of_ALL_TIME.wav,2646078,04e6e30e007224fdef0fee39bafc6d90d926ee876732375dc43b321c78016d71,30.0,44100,1,VALID,
Hyperpop,Global,Hyperpop\Global\Hyperpop\pyne_-_BEST_HYPERPOP_SONGS_of_ALL_TIME_PART_3.wav,2646078,37092a7fe601b5e96e17698ba620ae14af4eb7c75a295b805ea620855bc87b3a,30.0,44100,1,VALID,
Hyperpop,Global,Hyperpop\Global\Hyperpop\raincloud_-_202021_alt_tiktok_songs_for_a_blast_from_the_past.wav,2646078,9e78f6725d7f25d5b890d38d51575c42aadd78a73322a2fc0ec48543676b767a,30.0,44100,1,VALID,
Hyperpop,Global,Hyperpop\Global\Hyperpop\Recloud_Music_-_Hyperpop_Cyber_Love_Virus_No_Copyright_Music.wav,2646078,9aaa6ebaf905eb6ef1fd80b2dd8c93ae39d2336ad93498b753f2e6909d84571b,30.0,44100,1,VALID,
Hyperpop,Global,Hyperpop\Global\Hyperpop\reserchist_madi_-_Top_10_Electronicore_Kpop_Nintendocore_RB_Soul_Hyperpop_Electropop_Bands_Artist_Breakdown_Vol_1.wav,2646078,0e0a1ae7f128c49ef5742cc65f51d5b448c219c1b3ba11aa667b58614ac6a060,30.0,44100,1,VALID,
Hyperpop,Global,Hyperpop\Global\Hyperpop\RETRO_Level_Up_Anthems_-_Best_FREE_Hyperpop_Type_Beat_Compilation_2024_Hyperdrive_Mix_by_RETRO.wav,2646078,63ce9c412735c5e31b48bf4e279f682594725b8cb1e6b30aa6a22fb2de8a393b,30.0,44100,1,VALID,
Hyperpop,Global,Hyperpop\Global\Hyperpop\rewnstickq_-_free_for_profit_hyperpop_rewnstickq_type_beat_dream_lag.wav,2646078,9e064decbceac2781126492de2ec4fbb8745bad431197011fd24078a2c113ced,30.0,44100,1,VALID,
Hyperpop,Global,Hyperpop\Global\Hyperpop\Ricos_Room_-_Hyperpop_DJ_Producer_aaariel_drops_the_best_techno_party_mix_2025.wav,2646078,f99974bd735205d05fb65c7f2848fd5a7a5716e906613ecfe5262961d7c372d7,30.0,44100,1,VALID,
Hyperpop,Global,Hyperpop\Global\Hyperpop\Riff_Storm_samiSareng_-_Neon_Void_Hyperpop_Anthem_of_the_Future_Official_Album_Cover.wav,2646078,7c60ca1055271aeacb5177c55cfa1cd7efcc87abb938cfd25baca494ff780bae,30.0,44100,1,VALID,
Hyperpop,Global,Hyperpop\Global\Hyperpop\rozaine_-_freshmen_girlfriend_progamerboy6snot_official_remix.wav,2646078,15056108ab3d166a37ceb1b8edf330cd136da679a9c7d474f1f2b28501b0d8d8,30.0,44100,1,VALID,
Hyperpop,Global,Hyperpop\Global\Hyperpop\S1RENA_-_OXYTOC1N.wav,2646078,1f1a37a73ba026060b95049cb11e78e340f1c41b517676456957dc0c67c9fb2b,30.0,44100,1,VALID,
Hyperpop,Global,Hyperpop\Global\Hyperpop\S_a_D_s_C_e_N_e_Q_u_E_e_N_-_2022_HYPERPOP_PLAYLIST_ONLY_NEW_SONGS.wav,2646078,b8f1b793ae4375acab4dbb203fd2a25c93b672d7633298d56b23433d3d845d47,30.0,44100,1,VALID,
Hyperpop,Global,Hyperpop\Global\Hyperpop\sad_chll_-_best_of_hyperpop.wav,2646078,c06a2b1670c3de8b8f0909b5a6e6c89849dee4acf1f02501ddded96e4e0495dd,30.0,44100,1,VALID,
Hyperpop,Global,Hyperpop\Global\Hyperpop\Saycuso_lofi_-_Unbelievable_Hyperpop_Lofi_Playlist_Chill_Game_Like_NEVER_Before.wav,2646078,ee27a0b15459a69a40b4752c8ae4682ff3bbc84a59835197f1114ce40cccd36d,30.0,44100,1,VALID,
Hyperpop,Global,Hyperpop\Global\Hyperpop\sazuken_-_BLACK_HEART_w_syxtenXIV_out_on_all_platforms_odetari_hyperpop_music.wav,2646078,04cc03eefb1a54aa00dbaf8f75083dccb0ee3666943d3a65ee4156c355c320f1,30.0,44100,1,VALID,
Hyperpop,Global,Hyperpop\Global\Hyperpop\SCLIP_-_FREE_The_Best_Hyperpop_Beat_2024_The_first_day_of_autumn_prodSclip.wav,2646078,5ef7f7f8bd41aad47760308cf9a2290e30b002fdd9302bed72b02c46918a5fec,30.0,44100,1,VALID,
Hyperpop,Global,Hyperpop\Global\Hyperpop\Senajx_-_Best_HyperpopGlitch_Anime_Edits.wav,2646078,329a3f8c2443cc240e40c953668069f94239bf4d63301ec17211f944f8287f4a,30.0,44100,1,VALID,
Hyperpop,Global,Hyperpop\Global\Hyperpop\sheepy_-_FREE_hyperpop_x_glitchcore_x_d0llywood1_type_beat_2D_game_prodsheepy_kid.wav,2646078,9e6e43ef7226db2d3e23e66cd31f82a3e6b8459e0da9f1406b90f90202d7e735,30.0,44100,1,VALID,
Hyperpop,Global,Hyperpop\Global\Hyperpop\sheepy_-_FREE_hyperpop_x_miss_the_rage_type_beat_2_da_moon_prodsheepy_kid_goddamnbeats.wav,2646078,d175c6bafe0ab01961edff23643ce1a366d7283d2d6e1073b4a2d9a5d5562c76,30.0,44100,1,VALID,
Hyperpop,Global,Hyperpop\Global\Hyperpop\sheepy_-_FREE_Rage_x_Hyperpop_Type_Beat_No_Sleep_prod_sheepy_x_squirl_beats_x_yukkayo.wav,2646078,5522db5ddde77ede500d3b173d8107d58a1a3df8cb2982162280c0e67ae9189a,30.0,44100,1,VALID,
Hyperpop,Global,Hyperpop\Global\Hyperpop\siem_spark_-_FREE_FOR_PROFIT_Glaive_x_Ericdoa_Hyperpop_Type_Beat_popular.wav,2646078,d68154b87ffe11cbee728af1ece9007eac18bdc8e6b1b5f725ba592bfb184d0e,30.0,44100,1,VALID,
Hyperpop,Global,Hyperpop\Global\Hyperpop\siem_spark_-_FREE_FOR_PROFIT_Hyperpop_x_Pop_Type_Beat_droid.wav,2646078,d7e892a3dd71250366c0c2f5582af70a0448bb999c01afd1c165be9dc573426b,30.0,44100,1,VALID,
Hyperpop,Global,Hyperpop\Global\Hyperpop\siem_spark_-_FREE_FOR_PROFIT_Hyperpop_x_Pop_Type_Beat_harvest.wav,2646078,6af3dd25d501799df5431d3727666b71e2fe04f8ca42788d03818ef2f63501f9,30.0,44100,1,VALID,
Hyperpop,Global,Hyperpop\Global\Hyperpop\siem_spark_-_FREE_FOR_PROFIT_Hyperpop_x_Pop_Type_Beat_interest.wav,2646078,8b65af43d9077761377cf24774161567f900c83ce5eae003f68f268e94cfc181,30.0,44100,1,VALID,
Hyperpop,Global,Hyperpop\Global\Hyperpop\siem_spark_-_FREE_FOR_PROFIT_Hyperpop_x_Pop_Type_Beat_ipod.wav,2646078,c5e2277806d9e01297aa9a6e77e6bf35ccf0c4502b5e2c4716bd72fc8433e785,30.0,44100,1,VALID,
Hyperpop,Global,Hyperpop\Global\Hyperpop\siem_spark_-_FREE_FOR_PROFIT_Hyperpop_x_Pop_Type_Beat_twin.wav,2646078,8b4b0cb2ea0668cb5f856ebb53ffe209908408d64bd5701c6358286e7318299c,30.0,44100,1,VALID,
Hyperpop,Global,Hyperpop\Global\Hyperpop\Sophie_Powers_-_move_with_me.wav,2646078,127eb2b3f79a3bac72e0d1c33fa41594e8afce872b7b2a05f73b1c2b8f313e6a,30.0,44100,1,VALID,
Hyperpop,Global,Hyperpop\Global\Hyperpop\Sound_Labo_Kawaii_Future_Bass_-_Hyper_ball_Hyperpop_music.wav,2646078,ba0810f3dabf843b14fe5f2980bfad3a009b488234b6153724679df0b8b441f9,30.0,44100,1,VALID,
Hyperpop,Global,Hyperpop\Global\Hyperpop\sping_tap_-_jerk_it_for_kirk_hyperpop_music_video.wav,2646078,faec3175d6dd3d9c2c3af9f0978db0727d0bf78fb3e6f4d004d9a91b95416b6e,30.0,44100,1,VALID,
Hyperpop,Global,Hyperpop\Global\Hyperpop\sssaraphene_-_Keha_Die_Young_Sssaraphene_Hyperpop_remix.wav,2556634,e927f6545a0d07e6ce2dd0489818081c2211be6239f03a8acc12ffd6b99b454f,28.986,44100,1,VALID,
Hyperpop,Global,Hyperpop\Global\Hyperpop\stxlkin_-_so_bitter.wav,2646078,95202d6a07ec28e3d4bbd9fccb334d858a6a2b77c9ab99662151c7e7a4764494,30.0,44100,1,VALID,
Hyperpop,Global,Hyperpop\Global\Hyperpop\Suck_My_Deck_-_Hot_Girl_Hyperpop_DJ_Set_Pride_Party_in_Toronto_noFi.wav,2646078,fc7cfe600cac11a959aa957e3200dbf29976d0a24c6959936fdf51f767e46999,30.0,44100,1,VALID,
Hyperpop,Global,Hyperpop\Global\Hyperpop\The_Revenant_Man_Music_-_Heart_Sparks_charlixcx_style_popular_electropop_dance_hyperpop.wav,2646078,7f1575ec3e4564ecf348898a74b4421040b34bf14b48f21ec0b66cdaf93042ef,30.0,44100,1,VALID,
Hyperpop,Global,Hyperpop\Global\Hyperpop\TunedMood_-_Best_Hyperpop_Songs_2025_Hyperpop_Chart_Toppers_Viral_Hits.wav,2646078,352fd682056ca2a6afb39e0dc4a7903c5756b9a13ff1396df70e8442ebd8f6f3,30.0,44100,1,VALID,
Hyperpop,Global,Hyperpop\Global\Hyperpop\TunedMood_-_Top_Hyperpop_Hits_2024_Catchy_Electronic_Pop_Anthems.wav,2646078,254e736477d5a423b6b0b2d128e0cfba00e3fb1b48db864e5ce8ddd7ae89c579,30.0,44100,1,VALID,
Hyperpop,Global,Hyperpop\Global\Hyperpop\Virus_-_Syko_BrooklynBloodPop_prod_Duvaal.wav,2646078,0c7ce545ae8e60d96ed32f756a5a03de3cef6985d50ff8bed18e13cc3f31e9c5,30.0,44100,1,VALID,
Hyperpop,Global,Hyperpop\Global\Hyperpop\WHATBOY_BEATS_-_FREE_FOR_PROFIT_scenecore_x_hyperpop_x_2010_pop_type_beat_casual_love_prod_by_WHATBOY.wav,2646078,80109f58734161042825d83beae0c2cbdf0b9a5362e8a352ff9a136f4c6a6f5a,30.0,44100,1,VALID,
Hyperpop,Global,Hyperpop\Global\Hyperpop\WoWaMixes_-_FRESH_HYPERPOP_October_2025_underground_playlist.wav,2646078,5d22fe0b97821263e8ee4fc320acb39fff95674a2d202e25ddff00694c6d3ea1,30.0,44100,1,VALID,
Hyperpop,Global,Hyperpop\Global\Hyperpop\XNCSX_-_The_Trinity_Jealous_Hyperpop_NCS_Release_NoCopyrightSounds_The_best_music.wav,2646078,53d5e324648382a1a870c174cfd06f6c075db6028b921fd4b0c7b5f0e8465e2b,30.0,44100,1,VALID,
Hyperpop,Global,Hyperpop\Global\Hyperpop\YSHD_-_Out_now_Tap_innnn_music_newmusic_rnb_hyperpop_pop.wav,1721050,dd65fb9283e15f34801a823cc8d3f642006bdad5eaa6b3137901e085bf1d3a4b,19.512,44100,1,VALID,
Hyperpop,Global,Hyperpop\Global\Hyperpop\ZBeatz_-_FREE_BEST_hyper_pop_type_beat_x_glaive_x_acoustic_pop_guitar_Fantasize_Prod_ZBeatz.wav,2646078,7cc6c7ab2300850ddf66fdb4d51bd8afead7ea18ac6ad9a7164c1851a43805ea,30.0,44100,1,VALID,
Hyperpop,Global,Hyperpop\Global\Hyperpop\Zhabian_-_Best_Hyperpop_beat_on_YOUTUBE.wav,2646078,5487782e0f8c2b873d67adcf18a2d05c60b14f9302f7f82e792a247cf54fd7ed,30.0,44100,1,VALID,
Hyperpop,Global,Hyperpop\Global\Hyperpop\ZWEXA_MUSIC_-_Ive_Got_a_Mirror_Skin_Unknown_pop_hyperpop.wav,2646078,07018bfe4695325713f4e9dd33e56e8b041431c4d7f156e53fa51681f0edcab8,30.0,44100,1,VALID,
I-Pop,India,I-Pop\India\I-Pop\2_Chainz_-_Pop_Music_feat_BeatKing_Moneybagg_Yo.wav,2646078,78f6223ff5df3687f478097e0acce888d67dfac571e266182a385a74c33ae946,30.0,44100,1,VALID,
I-Pop,India,I-Pop\India\I-Pop\3NT_Productions_Official_-_Blind_Fury_I_Pop_Beans_Freestyle_Deleted_after_7_million_views.wav,528090,9c53759acb25acc76badc5638fab6b4065f6a3973284f13c5bfef3f910242522,5.987,44100,1,VALID,
I-Pop,India,I-Pop\India\I-Pop\Abhijay_Sharma_-_O_Soneya.wav,2646078,101b6c83a6427ce720f295ec013d954ce32dd5e418396777d24c3cfc09f443f1,30.0,44100,1,VALID,
I-Pop,India,I-Pop\India\I-Pop\Abhijay_Sharma_-_Sadiyan.wav,2646078,7b78946256fe715d7731086d4646abab88d74b297146aba04390d986d6d6f6fc,30.0,44100,1,VALID,
I-Pop,India,I-Pop\India\I-Pop\Abhijay_Sharma_-_Zakhm_I_Popstar_Vol_1.wav,2646078,18e0beaf6e3e4b69f9bf70d58bf1fc81f8391a81c277a1230385a006f4cce496,30.0,44100,1,VALID,
I-Pop,India,I-Pop\India\I-Pop\Alejandro_Barrera_Dj_-_80s_Mix_I_Pop_Rock_Queen_Baltimora_Rick_Astley_Michael_Jackson_Pet_Shop_Boys_etc.wav,2646078,87bd8e43317af44fac75234d711d9318132bf16939b66fc8e245af6194a9c034,30.0,44100,1,VALID,
I-Pop,India,I-Pop\India\I-Pop\Amazon_MX_Player_-_KING_Ne_Finale_Mein_Kamaal_Kar_Diya_I_Popstar_Amazon_MX_Player.wav,2646078,998cb6c6dd4664f7968f045c5daad4cc4bf60e24be9869c18f87d12b2ffe5bb8,30.0,44100,1,VALID,
I-Pop,India,I-Pop\India\I-Pop\Amazon_MX_Player_-_Magical_Paro_Song_Duet_with_Aditya_Rikhari_Radhika_Bhide_I_Popstar_Amazon_MX_Player.wav,2646078,700f5a0d87a9175d13a3d014ced1d4e2864a549a44a78f1f4ca62a6d2ee56c0d,30.0,44100,1,VALID,
I-Pop,India,I-Pop\India\I-Pop\Andrew_Magnata_-_MIX_DE_POP_RECORDAR_ANOS_70_80_90_S_SUCESSO_35_MINUTOS_DE_MUITAS_NOSTALGIA.wav,2646078,16af88d43680cb3ad01f54120c85cf7a6e0b43cf8f3359a0912551738399b536,30.0,44100,1,VALID,
I-Pop,India,I-Pop\India\I-Pop\Aryan_Chittala_Vlogs_-_SPOTIFY_I_POP_ICONS_2025_spotifyindia91.wav,2646078,3d54e8eaff7d3259494fb879917d42fcb107e9fe5f981210c9e38af065225bac,30.0,44100,1,VALID,
I-Pop,India,I-Pop\India\I-Pop\BAK_Jay_-_Pop_Shii.wav,2646078,9392c31b99a21e95843eb636edf9b86a5bd632a17320ea48bde9f94af76a7521,30.0,44100,1,VALID,
I-Pop,India,I-Pop\India\I-Pop\Blissful_Mind_-_M_Pop_Muzik_Lyrics.wav,2646078,3f3310bb91f0707ffa4fd8a9b20ef9f1484204db6ce7486e7d9696ebdc4ea2a6,30.0,44100,1,VALID,
I-Pop,India,I-Pop\India\I-Pop\Brand_New_-_Yo_Gotti_ft_Est_Gee_Pop_My_Shit_Music_Video.wav,2646078,332b7b1a42ca8b5b6fd156999e804286be4d392999f7f24de9f325aaea02b2bf,30.0,44100,1,VALID,
I-Pop,India,I-Pop\India\I-Pop\Charan_-_First_Love.wav,2646078,fdabe248db5777eaabf615c6e22a3ea3a02d150a27fd4bd52fee4ae7bd3db347,30.0,44100,1,VALID,
I-Pop,India,I-Pop\India\I-Pop\Charan_-_Mann_Barse.wav,2646078,0002b91e49a2727bc2f1a5cab45c09a87669e44ae867a4c721167127303c413b,30.0,44100,1,VALID,
I-Pop,India,I-Pop\India\I-Pop\Charan_-_Pyaar_Ni_Labda_I_Popstar_Vol_1.wav,2646078,71cf7810a0e5636123f85450a16d955d81f05363a8f90f50ee74375d24bf5947,30.0,44100,1,VALID,
I-Pop,India,I-Pop\India\I-Pop\Charan_-_Sitaare_Top_6_Song_I_Popstar_Vol_1_feat_Rishabh_Panchal_Rohit_Raut_Radhika_Bhide.wav,2646078,ec373877ee845daf46635bbb14ef8b56b35509b8e7251dca83816f585b985956,30.0,44100,1,VALID,
I-Pop,India,I-Pop\India\I-Pop\Chill_Travel_-_Welcome_2026_Make_you_feel_positive_and_peaceful_Best_IndiePopFolkAcoustic_Playlist.wav,2646078,889742622a57443d34a8327b68987d46599ce8f52d61aedb0f7fb42657c959c4,30.0,44100,1,VALID,
I-Pop,India,I-Pop\India\I-Pop\Chris_Delluomo_-_I_POP_I_DRANkmov.wav,2646078,ebc2935d6aff8c7a50cb9601bb5c168824a28f61819b13473bc7e18e4d851d5f,30.0,44100,1,VALID,
I-Pop,India,I-Pop\India\I-Pop\Disha_thakur_-_Banjari_Anurag_Shrivastava_I_pop_star_song_ipopstar.wav,2646078,12333f73b6e43d04eda71a921ee71c656954ccfb92ade6561a1f6be708d6a194,30.0,44100,1,VALID,
I-Pop,India,I-Pop\India\I-Pop\DJ_ANDRES_CRUZ_-_Remix_2025_I_Remixes_of_Popular_Songs_I_Pop_Music_Nu_Disco_Part_02.wav,2646078,47f663091bc75221c0f851e5db2ebc5d0c1609f59d158165a5d48099df98d7d8,30.0,44100,1,VALID,
I-Pop,India,I-Pop\India\I-Pop\Dj_GG_-_Family_Soda_Pop_Song_Kpop_Demon_Hunters.wav,2646078,f4188ba95e856d8a198cb6228fbde0d5be4569d65c141ac751bd26597891ff68,30.0,44100,1,VALID,
I-Pop,India,I-Pop\India\I-Pop\DJ_Mathon_Official_-_Top_Pop_Hits_2025_Trending_Songs_2026_Music_2025_New_Songs_Spotify_Viral_Songs_Live_DJ_Mix.wav,2646078,23b8983bedf89405fd7c791dee929ba7f8e80462b74f78f18baf3cde2b2a791a,30.0,44100,1,VALID,
I-Pop,India,I-Pop\India\I-Pop\DJ_MAXIMO_-_80s_Mix_I_Pop_Dance_Duran_Duran_Madonna_Rick_Astley_Michael_Jackson_Alphaville_etc.wav,2646078,b96afc9f109a898b03869566fa105f383b5a42b2afa3dac36b4d018928b0ae38,30.0,44100,1,VALID,
I-Pop,India,I-Pop\India\I-Pop\DJ_Rita_Hong_-_Dance_Pop_Mix_1_Pop_Dance_Upbeat_Pop_Mix_by_Rita_Hong.wav,2646078,ad2f0947453584b666ba61eab8a5026e2ab897e9ea8e5cf19426711aecad67a3,30.0,44100,1,VALID,
I-Pop,India,I-Pop\India\I-Pop\Dj_Shiv_Chauhan_-_Pop_Mashup_2024_Dj_Shiv_Chauhan_Best_Of_Hollywood_Bollywood_Songs_Pop_Party_Mashup_Mix.wav,2646078,52326d60e7608509203648d904e6e1f2ca5a06737892d7fb429a059d7e7e15cb,30.0,44100,1,VALID,
I-Pop,India,I-Pop\India\I-Pop\DJ_TARUN_-_DJ_2026_Remixes_Mashups_of_Popular_Songs_2025_DJ_Remix_Club_Music_Disco_DJ_Mix_2025.wav,2646078,ef4bd5cdb7e853cc47756a176dd54f51f3b997624f0a61b062b9ddd89ba533c9,30.0,44100,1,VALID,
I-Pop,India,I-Pop\India\I-Pop\DSB_APNA_MUSIC_ADDA_-_Ab_to_Tera_intezar_hi_nahin_Hai_hindi_pop_Mumbai_video_full_song_maan_panu_i_popstar.wav,2646078,d1439190309b95a5242fc88bb2c8aa133f9f1109dca6f2a391704ede6b471b43,30.0,44100,1,VALID,
I-Pop,India,I-Pop\India\I-Pop\ENCHANTING_BLISS_-_BollywoodK_pop_playlist_to_vibe_on_requested_audio_edit_kpop_desi_TIMESTAMPS.wav,2646078,58e30d1bdbb1c6847bcf7a0a0d49ec2b4afd2896d48d8c734972779d1fc99a1b,30.0,44100,1,VALID,
I-Pop,India,I-Pop\India\I-Pop\Fifth_Harmony_-_Work_from_Home_Official_Video_feat_Ty_Dolla_ign.wav,2646078,5f5a492b7741ea0ed016fb82fd68536265a9851f689b18a2e0908b8f0913b61b,30.0,44100,1,VALID,
I-Pop,India,I-Pop\India\I-Pop\Glow_Harmony_-_Best_100_Cruisin_Love_Songs_80s_90s_CollectionSentimental_Cruisin_Love_SongsLove_Songs_Medley.wav,2646078,e74a1fe1c55f58f8214261c83ef1bc3011d38d428b654620053ba8df24535152,30.0,44100,1,VALID,
I-Pop,India,I-Pop\India\I-Pop\HUNTRX_-_Golden.wav,2646078,ccd42e11784a4edb2ba478cd13bc66f87dcefdbfa043bc25c16f5dd2266a8183,30.0,44100,1,VALID,
I-Pop,India,I-Pop\India\I-Pop\I_POPSTAR_-_Ye_hua_na_Original_PopmusicPopstar_Watch_Ipopstar_now_on_amazonmxplayer_abcopynahibasoriginal.wav,561882,3ee9fd3c93b027118d6617e8c7ac64c2674a648506d14d05a6858e9750b23b9e,6.37,44100,1,VALID,
I-Pop,India,I-Pop\India\I-Pop\Icona_Pop_-_I_Love_It_clean_feat_Charli_xcx.wav,2646078,ca87a34fc6b87334314dd649a8c6fc9f0c43f77f25b274ad5761aae57e028030,30.0,44100,1,VALID,
I-Pop,India,I-Pop\India\I-Pop\Iggy_Pop_-_Candy.wav,2646078,5a18fd6666cb123f314bfaa6cbb54b049c2e52d681291c4adccc97fae0bc2f38,30.0,44100,1,VALID,
I-Pop,India,I-Pop\India\I-Pop\Iggy_Pop_-_Passenger_Live_at_the_Royal_Albert_Hall.wav,2646078,b8b7602f23d3f84515db20a8f2ecf00b0d4a7426f6b0e78ce4272db5ac2900f1,30.0,44100,1,VALID,
I-Pop,India,I-Pop\India\I-Pop\Iggy_Pop_-_The_Passenger.wav,2646078,157d177ae1d4c931e5a1946ad681a57ca92a83e8f4ea9d9114855f2c731d9ae6,30.0,44100,1,VALID,
I-Pop,India,I-Pop\India\I-Pop\Inderjeet_Singh_-_Khayaal_Na_Aaya.wav,2646078,6030bdc8edbfef03946c6abc633e9bc9341e4e084dff112b7b9fdb93cc48b815,30.0,44100,1,VALID,
I-Pop,India,I-Pop\India\I-Pop\Inderjeet_Singh_-_Mere_Shankar.wav,2646078,dc9733916c66f0c8e412ca08fbcad331e824a7c5e5142433ba5c70a46b68a124,30.0,44100,1,VALID,
I-Pop,India,I-Pop\India\I-Pop\Inderjeet_Singh_-_Tera_Rehn_De_I_Popstar_Vol_1.wav,2646078,3cbdd920392f9dbb414a91a0ebacc98383662d7926ddd0690b20e15bdf7145ef,30.0,44100,1,VALID,
I-Pop,India,I-Pop\India\I-Pop\Jaya_Rohilla_-_Eye_Contact_I_Popstar_Vol_1.wav,2646078,d5798eba812dd37d7e65a36fd5db345c07d1d8d6fd470c17da0eb3eee7b5c650,30.0,44100,1,VALID,
I-Pop,India,I-Pop\India\I-Pop\Jaya_Rohilla_-_Keher.wav,2646078,4c4c18380ddbd7d25cabc9af8a01c23d98cbe5b63307e19e273c2d4002761575,30.0,44100,1,VALID,
I-Pop,India,I-Pop\India\I-Pop\Jaya_Rohilla_-_Nanand_Ka_Bhai.wav,2646078,26fe2c85f4837fce1c6d86b0cce5505eb1a537fcca8a1277aefdc8c191b66007,30.0,44100,1,VALID,
I-Pop,India,I-Pop\India\I-Pop\Jaya_Rohilla_-_Thande_Pahadon_Mein_I_Popstar_Vol_1.wav,2646078,d18108ccc1693d83835e14fc68cc1c52a8fe2787655b9abc69dd34300b61dfd4,30.0,44100,1,VALID,
I-Pop,India,I-Pop\India\I-Pop\Jocelin_Francis_Willshaw_-_Althea_and_Donna_Uptown_Top_Ranking.wav,2646078,66f890c3168fbed98a95455e8464ee5109510793cd6a3ea5e04d42fe39bd3c89,30.0,44100,1,VALID,
I-Pop,India,I-Pop\India\I-Pop\Karan_Aujla_-_P_POP_CULTURE.wav,2646078,3472154baab0739e916a715366c7228cb26debba6a3830e336779c22b54fc4f9,30.0,44100,1,VALID,
I-Pop,India,I-Pop\India\I-Pop\King_P_-_EPop.wav,2646078,088cc6e193e2156d320e28248df957bfebc3ae392973f0ad1622f042aaa1f925,30.0,44100,1,VALID,
I-Pop,India,I-Pop\India\I-Pop\KinoCheck_Family_-_Takedown_Song_K_POP_DEMON_HUNTERS_Clip_2025.wav,2646078,97bbbcfbb31028a0ff6c0d0c7f4cd326d476f793a9ba399597d4f0be269e3779,30.0,44100,1,VALID,
I-Pop,India,I-Pop\India\I-Pop\League_of_Legends_-_KDA_POPSTARS_ft_Madison_Beer_GI_DLE_Jaira_Burns_Music_Video_League_of_Legends.wav,2646078,8457e439ba62760f40e7fb5171c98cc3b30e270c8854063ec4c3fcef2154cfc9,30.0,44100,1,VALID,
I-Pop,India,I-Pop\India\I-Pop\Little_Mix_-_Black_Magic_Official_Video.wav,2646078,6cefa47d8de5180036c8080e5ef37379c9648e9b3d7c8fa0783505560bb2b77e,30.0,44100,1,VALID,
I-Pop,India,I-Pop\India\I-Pop\M_Robin_Scott_-_Pop_Muzik.wav,2646078,bdf6a80d36f5e9d935fc7b288593b582f120d2476f5c46c520fb5a59963a6f9f,30.0,44100,1,VALID,
I-Pop,India,I-Pop\India\I-Pop\Maan_Panu_-_Fear_I_Popstar_Vol_1.wav,2646078,6b01fb42277dcd491d4068f8f347736a3a6c0899c2cde6ed9fe0e01c17105397,30.0,44100,1,VALID,
I-Pop,India,I-Pop\India\I-Pop\Maan_Panu_-_Hope.wav,2646078,8732003175a1eed8bb8c83ee68b929a4dcc85e1380e98d92c41cb94b6e68a11e,30.0,44100,1,VALID,
I-Pop,India,I-Pop\India\I-Pop\Maan_Panu_-_Im_Done_LIVE.wav,2646078,588279023d1700f0fb9bfbc5a778f44dc1bc1d90f5f7ed67cfa31a9b4b1905f5,30.0,44100,1,VALID,
I-Pop,India,I-Pop\India\I-Pop\Maan_Panu_-_O_Re_O_Suaa_I_Popstar_Vol_1.wav,2646078,433987337a88090325b693ea8169c07c6b6855442d711086dcaf7cefa4299596,30.0,44100,1,VALID,
I-Pop,India,I-Pop\India\I-Pop\Maan_Panu_-_Sab_Ho_Jayega_I_Popstar_Vol_1.wav,2646078,6f13ce9bd9ed30661b64291baad32ccbf64cd3530ba0de43cc1dbbbbd06c5de1,30.0,44100,1,VALID,
I-Pop,India,I-Pop\India\I-Pop\Magic_Club_-_New_Year_Music_Mix_2026_Best_Music_2025_Party_Mix_Remixes_of_Popular_Songs.wav,2646078,4b370ae713f83d27430994873d55fff03fc478ecade18aea4ec81bc65240f8e7,30.0,44100,1,VALID,
I-Pop,India,I-Pop\India\I-Pop\Megan_Thee_Stallion_-_Pop_It_Official_Video.wav,2646078,2ed4e6aee3bec0dce78cb94b747b092ef2c46fc6472b700ae54d029480f255e4,30.0,44100,1,VALID,
I-Pop,India,I-Pop\India\I-Pop\Midnight_Tears_-_OPM_Trending_2025_Best_New_Tagalog_Love_Songs_2025_Viral_Tagalog_Music_Playlist.wav,2646078,022f35a0dd749cf22dad8fd9e45a9a39e177b0341dfa1f1c3c88d42963bbb734,30.0,44100,1,VALID,
I-Pop,India,I-Pop\India\I-Pop\MilkyyMelodies_-_Soda_Pop_Saja_Girls_Version.wav,2646078,ecb1e1f16880043147ed3c7ad4657fdcec1b67e0ff2e9e4257e633f5682c02db,30.0,44100,1,VALID,
I-Pop,India,I-Pop\India\I-Pop\Moneybagg_Yo_-_Pop_My_Shit.wav,2646078,fbec56ea96a0afadfc92857e7739a07b43ee209666ecdb6293cc00527b044750,30.0,44100,1,VALID,
I-Pop,India,I-Pop\India\I-Pop\musicmonsterinternational_-_BEST_OF_POP_MIX_2025_Zj_Konia_Justin_Bieber_dax_Khalid_chrisbrown_urban_POP_MUSIC_MIX.wav,2646078,603ea384354c7e85e36b1eb963390847c11e5b91dc3314a5155b434f0ade797c,30.0,44100,1,VALID,
I-Pop,India,I-Pop\India\I-Pop\my_only_wish_-_WiSH_GALTI_Live_Performance_at_Socialnation_Festival_Indian_girl_pop_group_WiSH.wav,2646078,b5b4d1019d7c3b3c6d44896a9e00ad85ac5c0a1037db4413252faacc5f479c53,30.0,44100,1,VALID,
I-Pop,India,I-Pop\India\I-Pop\Neeraj_Kumar_Nirala_-_Kamar_Ya_Kaanch.wav,2646078,a0fc2ddcfa9e36c37dc577348db7ea37a1d4704bd3605c2e82241cedd49c1971,30.0,44100,1,VALID,
I-Pop,India,I-Pop\India\I-Pop\Neon_Beats_-_Msicas_Pop_em_Ingls_Mais_Tocadas_2025_Top_100_Msicas_Acsticas_Pop_Internacionais_2025.wav,2646078,ada99844e077f94b897bfab3a9339b43c73e64d9a3d07ccfd01071be7b002b3e,30.0,44100,1,VALID,
I-Pop,India,I-Pop\India\I-Pop\NSYNC_-_Pop_Official_HD_Video.wav,2646078,31aaed89833512877742df330346adde9c5f998ad78d5fc2246c576c2a58dacc,30.0,44100,1,VALID,
I-Pop,India,I-Pop\India\I-Pop\Polo_G_-_Pop_Out.wav,2646078,0de9bd5c8d6e3688c9b38ff04d7348cc6a36bbc81a8dee854a275d8b220742e0,30.0,44100,1,VALID,
I-Pop,India,I-Pop\India\I-Pop\Polo_G_-_Pop_Out_Again_feat_Gunna_Lil_Baby.wav,2646078,559185f14afa00b5cb540344fc7fc8c0087552e4d08738c0301990cf24f411b5,30.0,44100,1,VALID,
I-Pop,India,I-Pop\India\I-Pop\Pop_Christmas_Hits_-_Happy_New_Year_2026_Best_Pop_Songs_Playlist_New_Year_Party_Hits.wav,2646078,00a5d26a9027f1232f837083e4d58488d7c6ed7e1126db6b63d6700de60d8ce5,30.0,44100,1,VALID,
I-Pop,India,I-Pop\India\I-Pop\Pop_Music_-_Pop_Song_2025_Bruno_Mars_Adele_Dua_Lipa_Ed_Sheeran_Selena_Gomez_Maroon_5_Taylor_Swift.wav,2646078,b59e9b827ae5c199d7c526afdb1ec9620a2520cd7aca2a17ef5fe3d3a2a046a6,30.0,44100,1,VALID,
I-Pop,India,I-Pop\India\I-Pop\Pop_Smoke_-_Christopher_Walking.wav,2646078,77725fa9c926fe7a9befc65a2c77969d34fe26a94ab73b1db235c4d421fa7316,30.0,44100,1,VALID,
I-Pop,India,I-Pop\India\I-Pop\Pop_Smoke_-_Dior.wav,2646078,b76a2726e0a1653c6dacb28639763ee71b2a104b387b678ec8514854092cf111,30.0,44100,1,VALID,
I-Pop,India,I-Pop\India\I-Pop\Pop_Smoke_-_For_The_Night_Visualizer_Official_feat_Lil_Baby_DaBaby.wav,2646078,43f18fbf629a7e3c3b69ebbadbdb3b7e6ed8a740c2d0d084a5a7887deea4b14d,30.0,44100,1,VALID,
I-Pop,India,I-Pop\India\I-Pop\Pop_Smoke_-_Invincible.wav,2646078,186e14991ae725b400ccafef0f4a76319ddaf74d8223865a305a5a603ba947de,30.0,44100,1,VALID,
I-Pop,India,I-Pop\India\I-Pop\Radhika_Bhide_-_Mann_Dhaavataya_I_Popstar_Vol_1_LIVE.wav,2646078,36f518b5d5037c0b9380bfd37caea180c725e796cd08660f6c960eecc468a2d4,30.0,44100,1,VALID,
I-Pop,India,I-Pop\India\I-Pop\Radhika_Bhide_-_Punha_Punha.wav,2646078,c135dc69092a003169a97e766b7df03a2124f77fbb356f008b24c6ad4c9cdecc,30.0,44100,1,VALID,
I-Pop,India,I-Pop\India\I-Pop\Rap_Samurai_-_ROS_x_Bruno_Mars_APT_Lyrics.wav,2646078,30763e082e36f4d6ad8bed30df7e82373d0fb0e3d75ec2df9522cec88033da90,30.0,44100,1,VALID,
I-Pop,India,I-Pop\India\I-Pop\Rishabh_Panchal_-_Din_Ban_Jata_Hai_I_Popstar_Vol_1.wav,2646078,0c2ac54c2dcd55185c7419a9240b98428554ea9f4f14746451fc9ff61e13bac1,30.0,44100,1,VALID,
I-Pop,India,I-Pop\India\I-Pop\Riya_Goley_-_Dard.wav,2646078,5e61ea28de4ae062d14cd816edcda03d7404bcae5154c26830f424c8fdec759c,30.0,44100,1,VALID,
I-Pop,India,I-Pop\India\I-Pop\Riya_Goley_-_Tarsaaye.wav,2646078,4cf55099860af7b401ae227d81d2487d790ea516fc8085653e04a853435cac67,30.0,44100,1,VALID,
I-Pop,India,I-Pop\India\I-Pop\Rohit_Raut_-_O_Kadambari_LIVE.wav,2646078,f284c2ef69a878b1f7e1b8f61f3722596a84954ac7a9d88898515f118360b8a3,30.0,44100,1,VALID,
I-Pop,India,I-Pop\India\I-Pop\Rohit_Raut_-_Prem_Rog.wav,2646078,974613b4ccfbf7beedfbb6eb4a2969d9fef33ae8458e5df3f45d7bc17503afb9,30.0,44100,1,VALID,
I-Pop,India,I-Pop\India\I-Pop\Rohit_Raut_-_Tujhi_Taar_Lagli.wav,2646078,155a34171f8e96e9e85025a598097a06479caacb9511f9377f836d1ca9090a75,30.0,44100,1,VALID,
I-Pop,India,I-Pop\India\I-Pop\Saja_Boys_-_Soda_Pop.wav,2646078,5c88d7f74eef5db0eedaab718e0a2ddb564ed9d46d7b7b09bc99593a67549826,30.0,44100,1,VALID,
I-Pop,India,I-Pop\India\I-Pop\She_Him_-_I_Thought_I_Saw_Your_Face_Today.wav,2646078,2cd434e05bac919f054990e7a1c2442ef2f97d874c8cb06bb7ed2f9b1488525f,30.0,44100,1,VALID,
I-Pop,India,I-Pop\India\I-Pop\shotaluuv_-_KPOP_RANDOM_DANCE_POPULARNEW.wav,2646078,0aaa9b4306230eed7af813d0356c86d85da5ad9e7f559fbb2a37f340b48fdb99,30.0,44100,1,VALID,
I-Pop,India,I-Pop\India\I-Pop\Slow_Acoustic_-_Spotify_Pop_Hits_2025_Lady_Gaga_Bruno_Mars_Ed_Sheeran_Billie_Eilish_Miley_Cyrus_Tate_McRae_9.wav,2646078,ba66e40eb3e39757209bb3137b10341537f57c3aaf23a877278edc4847c054c9,30.0,44100,1,VALID,
I-Pop,India,I-Pop\India\I-Pop\Sunset_Playlist_-_Spotify_Pop_Hits_2025_Lady_Gaga_Bruno_Mars_Ed_Sheeran_Billie_Eilish_Miley_Cyrus_Tate_McRae_1.wav,2646078,59dc1620e7b9436b8d2bb6b463f552dc24d1c23f5b48902895dfde7bda615f89,30.0,44100,1,VALID,
I-Pop,India,I-Pop\India\I-Pop\The_Vibe_Guide_-_Civ_1_AM_Lyrics_pop_out_at_1_in_the_mornin.wav,2646078,c5ac49af6b5ef95877700fb2d4dafa4db8a4dea924c0107237a279182fb8fe74,30.0,44100,1,VALID,
I-Pop,India,I-Pop\India\I-Pop\TheLepeman_-_The_Best_of_Westlife_Westlife_Greatest_Hits_Full_Album_2026.wav,2646078,cbabbe0b2a4cc073903df329a336e0e8abe5a89dec1c04a33dc7917e08cf3e68,30.0,44100,1,VALID,
I-Pop,India,I-Pop\India\I-Pop\TPOP_CENTRAL_-_BEST_Southeast_Asian_Girlgroups_2024_T_POP_P_POP_I_POP_M_POP_more.wav,2646078,86a173de9d94ea3e72e813aeb88be6dbd9d0cc16b535826ae3215b77d8fc2458,30.0,44100,1,VALID,
I-Pop,India,I-Pop\India\I-Pop\TPOP_CENTRAL_-_Southeast_Asian_Pop_Girlgroups_2024_P_POP_T_POP_I_POP_M_POP_and_more.wav,2646078,c43962a5b901fdad9020454e8ecbbb77bec322965533d787cdbf04a955495583,30.0,44100,1,VALID,
I-Pop,India,I-Pop\India\I-Pop\TrendingTracks_-_Civ_1AM_Lyrics_we_pop_out_at_1_in_the_morning.wav,2646078,7e1651baedb14b1c96ce519202d872c19abd4f319fc8f2b5915f144b2fd630ef,30.0,44100,1,VALID,
I-Pop,India,I-Pop\India\I-Pop\Valentino_Sirolli_-_DJ_SONG_2025_Remixes_Mashups_of_Popular_Songs_2025_DJ_Remix_Club_Music_Disco_DJ_Mix_2025.wav,2646078,38935c2246f97afba8695109e7d05e5fc025417f6748e67e820c273977ea2d20,30.0,44100,1,VALID,
I-Pop,India,I-Pop\India\I-Pop\VDJ_Third_Dimension_-_Non_Stop_Indi_Pop_Classics_Best_Of_90s_Pop_Music_Third_Dimension_Dj_Akshay.wav,2646078,a9df58e9e15d7d25a183e37f688f187bf09ba2a4e04979e844b85ef62abc0281,30.0,44100,1,VALID,
I-Pop,India,I-Pop\India\I-Pop\WiSH_-_Lazeez.wav,2646078,da2b902c3795c92305c55e1cb2a00ebb291a4994b40d5645982358eec3ede3d6,30.0,44100,1,VALID,
I-Pop,India,I-Pop\India\I-Pop\WiSH_-_WiSH_Boom_Boom_Official_Music_Video.wav,2646078,49ffb70760098245a7727844289dffd6d978251eb03cc7849e487a70d7bdd421,30.0,44100,1,VALID,
I-Pop,India,I-Pop\India\I-Pop\WiSH_-_WiSH_Headrush_Official_Music_Video.wav,2646078,c3668db45d759d2bd44fb10c6af909c7f91367a7b16e64cde93cb0dc003341ee,30.0,44100,1,VALID,
I-Pop,India,I-Pop\India\I-Pop\WiSH_Updates_-_Real_talent_of_girlgroups_wish_katseye_ipop_girlgroup.wav,66266,f2b9f63bcd5b701e79abad68684b928d75cb6c095ad2c0783b18a5ac8b16f35f,0.75,44100,1,VALID,
I-Pop,India,I-Pop\India\I-Pop\Y2K_-_Lalala.wav,2646078,90046dede03d2ff26a116af073cd859a705d3077a4df06a0f8b81109077808fb,30.0,44100,1,VALID,
I-Pop,India,I-Pop\India\I-Pop\Y2K_-_Lalala_Official_Video.wav,2646078,1b7ff721daf6b480b829abe9b96d37f77b33668c4f057c2f7cdbd9652e84db56,30.0,44100,1,VALID,
I-Pop,India,I-Pop\India\I-Pop\Yelawolf_-_Pop_The_Trunk.wav,2646078,626df8f78e7a8ad52c2e209e6a0c6985fd62177703da77ffdd311dbc6696c428,30.0,44100,1,VALID,
K-Pop,Global,K-Pop\Global\K-Pop\7clouds_-_Huntrix_Golden_Lyrics_KPop_Demon_Hunters.wav,2646078,d77e7c8e35a4f81a680e91a7ec3f08fa6fd98780f3e5500378c708891ab97413,30.0,44100,1,VALID,
K-Pop,Global,K-Pop\Global\K-Pop\7clouds_-_HUNTRIX_What_It_Sounds_Like_Lyrics_KPop_Demon_Hunters.wav,2646078,64ce88c02804568ca5f34551a4a121e7ddd17ec61ccdbc2b88251af60410dc75,30.0,44100,1,VALID,
K-Pop,Global,K-Pop\Global\K-Pop\_-_Kpop_playlist_to_make_you_dance.wav,2646078,2825bed215a3d3a3cd0d8d3b5ef04a11e7d7f0c2e47431ad51f0fb689b7b8662,30.0,44100,1,VALID,
K-Pop,Global,K-Pop\Global\K-Pop\_-_KPOP_RANDOM_DANCE_NEWPOPULARICONIC.wav,2646078,12cdc1dac99e6b1eb2267d1f648c37f5d764450e95c03e2b4c4295204389251b,30.0,44100,1,VALID,
K-Pop,Global,K-Pop\Global\K-Pop\__K_Pop_Demon_Hunters_Rock_Show_-__K_POP__8_Top_8_K_Pop_Demon_Hunters_Rock_Songs_CD_MUSIC_Playlist.wav,2646078,c01fe0a0dc5edba73ebc4c3b07a074ceec696c1abafa4b8c18b18ba8f112c6d3,30.0,44100,1,VALID,
K-Pop,Global,K-Pop\Global\K-Pop\AE_Top_Musics_-_Top_10_Most_Viewed_KPOP_Music_Videos_Each_Year_2009_to_2023.wav,2646078,8c0e47dc6a9991730a9d92bd26b63cf85bbe77b838d0695ad78995ae4e5773f3,30.0,44100,1,VALID,
K-Pop,Global,K-Pop\Global\K-Pop\AE_Top_Musics_-_Top_10_Most_Viewed_KPOP_Music_Videos_Each_Year_2010_to_2022.wav,2646078,0f549ad15ff1ff6a94627a0b802fcc3beae699db29c0ec2a928825a2c9e83038,30.0,44100,1,VALID,
K-Pop,Global,K-Pop\Global\K-Pop\Animation_Society_-_Huntrixs_Takedown_Song_K_Pop_Demon_Hunters_Clip_2025.wav,2646078,aab314945d714df8f44beef2562cbb06788b52d81dc9d7b67bed56ba6097f5f2,30.0,44100,1,VALID,
K-Pop,Global,K-Pop\Global\K-Pop\Animation_Society_-_Huntrixs_What_It_Sounds_Like_Song_K_Pop_Demon_Hunters_Clip_2025.wav,2646078,21d5e627885beab7d9242e9b1a51490dc1fc71b4a76e2ad189c4fc68152af4d5,30.0,44100,1,VALID,
K-Pop,Global,K-Pop\Global\K-Pop\Astreen_-_POPULAR_KPOP_RANDOM_DANCE_MIRRORED_Everyone_know.wav,2646078,8dfc887976ef6fc0ff3a4f5b2b70a9c778bfde428e2e228448a25f0cac6b3138,30.0,44100,1,VALID,
K-Pop,Global,K-Pop\Global\K-Pop\Binnieisbae_-_the_BEST_kpop_songs_of_2025.wav,2646078,23cdebfbc258fd93aa7ab1f80ac937f5e0cde8a3820cef66b7a21d69941e23af,30.0,44100,1,VALID,
K-Pop,Global,K-Pop\Global\K-Pop\Bongo_Cat_-_KPop_Demon_Hunters_Playlist_Bongo_Cat_Cover_Version.wav,2646078,ae8fd9337709e1a2b41941854b2e22a5e19da351abc1b1f3f89639c3ea3a5daa,30.0,44100,1,VALID,
K-Pop,Global,K-Pop\Global\K-Pop\brandonkiyoshi_-_Every_Song_that_is_Similar_to_Kpop_Demon_Hunters.wav,2550490,041ff67ceb4d77368dead331f39087299f3648c1bf7c2c62973db3801fc45099,28.916,44100,1,VALID,
K-Pop,Global,K-Pop\Global\K-Pop\Britains_Got_Talent_-_K_pop_boyband_BLITZERS_cover_Shawn_Mendes_hit_Auditions_BGT_2024.wav,2646078,6db7dc6d1aef6c425bfa467d5cc95e2841d1c452ffcd131fa50c1e6565f033b6,30.0,44100,1,VALID,
K-Pop,Global,K-Pop\Global\K-Pop\BTS_-_Dynamite.wav,2646078,c08c3991d2e309b5bcadd71e9d1000f557f77050ba55750ee3ad86bb8236f836,30.0,44100,1,VALID,
K-Pop,Global,K-Pop\Global\K-Pop\certifiedhuihui_-_kpop_playlist_2025.wav,2646078,a9cddfcfc574b28c5a12a69f13c3b5a43d0a09730a8f726eca72e56de629e3e8,30.0,44100,1,VALID,
K-Pop,Global,K-Pop\Global\K-Pop\choujimi_-_The_best_kpop_songs_of_2025_so_far.wav,2646078,0e9fb1e8b850762389f5eb75e24869cea7935c2afe93710dd51d426525d7f9a8,30.0,44100,1,VALID,
K-Pop,Global,K-Pop\Global\K-Pop\Clip_-_Takedown_Song_K_POP_DEMON_HUNTERS_Clip_2025.wav,2646078,97bbbcfbb31028a0ff6c0d0c7f4cd326d476f793a9ba399597d4f0be269e3779,30.0,44100,1,VALID,
K-Pop,Global,K-Pop\Global\K-Pop\Clip_-_What_It_Sounds_Like_Song_K_POP_DEMON_HUNTERS_Clip_2025.wav,2646078,abe64061953b8a21c3f9b00036b350190590e74bfe6b724b542bf0c53477757c,30.0,44100,1,VALID,
K-Pop,Global,K-Pop\Global\K-Pop\Cougar_macdowall_Va_-_Golden_Saja_Boys_Version_KPop_Demon_Hunters_Animation_Male_Cover.wav,2646078,544a46ec86ccf6627a2ba298676980bade2fb0417915a0823ae895b0517ff149,30.0,44100,1,VALID,
K-Pop,Global,K-Pop\Global\K-Pop\Dailykedit_-_kpop_idols_who_are_more_popular_than_their_whole_group_trendingkpopexplorefypgoviralshortsbts.wav,427738,093cc3a5249a29d62fb845323e643d84aaed556a44baa6c1c7a94591937bf9d0,4.849,44100,1,VALID,
K-Pop,Global,K-Pop\Global\K-Pop\daniela_-_the_BEST_parts_in_kpop_songs.wav,2646078,19490c2a4c1a734e1838f63bdc3e382cb9cd02191a3387d0b79b7cfceb979eae,30.0,44100,1,VALID,
K-Pop,Global,K-Pop\Global\K-Pop\Danny_Phantom_exe_Dannyphantomexe_-_UNOFFICIAL_Your_Idol_Music_Video_KPop_Demon_Hunters.wav,2646078,f290825fa38bb678019164d5f3ba77bed098477c157ed888ec0f9f0512edee2e,30.0,44100,1,VALID,
K-Pop,Global,K-Pop\Global\K-Pop\Darius_Schultz_-_Top_6_K_Pop_Demon_Hunters_Songs_CD_MUSIC.wav,2646078,01f2f7de8814db0510ba9ca86f059c32de3db7e6273091fc18d27792fd2d630b,30.0,44100,1,VALID,
K-Pop,Global,K-Pop\Global\K-Pop\Darius_Schultz_-_Top_8_K_Pop_Demon_Hunters_Songs_CD_MUSIC.wav,2646078,2386a442470d3c056d98a627b8749d1344fd766614e3a476ad1aa139106b4c2b,30.0,44100,1,VALID,
K-Pop,Global,K-Pop\Global\K-Pop\Demon_Rock_-_Top_K_Pop_Rock_Bangers_for_2025_Must_Listen_Demon_Hunter_Tracks.wav,2646078,c44c737988dd448540c684d849217089d5fb935d250913343ec48b3f61f2b966,30.0,44100,1,VALID,
K-Pop,Global,K-Pop\Global\K-Pop\dittolusion_-_my_top_100_kpop_songs_of_ALL_TIME.wav,2646078,a5ebddee1cda0e6cac79ede343a221f1fd27b2b2085193603a0261fe1dd2c211,30.0,44100,1,VALID,
K-Pop,Global,K-Pop\Global\K-Pop\Dj_GG_-_All_Christmas_Songs_Kpop_Demon_Hunters.wav,2646078,7330dc87ea9ed923c77db2f838971815cbc7ba5018431c59c63974f43735cf6a,30.0,44100,1,VALID,
K-Pop,Global,K-Pop\Global\K-Pop\Dj_GG_-_What_Halloween_Sounds_Like_Song_Kpop_Demon_Hunters.wav,2646078,1ff195862b83875dadf225f452dabff6714df2a10c20a6f737918a8ff80c760a,30.0,44100,1,VALID,
K-Pop,Global,K-Pop\Global\K-Pop\Enamor_-_TOP_10_K_POP_MOST_LEGENDARY_VOCAL_COVERSblackpink_bts_babymonster_shorts_fyp.wav,2646078,44509c57eda6f9fa2f4fbac48f94272af01a294794c638e604f2624f47fd3ee2,30.0,44100,1,VALID,
K-Pop,Global,K-Pop\Global\K-Pop\Entertainment_Access_-_Huntrix_vs_Saja_Boys_What_It_Sounds_Like_Song_K_POP_DEMON_HUNTERS_Movie_Clip_2025.wav,2646078,21d5e627885beab7d9242e9b1a51490dc1fc71b4a76e2ad189c4fc68152af4d5,30.0,44100,1,VALID,
K-Pop,Global,K-Pop\Global\K-Pop\eunjaex_-_ultimate_kpop_playlist_to_make_you_dance.wav,2646078,87a658ead3ea027cf414699d4987a9ce3a218ffad38c0bfae4f29becad1be814,30.0,44100,1,VALID,
K-Pop,Global,K-Pop\Global\K-Pop\Eunsuk_-_K_POP_Nhc_Hn_Quc_PLAYLIST_2NE1_BIG_BANG_SNSD_SUPER_JUNIOR_MISS_A_2PM_WONDER_GIRLS_APINK.wav,2646078,8873134845886bd6b0ac14f04b715573a93a71ae307561b3989bf65c28a475b6,30.0,44100,1,VALID,
K-Pop,Global,K-Pop\Global\K-Pop\eunvaise_-_my_top_100_kpop_songs_of_all_time.wav,2646078,716cde6dbfd9a6d07bb8d959fdf6195ca7088a2ac1061d36f87d57cafff85d82,30.0,44100,1,VALID,
K-Pop,Global,K-Pop\Global\K-Pop\eunvaise_-_the_best_and_WORST_kpop_songs_in_each_group_voted_by_YOU_guys.wav,2646078,755518325078f3ebf4a98bf9c0c80c504c16606b0c14e26d45d7808ce4ef1cf0,30.0,44100,1,VALID,
K-Pop,Global,K-Pop\Global\K-Pop\flowtaee_-_KPOP_RANDOM_DANCE_POPULAR_ICONIC_SONGS_mirrored.wav,2646078,8e0770bdcad13164a52b8b8c26b0b71cef57e488a9575baa6a4d0fc1f6691607,30.0,44100,1,VALID,
K-Pop,Global,K-Pop\Global\K-Pop\flowtaee_-_MOST_ICONIC_KPOP_SONGS_that_everyone_should_know.wav,2646078,7ef6ab1237c9aa2e514b27feed90346d049abea824427f2c6efa490311d6163d,30.0,44100,1,VALID,
K-Pop,Global,K-Pop\Global\K-Pop\Hall_Hyoo_-_Best_Girl_Group_KPop_Remixes_2025_party_DJ_mix_live_2.wav,2646078,96fc057201e2faa463f4a08b45e23f974fb0568259a56aa9605ba0647368c58f,30.0,44100,1,VALID,
K-Pop,Global,K-Pop\Global\K-Pop\HAPIKATO_-_Kpop_Demon_Hunters_Song_Compilation_Marble_Music.wav,2646078,7cf9570bc9ca0a42826312d5ac61bba271a4c176fc8b8a475c341c6e5b9df6ad,30.0,44100,1,VALID,
K-Pop,Global,K-Pop\Global\K-Pop\Hey_Quiz_Kpop_-_Top_100_Most_VIEWED_KPOP_Songs_of_All_Time.wav,2646078,52c2b8ee0ce6e99082831523b9444406171075eae8efc4b2051a63bef3cb121a,30.0,44100,1,VALID,
K-Pop,Global,K-Pop\Global\K-Pop\Honeypuu_-_KPOP_RANDOM_DANCE_ICONICNEWOLDPOPULAR.wav,2646078,5e40dfa0374aa3bdb285294b2b512ef9f57917e52317330f3249d287fb76771c,30.0,44100,1,VALID,
K-Pop,Global,K-Pop\Global\K-Pop\HUNTRX_-_Golden.wav,2646078,ccd42e11784a4edb2ba478cd13bc66f87dcefdbfa043bc25c16f5dd2266a8183,30.0,44100,1,VALID,
K-Pop,Global,K-Pop\Global\K-Pop\HYBE_LABELS_-_KATSEYE_Touch_Official_MV.wav,2646078,6fa5067c5354202df06ff395397028082595962ef86f2f3778207046ad7a441d,30.0,44100,1,VALID,
K-Pop,Global,K-Pop\Global\K-Pop\Jaeguchi_-_Saja_Boys_Kpop_Demon_Hunters_Soda_Pop_Color_Coded_Lyrics.wav,2646078,0e907243eb196531dd84d34c91245fcdf4a279e51d256fa0c1f1bc0847d72ad9,30.0,44100,1,VALID,
K-Pop,Global,K-Pop\Global\K-Pop\Jennx_-_PLAYLIST_KPOP_NEWS_SONG_INCONC.wav,2646078,73b4a1aa05a47d639bb0553cfd171bcd46676b5fc8ef107df8ae6dc24b2798d3,30.0,44100,1,VALID,
K-Pop,Global,K-Pop\Global\K-Pop\JoBlo_Animated_Videos_-_Your_Idol_Song_Scene_KPOP_DEMON_HUNTERS_2025_Movie_CLIP_HD.wav,2646078,2f33b5d19eb88552eb4f718dc934e36edcd020d3aade5518fb6b41ad8ccb2033,30.0,44100,1,VALID,
K-Pop,Global,K-Pop\Global\K-Pop\jooniverse_-_most_popular_kpop_songs_of_each_year.wav,2646078,20fdc8a3c71bc35e16a0472921570a5e15e0d80bfb0bed0abc9372a89ed465d5,30.0,44100,1,VALID,
K-Pop,Global,K-Pop\Global\K-Pop\K_Music_Indonesia_-_TOP_KPOP_PLAYLIST_2025_Trending_Kpop_Songs_2025_Week_1_December_Top_Lagu_Kpop_Terpopuler.wav,2646078,5eb2723b74e9d92e54d44607716161a372e6d288d9013c77e763db049e67518a,30.0,44100,1,VALID,
K-Pop,Global,K-Pop\Global\K-Pop\K_Music_Indonesia_-_TOP_KPOP_PLAYLIST_2025_Trending_Kpop_Songs_2025_Week_5_Oct.wav,2646078,420f13dd7b177c7d8ddb3813ee3e68eb610637d61a5a53ebae9c8e8eaa6b945a,30.0,44100,1,VALID,
K-Pop,Global,K-Pop\Global\K-Pop\K_Music_Quiz_-_From_A_to_Z_SAVE_ONE_KPOP_SONG_Popular_Kpop_Songs_Kpop_Games_2025.wav,2646078,4dc0a8159324ef3b8a525854fcc2d936d28512a0dddb8100088efd12056768bc,30.0,44100,1,VALID,
K-Pop,Global,K-Pop\Global\K-Pop\K_NAM_-_KPOP_PLAYLIST_2025_NEW_SONGS_Hits_Popular_Dance_Working.wav,2646078,4572029446b93847bca84de1e8ffa79e16291a2f899c182bbf56e567179bead3,30.0,44100,1,VALID,
K-Pop,Global,K-Pop\Global\K-Pop\K_NAM_-_KPOP_PLAYLIST_GIRL_GROUP_SONGS_Hits_Popular_Dance_Working.wav,2646078,139398d51de2fe031dc3fbfe3ee3f350e3445860c801d9721b4eb1bec67608a8,30.0,44100,1,VALID,
K-Pop,Global,K-Pop\Global\K-Pop\K_POP_Lite_-_KPOP_PLAYLIST_2025_K_POP_Lite.wav,2646078,19ca1c534a71c00721fcd193e1dc55b836a5366433a24fbd4541a0d7a53e1a41,30.0,44100,1,VALID,
K-Pop,Global,K-Pop\Global\K-Pop\K_Quiz_-_FINISH_THE_LYRICS_KPOP_SONGS_MUSIC_QUIZ_2025.wav,2646078,8c5d5cac462479f40efdf8bfda2e48679e8339891815a0cffb857c5be9a45432,30.0,44100,1,VALID,
K-Pop,Global,K-Pop\Global\K-Pop\K_Ville_Entertainment_-_K_POP_SONG_CHART_OCTOBER_2025_WEEK_2.wav,2646078,f266a6c7fe6946851638eec482291ac9325d15a9a6909bad803d45d2ef0e55dc,30.0,44100,1,VALID,
K-Pop,Global,K-Pop\Global\K-Pop\K_Ville_Entertainment_-_TOP_100_MOST_VIEWED_K_POP_SONGS_OF_2024_NOVEMBER_WEEK_1.wav,2646078,7c4b47337d93907a7196c81d47ae19d8c5a2332f7374d93a41035ceebf6a1495,30.0,44100,1,VALID,
K-Pop,Global,K-Pop\Global\K-Pop\K_Ville_Entertainment_-_TOP_100_MOST_VIEWED_K_POP_SONGS_OF_2025_NOVEMBER_WEEK_1.wav,2646078,736bdb1d834e9c6a000a67858787beafec1802c71e35af2ee044d3bfc4820a8c,30.0,44100,1,VALID,
K-Pop,Global,K-Pop\Global\K-Pop\K_Ville_Entertainment_-_TOP_200_MOST_VIEWED_K_POP_SONGS_OF_ALL_TIME_NOVEMBER_2025.wav,2646078,033b760a7939358c753ac278d4b83ea5ce82a735a4e19d10f9eae3c528fe9054,30.0,44100,1,VALID,
K-Pop,Global,K-Pop\Global\K-Pop\Kids_Academy_-_KPop_Demon_Hunters_Song_Animated_Music_Video.wav,2646078,96481f92720cffd9b32f1b1d75402b5815606c810e29f88317f01e6f58ba4618,30.0,44100,1,VALID,
K-Pop,Global,K-Pop\Global\K-Pop\Kluz_Cartoon_-_Your_Idol_Not_Official_Song_Clip_KPop_Demon_Hunters_huntrix_version.wav,78,41251324b17e82e30b80a2b88139067f37929a91a47919687179e6f58ec29cc4,0.0,44100,1,VALID,
K-Pop,Global,K-Pop\Global\K-Pop\KPop_Demon_Hunters_Cast_-_Rumi_Jinu_Free_Music_Video_KPop_Demon_Hunters_Netflix_Philippines.wav,2646078,fc90c77b364f18c04b0b9d1bc1a97b8e985e2a8835708c7829727790bf8df2b8,30.0,44100,1,VALID,
K-Pop,Global,K-Pop\Global\K-Pop\Kpop_Quiz_Insider_-_GUESS_50_POPULAR_ICONIC_KPOP_SONG_IN_1_SEC_KPOP_QUIZ_BTBV_2025.wav,2646078,972cb765a25999471d3080dbb154feaa9b059e567a44ba7dfd64cb0ccd1caf2e,30.0,44100,1,VALID,
K-Pop,Global,K-Pop\Global\K-Pop\Kpop_Quiz_Insider_-_GUESS_ICONIC_POPULAR_KPOP_SONGS_BY_ITS_MV_BACKGROUND_KPOP_QUIZ_2025.wav,2646078,ec49117b4c434b1b543e07187dabf741adc31f9c9e83da5c56f8daacc6655935,30.0,44100,1,VALID,
K-Pop,Global,K-Pop\Global\K-Pop\kpop_stuff_-_KPOP_RANDOM_PLAY_DANCE_2020_2025.wav,2646078,5e154582d6f56dd9f00d91c1a7a41689f3519cb4154c2a2b3ae42ee114ef4178,30.0,44100,1,VALID,
K-Pop,Global,K-Pop\Global\K-Pop\kpop_stuff_-_KPOP_RANDOM_PLAY_DANCE_2025_NEW_POPULAR.wav,2646078,78c2588fbcb5e0fa6c3510e51d832d68d8bfef815c222a60d6865bcba6d604b8,30.0,44100,1,VALID,
K-Pop,Global,K-Pop\Global\K-Pop\kpop_stuff_-_KPOP_RANDOM_PLAY_DANCE_2025_NEWPOPULARCHRISTMAS.wav,2646078,ba6ab31fad829888f98171cc12d6b31add26c8975c4ec3e9502d8a16dea1850b,30.0,44100,1,VALID,
K-Pop,Global,K-Pop\Global\K-Pop\kpop_stuff_-_KPOP_RANDOM_PLAY_DANCE_2025_OLD_NEW.wav,2646078,2b62560799b56e15e4aefa1c03b858842507eb7c5c6e5cee35441d8222531fed,30.0,44100,1,VALID,
K-Pop,Global,K-Pop\Global\K-Pop\kpop_stuff_-_KPOP_RANDOM_PLAY_DANCE_2025_WITH_CHALLENGES.wav,2646078,09a6748f152c9d28d80fe4022675414de2daf76c8f2d1d2b3ef8b77bd3f7eb2e,30.0,44100,1,VALID,
K-Pop,Global,K-Pop\Global\K-Pop\kpop_stuff_-_ULTIMATE_KPOP_RANDOM_PLAY_DANCE_everyone_knowsiconicoldnew_1_HOUR.wav,2646078,b7f725b7b8fd9894db462fa18dfd4d0bc349f8127e8fa4e0dbda4e53cd66d077,30.0,44100,1,VALID,
K-Pop,Global,K-Pop\Global\K-Pop\kpop_stuffs_-_my_top_100_songs_of_2025.wav,2646078,9b17e3f18eecc825b4559123b1f86550ca841d36239b998cb8bbdbbcef3253d2,30.0,44100,1,VALID,
K-Pop,Global,K-Pop\Global\K-Pop\KPOPCALCAL_-_KPOP_RANDOM_DANCE_NEW_POPULAR_MIRRORED.wav,2646078,af6798ea2e59dc03663a95a95d21d11f44725ff9307e911b65f7af04bb6d12cd,30.0,44100,1,VALID,
K-Pop,Global,K-Pop\Global\K-Pop\lahleesuh_-_parts_in_kpop_songs_that_make_me_levitate.wav,2646078,4d53a6111e154c88bad35a268e2f44b785b496429d01035fa938f115c10cb306,30.0,44100,1,VALID,
K-Pop,Global,K-Pop\Global\K-Pop\Le_Gianna_-_Take_Down_Huntrix_Live_Action_Music_Video_Song_Dance_Cover_KPop_Demon_Hunters_IRL.wav,2646078,60899b46d03fc3f810b4a0261e62fc94a5445417a83da4f084a205e5a1777d47,30.0,44100,1,VALID,
K-Pop,Global,K-Pop\Global\K-Pop\LE_SSERAFIM_-_CRAZY.wav,2646078,c577cd6c82a690d2b047e23f46871baf7d9d5487f7743226dc96985b6536c30f,30.0,44100,1,VALID,
K-Pop,Global,K-Pop\Global\K-Pop\linlysun_-_2025_Kpop_Playlist_To_Make_You_Dance_Best_of_Jan_Jun_2025_Kpop_Boy_Group_And_Girl_Group_Songs_1h.wav,2646078,f8d985294f5517fe0309cf2f33ec1a071deba8dc218a0bcf9e28fb8df7ba8d19,30.0,44100,1,VALID,
K-Pop,Global,K-Pop\Global\K-Pop\linlysun_-_Kpop_Dance_Playlist_To_Hype_You_Up_1h_Of_Kpop_Boy_Group_And_Girl_Group_Songs.wav,2646078,1ab56bea12c01dd549ba511584801830472762884d9f25953ae2ed3b12b3e345,30.0,44100,1,VALID,
K-Pop,Global,K-Pop\Global\K-Pop\linlysun_-_Kpop_Hit_Playlist_To_Make_You_Dance_1h_Of_Kpop_Boy_Group_And_Girl_Group_Songs_From_2020_2025.wav,2646078,1ab56bea12c01dd549ba511584801830472762884d9f25953ae2ed3b12b3e345,30.0,44100,1,VALID,
K-Pop,Global,K-Pop\Global\K-Pop\linlysun_-_Kpop_Playlist_with_Songs_Where_Everyone_Knows_The_Dance_1h_of_Kpop_Boy_Group_and_Girl_Group_Songs.wav,2646078,a4e448d6c0d76aa5d47278d886657d3a9973c38af456eb9f358e31b125b247e4,30.0,44100,1,VALID,
K-Pop,Global,K-Pop\Global\K-Pop\Luks_Kpop_-_Top_10_Kpop_Best_Covers_PT2_kpop_cover_top10_best_shorts_kpopedit_idols_shortsvideo.wav,2646078,bf639a1d5c49d25ae932be0573afb3ea45dee89be20d211c51d6761bf7dd08a9,30.0,44100,1,VALID,
K-Pop,Global,K-Pop\Global\K-Pop\Marble_Music_Stories_-_KPop_Demon_Hunters_Golden_on_Cool_Music_Instruments.wav,2646078,df75e744b43b50ace1ecb16bc2ce1fd339013d16303f3cb4be2b0e702e34b6c4,30.0,44100,1,VALID,
K-Pop,Global,K-Pop\Global\K-Pop\Married_to_the_Music_-_Top_10_K_pop_Songs_of_2025_JanMar.wav,41690,2b240482cf049bdb6c43f6f1d294455b72d5387164eea043fb95a6c7e463b46e,0.472,44100,1,VALID,
K-Pop,Global,K-Pop\Global\K-Pop\Martin_and_Miriam_-_Golden_Huntrix_Live_Action_Music_Video_KPop_Demon_Hunters_Cover_by_Miriam.wav,2646078,0b2e31440079a741e393f7bd05eddd0cb11f8c79c3bda196f47d4ecfc32a8bbd,30.0,44100,1,VALID,
K-Pop,Global,K-Pop\Global\K-Pop\Meditation_-_The_best_K_pop_2026_lyrics_sad_hurt_emotional.wav,2646078,a2325e05847a5942068bfbec8a0405dcd2205ea2c303df5447c42bd78529c61f,30.0,44100,1,VALID,
K-Pop,Global,K-Pop\Global\K-Pop\Michael_Yarbrough_-_KPOP_PLAYLIST_Iconic_kpop_songs_from_2018_2019.wav,2646078,7681731eef886985fafd9afb1d1e32cffbacb6162c97abe43d77fd48989068ab,30.0,44100,1,VALID,
K-Pop,Global,K-Pop\Global\K-Pop\mil_-_the_BEST_kpop_songs_of_2025.wav,2646078,96553851921a98a9284ff47a253cd9d49437f57ebd53ae043c86a92cb6d31844,30.0,44100,1,VALID,
K-Pop,Global,K-Pop\Global\K-Pop\MilkyyMelodies_-_Soda_Pop_Saja_Girls_Version.wav,2646078,ecb1e1f16880043147ed3c7ad4657fdcec1b67e0ff2e9e4257e633f5682c02db,30.0,44100,1,VALID,
K-Pop,Global,K-Pop\Global\K-Pop\MilkyyMelodies_-_Your_Idol_Cover_Your_Idol_Huntrix_Version.wav,2646078,37742ae0b164619e7b4e2ed9f5c7d9fd3b5fc54ac73c2808742372add884c28d,30.0,44100,1,VALID,
K-Pop,Global,K-Pop\Global\K-Pop\Netflix_Family_-_How_Its_Done_Lyric_Video_KPop_Demon_Hunters_Netflix_Family.wav,2646078,c3138032f3bd87c4c750ed67e3d4736aa0f7473c478ff28775ea00661f935f33,30.0,44100,1,VALID,
K-Pop,Global,K-Pop\Global\K-Pop\Netflix_Family_-_Soda_Pop_Lyric_Video_KPop_Demon_Hunters_Netflix_Family.wav,2646078,e58d8117d5c55b107060d182151c002849959d5bcd5ebf701073fbe030f5ca69,30.0,44100,1,VALID,
K-Pop,Global,K-Pop\Global\K-Pop\Netflix_Family_-_Ultimate_KPop_Demon_Hunters_Song_Compilation_Netflix_Family.wav,2646078,b2aa96ed71a03ff273c47f5929e432f60d8d9cfc3134ef15d24cdfcba88a734e,30.0,44100,1,VALID,
K-Pop,Global,K-Pop\Global\K-Pop\Netflix_Family_-_What_It_Sounds_Like_Song_Clip_KPop_Demon_Hunters_Netflix_Family.wav,2646078,0f28b0237821e43b93d09f35a4caff20b47d5ed6a9dc225f72680a6f17fe186c,30.0,44100,1,VALID,
K-Pop,Global,K-Pop\Global\K-Pop\Netflix_Family_-_Your_Idol_Saja_Boys_HYPNOTIC_Performance_Song_Clip_KPop_Demon_Hunters_Netflix_Family.wav,2646078,4ab0806a7af64995a77592b0c2de55ed9adcbfbe6ae34f43f7ef8446e3977115,30.0,44100,1,VALID,
K-Pop,Global,K-Pop\Global\K-Pop\Netflix_K_Content_-_Huntrix_How_Its_Done_Official_Lyric_Video_K_Pop_Demon_Hunters_Netflix.wav,2646078,3a0fd08b1239a7329e5ec6f8edd626ea974ef08d1bfe2bceb19d5765210d4b67,30.0,44100,1,VALID,
K-Pop,Global,K-Pop\Global\K-Pop\Netflix_K_Content_-_Saja_Boys_Your_Idol_Performance_video_KPop_Demon_Hunters_Netflix.wav,2646078,732b4c766196dba1c1dde1cba6a96f06bdc3028798f18375a80fdf999332aff4,30.0,44100,1,VALID,
K-Pop,Global,K-Pop\Global\K-Pop\Netflix_Philippines_-_TWICE_Takedown_Music_Video_KPop_Demon_Hunters_Netflix_Philippines.wav,2646078,8487b2646e300c9ad69c0b84727a23414346587aed9cbb36f9ffa815f18b98cb,30.0,44100,1,VALID,
K-Pop,Global,K-Pop\Global\K-Pop\NGPLAYLIST_-_KPOP_Playlist_girl_group_2025_DANCE_PERFORMANCE_Vol2.wav,2646078,e7cf3df5dc1029bf89270e337b909fc5827a667c4e6d2f95a8731030482ad101,30.0,44100,1,VALID,
K-Pop,Global,K-Pop\Global\K-Pop\No_views_-_The_Best_Korean_Chill_K_POP_OST_2025_Cozy_Playlist_to_Relax_Study.wav,2646078,3ab617f3bf53fde7fbb2f59587c3b1211e804e4961789e74923eb83f100af945,30.0,44100,1,VALID,
K-Pop,Global,K-Pop\Global\K-Pop\nora_-_TOP_30_K_Pop_Songs_of_2025.wav,2646078,f31ef856c86c8bde445b117fceddcd38e6ebddcff572d8026f0b88188d0e7163,30.0,44100,1,VALID,
K-Pop,Global,K-Pop\Global\K-Pop\NOVA_X_-_Best_K_POP_Mix_2025_Vol_97_Kpop_EDM_Dance_Pop_RB_Trendy_Hits_City_Night.wav,2646078,0c095de12adf86b7479025a7d58b3042d0f540444ed83422db5e9f668bbaa0ad,30.0,44100,1,VALID,
K-Pop,Global,K-Pop\Global\K-Pop\Rawr_Topia_-_THE_KPOP_PLAYLIST_YOU_NEED_Dance_Vibe_Party_Car_Ride_Repeat.wav,2646078,7e1a22ddfff31e4b997b1071a574992c3252e55423aa065146511b83064cfce8,30.0,44100,1,VALID,
K-Pop,Global,K-Pop\Global\K-Pop\rora_-_2025_NEW_kpop_songs_playlist_that_will_make_you_dance_3_hannixf4iry.wav,2646078,58072be4c52efc9f70900d740cbf6514eae08e6e5311e1e8f69e912490ecf073,30.0,44100,1,VALID,
K-Pop,Global,K-Pop\Global\K-Pop\Rumi_-_Free.wav,2646078,3f77d0faf901b6a6a6e282fd8fafeb5a9d2b97a9aaa3fbb0472f89e148a7d503,30.0,44100,1,VALID,
K-Pop,Global,K-Pop\Global\K-Pop\Saja_Boys_-_Soda_Pop.wav,2646078,5ef174d2c8278f20d93883f2b022a392c09447abe4cf3ba1129a7b80b98fb960,30.0,44100,1,VALID,
K-Pop,Global,K-Pop\Global\K-Pop\Saja_Boys_-_Your_Idol.wav,2646078,75fc9631fb16bc9844ed893ed1efa1a7b77877c6c6ce798a9bcbe53afadc924d,30.0,44100,1,VALID,
K-Pop,Global,K-Pop\Global\K-Pop\SANKA_-_HUNTRIX_Golden_X_Takedown_Kpop_Demon_Hunters_OST.wav,2646078,fac65501cd0feafe7ec6e9cd28872df3a4366343058017a876547e687b92c72e,30.0,44100,1,VALID,
K-Pop,Global,K-Pop\Global\K-Pop\Sarangi_-_Iconic_Kpop_Songs_of_COVID_19_covid19_kpop_kpopedit_blackpink_psy_everglow_straykids_shorts.wav,180954,633250bb71e36129243d88ec6066bbe3d7444f94e7a6f6f6755bed5aa6432662,2.051,44100,1,VALID,
K-Pop,Global,K-Pop\Global\K-Pop\Seungluvz_-_1_HOUR_KPOP_RANDOM_DANCE_OLDNEWICONIC.wav,2646078,23876e5b335466df5126814080cc9ee1760c166ca92153107692c8e99effc8db,30.0,44100,1,VALID,
K-Pop,Global,K-Pop\Global\K-Pop\shotaluuv_-_KPOP_RANDOM_DANCE_POPULARNEW.wav,2646078,272b9a9d75ac56068f2b079fc85d9edbf79b909edab0c1ca96b7deffc4dea114,30.0,44100,1,VALID,
K-Pop,Global,K-Pop\Global\K-Pop\SilentHum_-_HUNTRX_Your_Idol_Kpop_Demon_Hunters_Fan_Animation.wav,717530,f7859905a4b9e53820c992bff92b660d3fb392e9f98d812089553f0d52c290da,8.134,44100,1,VALID,
K-Pop,Global,K-Pop\Global\K-Pop\SilentHum_-_Saja_Boys_Golden_Kpop_Demon_Hunters_Fan_Animation.wav,78,41251324b17e82e30b80a2b88139067f37929a91a47919687179e6f58ec29cc4,0.0,44100,1,VALID,
K-Pop,Global,K-Pop\Global\K-Pop\Soundgasm_-_Playlist_2_Hours_K_Pop_Demon_Hunters_Official_OST.wav,2646078,ecf8deb0819ef23291b6d840e6ce364f1a91b895c8d96b9d026718d1e5ccf556,30.0,44100,1,VALID,
K-Pop,Global,K-Pop\Global\K-Pop\svnoos_-_top_10_kpop_boy_groups_in_april_2025_fyp_shorts_kpop_seventeen_ateez_xyzbca_abcd.wav,1318616,72e032b63c5690c44001176ff2beb4f51faa911acd17852560c874ba567655f3,14.949,44100,1,VALID,
K-Pop,Global,K-Pop\Global\K-Pop\The_Fun_Squad_-_Golden_From_the_KPop_Demon_Hunters_Movie_Fun_Squad_Music_Video_Cover_Fun_Squad.wav,2646078,b48b75e8a273d21a86fcec4bea1c28ac6d578a5463d73f30509a88fd68ffdef4,30.0,44100,1,VALID,
K-Pop,Global,K-Pop\Global\K-Pop\The_Green_Notes_-_ALL_KPOP_DEMON_HUNTERS_Songs_On_Piano.wav,2646078,cb9094d2594a072a723b38f880d5234dd442c4d2ebfc800c6d79f10314937cde,30.0,44100,1,VALID,
K-Pop,Global,K-Pop\Global\K-Pop\The_K_Pop_Universe_-_100_Iconic_K_Pop_Songs.wav,2646078,34ee7131efaa96ae10cb67da6df6b08e94cc49a613795ba477d2c7b434ec3b9f,30.0,44100,1,VALID,
K-Pop,Global,K-Pop\Global\K-Pop\TikTokHymn_-_Huntrix_Takedown_Lyrics_K_Pop_Demon_Hunters.wav,2646078,8612c1fd45accd543c15423022d4290e9be62b4c177bddb6d1f07f5829cce428,30.0,44100,1,VALID,
K-Pop,Global,K-Pop\Global\K-Pop\Top_10_with_Fatima_-_Best_Kpop_Songs_of_each_group_kpop_shorts.wav,1498842,8901c53996b94710a3bc05ece5a145611e9377912ac8b3749aa4c1642678541a,16.993,44100,1,VALID,
K-Pop,Global,K-Pop\Global\K-Pop\Top_Diamond_-_Best_Kpop_Songs_Of_All_Time.wav,2646078,10e38e711c426b328b4e3124aead819c87bb2ac87a6d877a2e867b396a76be2a,30.0,44100,1,VALID,
K-Pop,Global,K-Pop\Global\K-Pop\topopiko_-_top_100_boy_group_songs_of_all_time.wav,2646078,d71cb26844da8213e052169ff37f544efde632ae9621447d5c7e35ffa3cc4817,30.0,44100,1,VALID,
K-Pop,Global,K-Pop\Global\K-Pop\TWICE_-_THIS_IS_FOR.wav,2646078,5937fa3b05835a04413a7ea2716eb594ee24ef1f8be2270b172dfd011f8bfebd,30.0,44100,1,VALID,
K-Pop,Global,K-Pop\Global\K-Pop\Tyna_Nguyn_-_20_KPOP_PLAYLIST_BTS_LE_SSERAFIM_TXT_IVE_Stray_Kids_NewJeans_NMIXX_MORE_Tyna_Nguyn.wav,2646078,4cd3bd50f42bd2c7b1f5f7627b3b34e4d25218164134bbc896dc7ba7e9568f8d,30.0,44100,1,VALID,
K-Pop,Global,K-Pop\Global\K-Pop\Tyna_Nguyn_-_35_KPOP_PLAYLIST_BLACKPINK_BTS_TWICE_IVE_Stray_Kids_TXT_MEOVV_aespa_MORE_Tyna_Nguyn.wav,2646078,f4576a3a3baf9679b8d87a50f926edb04dbfbfa936cacda1b3380269276cf6cd,30.0,44100,1,VALID,
K-Pop,Global,K-Pop\Global\K-Pop\Tyna_Nguyn_-_9_KPOP_GIRL_GROUP_PLAYLIST_BLACKPINK_BABYMONSTER_TWICE_aespa_NewJeans_Tyna_Nguyn.wav,2646078,0d9503ff7ac2635d70ffdb7eacb5744d839d76c7fba92abe7e9734209efbc777,30.0,44100,1,VALID,
K-Pop,Global,K-Pop\Global\K-Pop\Tyna_Nguyn_-_K_pop_3rd_Gen_Boy_Groups_MVs_BTS_SEVENTEEN_EXO_GOT7_NCT_MONSTA_X_IKON_MORE_Tyna_Nguyn.wav,2646078,0f1a01669873a027bee65c422ed60af2cc3744e5acfad9daf79e719216a17bc0,30.0,44100,1,VALID,
K-Pop,Global,K-Pop\Global\K-Pop\Velvet_-_CHALLENGE_KPOP_TIKTOK_RANDOM_PLAY_DANCE_2025.wav,2646078,710af0003aeae0bf3a7d842219b792362913c267154b9caa90554cccdbffa2e2,30.0,44100,1,VALID,
K-Pop,Global,K-Pop\Global\K-Pop\Velvet_-_KPOP_RANDOM_PLAY_DANCE_OLDICONICNEWPOPULAR_2015_2025.wav,2646078,aacae930cd843dce7c5dec81c6eb063e6b6f0aa13cd72252b4f09b50969526e1,30.0,44100,1,VALID,
K-Pop,Global,K-Pop\Global\K-Pop\VibyFiles_-_K_Pop_Cafe_Music_to_Relax_Study_Work_Chill.wav,2646078,9f916f672bd559721358fccf55d8b53e73da726f16c875e63363973ff733a6f8,30.0,44100,1,VALID,
K-Pop,Global,K-Pop\Global\K-Pop\Viktor_Uvalic_-_Golden_Official_Music_Video_KPop_Demon_Hunters_Sony_Animation.wav,2646078,45a3ca8d4cfc00ebda62d278e08c12613db1158a47418473dea89362130f13cc,30.0,44100,1,VALID,
K-Pop,Global,K-Pop\Global\K-Pop\vvxoo_-_Kpop_Playlist_To_Make_You_Dance.wav,2646078,849cb553522530c285762501f67e04125c0024d43a5dec38b629c9b3563e84e8,30.0,44100,1,VALID,
K-Pop,Global,K-Pop\Global\K-Pop\vvxoo_-_KPOP_Playlist_To_Make_You_Dance_LOUD_Ver_BoyGroup.wav,2646078,5b2aae667c53bbb5a45b6cb42ea407b7b65a40195c51def8b744e10f67952d2e,30.0,44100,1,VALID,
K-Pop,Global,K-Pop\Global\K-Pop\WatchMojocom_-_Top_20_Greatest_K_pop_Songs.wav,2646078,e8c5d936a1ddd8d2f75b6122e79874d139c1ff5a5545d529fc345d4168445506,30.0,44100,1,VALID,
K-Pop,Global,K-Pop\Global\K-Pop\winterosy_-_the_BEST_kpop_songs_of_2022.wav,2646078,c396ca99feb893e4a5bb3c2f5ae0d54836e3ef4505ceafbb8d37416c4fed824a,30.0,44100,1,VALID,
K-Pop,Global,K-Pop\Global\K-Pop\winterosy_-_the_BEST_kpop_songs_of_2023.wav,2646078,002184dd09c49112aaab1f7a4ff13110ec7239630c746ae14456f80733b7fec3,30.0,44100,1,VALID,
K-Pop,Global,K-Pop\Global\K-Pop\winterosy_-_the_BEST_kpop_songs_of_2024.wav,2646078,d0011392115c56d7639ad27a6bd7fa616469784995e0def6f911684b4ecd5b7f,30.0,44100,1,VALID,
K-Pop,Global,K-Pop\Global\K-Pop\woodzology_-_ranking_the_BEST_kpop_songs_to_ever_exist_according_to_my_subs.wav,2646078,50b6f96551005870140e05eba8a6dc33907e7e052fbfcd7c4079164a7eea77f6,30.0,44100,1,VALID,
Phonk,Global,Phonk\Global\Phonk\_-_____.wav,2646078,5f52763d9bcadfafc9a25171e695d4ff288928161cec77d302f893ae671c9060,30.0,44100,1,VALID,
Phonk,Global,Phonk\Global\Phonk\_-_AGGRESSIVE_PHONK_PLAYLIST_1.wav,2646078,848a54dd9f6c3db59e24eb433ef884f37b2bc9f252c0e1255cc3185139a6a1a6,30.0,44100,1,VALID,
Phonk,Global,Phonk\Global\Phonk\AK_PHONK_-_AURA_NONSTOP_AURA_PHONK_2025_TRENDING_PHONK_PLAYLIST.wav,2646078,4fc634ee29f89e55f0a5ecd9d9870ff31544cc2a875ddda38e57ee6715afe299,30.0,44100,1,VALID,
Phonk,Global,Phonk\Global\Phonk\All_Things_Phonk_-_THE_BEST_PHONK_PLAYLIST_2025_Pt43_1_HOUR_VIRAL_AURA_MUSIC_PLAYLIST_to_BOOST_YOUR_AURA_.wav,2646078,21151ae27df2902561066258841e573a25066ea090feec679e4c4b672eea54b7,30.0,44100,1,VALID,
Phonk,Global,Phonk\Global\Phonk\All_Things_Phonk_-_THE_BEST_PHONK_PLAYLIST_2025_Pt51_1_HOUR_VIRAL_AURA_MUSIC_PLAYLIST_to_BOOST_YOUR_AURA_.wav,2646078,a9aa494f4820e3c4a91f3d8488725e4a97042a93031f4c8fd6d61bec60ab2a79,30.0,44100,1,VALID,
Phonk,Global,Phonk\Global\Phonk\Arexx_Musix_-_TOP_10_MOST_VIRAL_PHONKFUNK_2025_PART_1_TRENDING_PHONK_PLAYLIST.wav,2646078,cd3f260d926f2ea6f16903e8d7f6c30902bf4c3d2b19e7f86f9dd50b959d8fdd,30.0,44100,1,VALID,
Phonk,Global,Phonk\Global\Phonk\AS_PHONKS_-_QMIIR_SEMPERO_ULTRA_SLOWED.wav,2646078,f9971070a2f5e39a44c73ba7f2ab24c398f184602b2c0933ceb982040c868cb1,30.0,44100,1,VALID,
Phonk,Global,Phonk\Global\Phonk\Bass_phonk_-_TOP_10_MOST_VIRAL_PHONK_FUNK_2025_PART_3.wav,2646078,fd00a0fdc191055fd08142937b67bf71ff81d9145ed65ca21985431eed4770b0,30.0,44100,1,VALID,
Phonk,Global,Phonk\Global\Phonk\BiYVoS_-_30MINTOP_PHONK_MUSIC_2025TRENDING_PHONK_HITS.wav,2646078,bccf1c69dbd0907528631d947d07f6b81db3ab9ff1c95f6cc1a777e2f1f13a75,30.0,44100,1,VALID,
Phonk,Global,Phonk\Global\Phonk\Brazilian_Phonk_Empire_-_VIRAL_PHONKFUNK_SONGS_2025_PLAYLIST.wav,2646078,01573cc44813edcf6b371c2d150f72c99f3b72b6922871b784a807381c5d9fdc,30.0,44100,1,VALID,
Phonk,Global,Phonk\Global\Phonk\CURSEDEVIL_-_ADRENALINE_Playlist_That_Make_you_the_Main_Character_BRAZIL_PHONK_FUNK_VIRAL.wav,2646078,242ff550b4a78eb7c8139d149b9ce747f83b7be8fb367d9100cfdf1674968271,30.0,44100,1,VALID,
Phonk,Global,Phonk\Global\Phonk\D4RKPHONK_-_TOP_VIRAL_PHONKFUNK_TRACKS_OF_2025_AGGRESSIVE_PHONK_MUSIC_PLAYLIST_FUNK_GYM_AGGRESSIVE.wav,2646078,1c68e275318724c1709e98822bbc4e007d9c1d74573abfee818dfbece470a328,30.0,44100,1,VALID,
Phonk,Global,Phonk\Global\Phonk\Dark_Phonk_Zone_-_VIRAL_PHONKFUNK_SONGS_2025.wav,2646078,11d9a6d99405653e6f90ff269a86e2d7f126b621e6fb2daf53f940be178c5b69,30.0,44100,1,VALID,
Phonk,Global,Phonk\Global\Phonk\DEATH_Phonk_-_AURA_1_HOUR_VIRAL_AURA_MUSIC_PLAYLIST_2025_TRENDING_PHONK_HITS_10K_SPECIAL.wav,2646078,05006d497ff7f02d9958ef26ca218228dee25d50c39a9cb4bb2c1046e19b72f0,30.0,44100,1,VALID,
Phonk,Global,Phonk\Global\Phonk\DEMON_FONK_-_8___2025.wav,2646078,a39be6c722a7aeec0313befe100415ff19fa39805780ca30c88232a751b791cc,30.0,44100,1,VALID,
Phonk,Global,Phonk\Global\Phonk\EMPIRE_PHONK_-_AURA_1_HOUR_AURA_MUSIC_PLAYLIST_2025.wav,2646078,3b9d9aa07ea8d7ef7bf505118a5b1e526538146188713b5d5e024bf97db5ac55,30.0,44100,1,VALID,
Phonk,Global,Phonk\Global\Phonk\EMPIRE_PHONK_-_AURA_1_HOUR_VIRAL_AURA_MUSIC_PLAYLIST_2025_BOUNCE_PHONK_MIX_to_BOOST_YOUR_AURA.wav,2646078,1cc541930ea8e43eecae40efa534badabb0850831335479fb7853a033ad3e3fc,30.0,44100,1,VALID,
Phonk,Global,Phonk\Global\Phonk\EMPIRE_PHONK_-_AURA_1_HOUR_VIRAL_AURA_MUSIC_PLAYLIST_2025_TRENDING_PHONK_HITS.wav,2646078,62978d35062175ff1db8991dcd8d93b4013c60d933753b96ac1094cf2607f903,30.0,44100,1,VALID,
Phonk,Global,Phonk\Global\Phonk\EndIessMusic_-_TOP_PHONK_SONGS_OF_JUNE_2025_THAT_MAKE_U_THE_MAIN_CHARACTER.wav,2646078,9f6e73513fbaee5c36690ec8ae663f10bcfc89020bc8eef21ba5112c5fefd79c,30.0,44100,1,VALID,
Phonk,Global,Phonk\Global\Phonk\Endless_Phonk_Universe_-_TOP_10_MOST_VIRAL_PHONKFUNK_2025.wav,2646078,5206a54cf77d2658bb30497e4a3382ecfd0a86d44356461ce404db09a0235654,30.0,44100,1,VALID,
Phonk,Global,Phonk\Global\Phonk\ETERNAL_AURA_PHONK_-_TOP_10_MOST_VIRAL_PHONKFUNK_2025_PART_3.wav,2646078,7014fe41fe9d4dee488a528f8eafc4b3d3ff327e1b74c326cdb2dd95ae716225,30.0,44100,1,VALID,
Phonk,Global,Phonk\Global\Phonk\Eternal_Phonk_Empire_-_VIRAL_PHONKFUNK_SONGS_2025_PART_2.wav,2646078,80a91524bca636b1153694566f8a08d5975b5ac2920078c739d585f9c1ea218c,30.0,44100,1,VALID,
Phonk,Global,Phonk\Global\Phonk\Eternxlkz_Music_-_Top_10_Eternxlkz_Viral_Song_Phonk_Remix_Music_eternxlkzmusic.wav,2646078,b0c82764768eb3cc073895e8fee9a55d015c852b90cb7faab95d0d8aa579d4ed,30.0,44100,1,VALID,
Phonk,Global,Phonk\Global\Phonk\fa1lnight_-_G6_FUNK_Slowed_Reverb.wav,2646078,fc4b32d7c57047dae64309c1a5a11bed31e8dc2e77d7bdd8aac4ae3063f19daa,30.0,44100,1,VALID,
Phonk,Global,Phonk\Global\Phonk\FrostWalker_-_VIRAL_PHONKFUNK_SONGS_2025.wav,2646078,bec76ec0dd644d7ecea275774413fa99f75c244cea74634b217d15117176d211,30.0,44100,1,VALID,
Phonk,Global,Phonk\Global\Phonk\GHOFNIX_-_1_HOUR_ABSOLUTE_AURA_BOUNCE_FUNK_ALL_PHONKS_PLAYLIST_FOR_CHILL_out_SOUL_AGGRESSIVE_Phonk.wav,2646078,0ab4d0415dfa131f615504fe37a7c1b1d355603e1fb654b4c1e9f29c88d80f25,30.0,44100,1,VALID,
Phonk,Global,Phonk\Global\Phonk\GHOFNIX_-_1_HOUR_ABSOLUTE_HARDSTYLE_JUMP_STYLE_PHONKs_ALL_FUNKS_PLAYLIST_FOR_BOXING_AGRESSIVE_Phonk.wav,2646078,981119ce107d932137373eafef2b58f261ede8ca21190a63343589d0e4d5db3f,30.0,44100,1,VALID,
Phonk,Global,Phonk\Global\Phonk\GLOWHONN_-_top_5_most_popular_phonk_songs_in_2025.wav,2646078,760ff45e3290603cd0a4f075088ab3bb8be5e855df8e7b2c76ed02b5641163da,30.0,44100,1,VALID,
Phonk,Global,Phonk\Global\Phonk\Infinity_Aura_Phonk_-_TOP_10_MOST_VIRAL_PHONKFUNK_2025.wav,2646078,4c39e39a1dc9a00e180e6e9de17912f4decb45d8f68dd9941d0e3eef50f094fa,30.0,44100,1,VALID,
Phonk,Global,Phonk\Global\Phonk\Infinity_Aura_Phonk_-_TOP_10_MOST_VIRAL_PHONKFUNK_2025_PART_2.wav,2646078,4130ae9d689ed80c459585475eecbaaf5e7e5c638b059a3e4ff3ac72040fb602,30.0,44100,1,VALID,
Phonk,Global,Phonk\Global\Phonk\Infinity_Aura_Phonk_-_TOP_10_MOST_VIRAL_PHONKFUNK_2025_PART_3.wav,2646078,df8f0085c3a5f059899490b3427e5e3cbad252ca71bec8de97cf41ede133b329,30.0,44100,1,VALID,
Phonk,Global,Phonk\Global\Phonk\Infinity_Aura_Phonk_-_TOP_10_MOST_VIRAL_PHONKFUNK_2025_PART_5.wav,2646078,cab7c952451d9e00b26e890d606a9ab73ca6ec01915273be4f16c3e185729e28,30.0,44100,1,VALID,
Phonk,Global,Phonk\Global\Phonk\Infinity_Aura_Phonk_-_TOP_10_MOST_VIRAL_PHONKFUNK_2025_PLAYLIST.wav,2646078,b5e117c4d457fde44a24d81341c4ddf5e71d3b72d651fbfee7da8041cd8c85fa,30.0,44100,1,VALID,
Phonk,Global,Phonk\Global\Phonk\Legendary_Phonk_Kingdom_-_VIRAL_PHONKFUNK_SONGS_2025_PLAYLIST.wav,2646078,02e549dae3a18bffcc79f5e9aadd65745ecdedf6f990b684a9acac689af39773,30.0,44100,1,VALID,
Phonk,Global,Phonk\Global\Phonk\Legendary_Phonk_Verse_-_TOP_10_MOST_VIRAL_PHONKFUNK_2025.wav,2646078,ae06e0e027a48051454148c517d57d845eec31b2bbad7825a09d706a5446e855,30.0,44100,1,VALID,
Phonk,Global,Phonk\Global\Phonk\MAFIA_-_MONTAGEM_XONADA.wav,2646078,0576f47d635649b7c51caa819307a202d0948ae53f70ce1da27bbc64d8973243,30.0,44100,1,VALID,
Phonk,Global,Phonk\Global\Phonk\Mashuq_Haque_-_AIRTEL_PHONK.wav,2646078,14ab183581b3c43cb14ddfe931b281e576690f008b563c29db0e8f3178fb0f95,30.0,44100,1,VALID,
Phonk,Global,Phonk\Global\Phonk\MAVEK_-_VIRAL_PHONKFUNK_SONGS_2025.wav,2646078,589013c1fed231f8b4c87a46d0cdd7e4231ef0a7a0f3329db647fe698f4d30f2,30.0,44100,1,VALID,
Phonk,Global,Phonk\Global\Phonk\Maxeven_-_All_Top_50_Viral_FunkPhonk_Songs_of_2025_You_NEED_to_Hear_Songs_you_probably_Dont_Know_The_Name.wav,2646078,164ea7bd65acb06525791726246991ae8f425f2f1ba90de168b6a6757a0fe486,30.0,44100,1,VALID,
Phonk,Global,Phonk\Global\Phonk\MID_NIGHT_PHONK_-_TOP_10_VIRAL_AURA_PHONK_SONGS_MONTAGEM_SUPERSONIC_BRAZILIAN_PHONK.wav,2646078,f677b721aa14269b8efc44e0b7d9b7850f6d71968b59973e677e4dfe5ab2cfd1,30.0,44100,1,VALID,
Phonk,Global,Phonk\Global\Phonk\NAGATO_-_Top_20_Phonk_Songs_Best_of_Phonk.wav,2646078,9583ac0abd9dcff04beb452bc1d1256213d421aad6cbf68100d9a82dd5864836,30.0,44100,1,VALID,
Phonk,Global,Phonk\Global\Phonk\Nefor_-_TOP_10_BRAZILIAN_PHONK_SONGS_BRAZILIAN_PHONK_MIX.wav,2646078,dc5d43b2d9f6ad718f8b761fb37247d718aeee924f1fc0cbe85341ed2e85314f,30.0,44100,1,VALID,
Phonk,Global,Phonk\Global\Phonk\Nefor_-_TOP_PHONK_FOR_TRAINING_MIX_PHOK.wav,2646078,c49769e9b3699dcf1575aa98c6bc2de9224ae68d4209555f68714bb0f88ccf8c,30.0,44100,1,VALID,
Phonk,Global,Phonk\Global\Phonk\NGXT_PHONK_-_AURA_BOUNCE_FUNK_x_MONTAGEM_PHONKBEST_PHONK_FUNK_SONGS_2025.wav,2646078,46e690c6fd53aa49205d49d169649f481dc1b121562d99333e4d6dab67bf3c00,30.0,44100,1,VALID,
Phonk,Global,Phonk\Global\Phonk\No_views_-_AURA_1_HOUR_ABSOLUTE_AURA_FARMING_MUSIC_PLAYLIST_BEST_PHONKFUNK_SONGS_2025.wav,2646078,deb687bc42fab54c7102f771ad2979ecdae75b063abe375a5ad86ff363a36f14,30.0,44100,1,VALID,
Phonk,Global,Phonk\Global\Phonk\Now_Funk_-_TOP_10_MOST_VIRAL_PHONKFUNK_2025.wav,2646078,c5453f31bd0fdacc568a918ed85a0295df889b1e9cc6286086c1c5ed312bb31c,30.0,44100,1,VALID,
Phonk,Global,Phonk\Global\Phonk\Order_of_Baldwin_-_AURA_PART_II_KING_LEONIDAS_DARK_AGGRESSIVE_GYM_PHONK_PLAYLIST.wav,2646078,ae5c72ed17f0bc2d3c292d783a38273fa87ad95766e64a95bb67e10f26fe307a,30.0,44100,1,VALID,
Phonk,Global,Phonk\Global\Phonk\Overtaker_-_MONTAGEM_SUPERSONIC_Slowed_Reverb_BRAZILIAN_PHONK.wav,2646078,bd5d66157c4a38311eaed95193f9f95e8d44031a670bb90a3d2859e312bced8d,30.0,44100,1,VALID,
Phonk,Global,Phonk\Global\Phonk\Overtaker_-_MONTAGEM_XONADA_Super_Slowed_Reverb_BRAZILIAN_PHONK.wav,2646078,143caf5c5d6ed24eb9b61bc2454e03da3f5bf854ce085e4b13a747bcef8a35dd,30.0,44100,1,VALID,
Phonk,Global,Phonk\Global\Phonk\Panda_Music_-_TOP_100_Most_Popular_PHONKFUNK_Songs_of_All_Time_TikTok_Shorts_Reels_Trends.wav,2646078,b0fd9bf347fd435b4570f51fafbad8f40bf0665e9bc0d66a587e32e6aaeea30f,30.0,44100,1,VALID,
Phonk,Global,Phonk\Global\Phonk\Pepunia_Mation_-_ALL_VIRAL_PHONKFUNK_SONGS_2025_TOP_ALL_PHONK_PLAYLIST.wav,2646078,44d2eb4de1e7f27df88f9e0e302aafe01b4c717f99ab779f56ef11b70a4678a1,30.0,44100,1,VALID,
Phonk,Global,Phonk\Global\Phonk\Phonk_-_TOP_10_VIRAL_AURA_PHONK_SONGS_I_BRAZILIAN_PHONK_MIX_2025_AGGRESSIVE_BRAZILIAN_PHONK_MIX.wav,2646078,da7b76902941bb617aac524386b884b0fb8db7fdca7202cb36a24e8deb021e15,30.0,44100,1,VALID,
Phonk,Global,Phonk\Global\Phonk\Phonk_-_Top_20_Popular_PhonkFunk_edit_audios_to_vibe_at_3_AM.wav,2646078,ec89940b84d82d162c4e5f34011fd5eedb7aa9ed428fbb9520bd6e7ebdd4139f,30.0,44100,1,VALID,
Phonk,Global,Phonk\Global\Phonk\PHONK_ABSOLUTE_-_AURA_1_HOUR_ABSOLUTE_AURA_FARMING_MUSIC_PLAYLIST_BEST_PHONKFUNK_SONGS_2025.wav,2646078,1ac5a851bab87d09b1e513de1a168d83b4bdc3ab922fdcf92967217184144d95,30.0,44100,1,VALID,
Phonk,Global,Phonk\Global\Phonk\PHONK_ABSOLUTE_-_AURA_VIRAL_BOUNCE_FUNK_X_MONTAGEM_PHONK_ALL_FUNKS_PLAYLIST.wav,2646078,009b9f0165af6a66b8bcc38cef8ba0e63be572d98f3655fc3ad1018b1e83ebec,30.0,44100,1,VALID,
Phonk,Global,Phonk\Global\Phonk\PHONK_AURA_-_AURA_1_HOUR_VIRAL_AURA_MUSIC_PLAYLIST_2025_TRENDING_PHONK_HITS.wav,2646078,1627019e2d7f45d0cf1d88699f7211fcb4996750478b34a21536ed38fe6a6981,30.0,44100,1,VALID,
Phonk,Global,Phonk\Global\Phonk\Phonk_Aura_Nation_-_TOP_100_MOST_VIRAL_FUNKPHONK_2025.wav,2646078,c71512f0e727b3804bb43f0f2f591585ee3aae8d81c30c7d72d31a14c2fa6a4f,30.0,44100,1,VALID,
Phonk,Global,Phonk\Global\Phonk\Phonk_Aura_Nation_-_TOP_500_VIRAL_PHONKFUNK_SONGS_OF_ALL_TIME.wav,2646078,ba91d35cd7a151a8ff96330184245e26455f7fb97b57122c0b97d637e7f5a010,30.0,44100,1,VALID,
Phonk,Global,Phonk\Global\Phonk\PHONK_Beat_-__CHILL_PHONK_FOR_NIGHT_DRIVE_LXST_CXNTURY_TYPE_JDM_NIGHT_CAR_MUSIC_2025.wav,2646078,7f7eaa82e1addb10ca88fccc9fe9e062d3294a6dafdbbf59c412b06db7cb4bc1,30.0,44100,1,VALID,
Phonk,Global,Phonk\Global\Phonk\PHONK_Club_-_AURA_VIRAL_OLD_PHONK_MUSIC_PHONK_MUSIC_MIX_2025_.wav,2646078,32847265e37db16584d17d503dc7f25ee90c362bae99b7dc4ead63746d00f884,30.0,44100,1,VALID,
Phonk,Global,Phonk\Global\Phonk\PHONK_Club_-_Phonk_Music_Mix_2025_1_HOUR_AGGRESSIVE_PHONK_PLAYLIST_2025.wav,2646078,10aeb0b856586c7e8d80c34b36558c88420389408cd65b35a6e16a42cdb5fa7d,30.0,44100,1,VALID,
Phonk,Global,Phonk\Global\Phonk\Phonk_Cyril_-_BEST_BRAZILIAN_PHONK_TOP_10_AURA_PHONK_SONGS_VIRAL_AURA_MUSIC_PLAYLIST_2025.wav,2646078,f181a5bf71de572639e6ee2c6d1d721e79dd924c2ccf85a4a5ee5acbad61eb70,30.0,44100,1,VALID,
Phonk,Global,Phonk\Global\Phonk\Phonk_Cyril_-_TOP_10_VIRAL_AURA_PHONK_SONGS_BRAZILIAN_PHONK_MIX_2025_AGGRESSIVE_BRAZILIAN_PHONK_MIX.wav,2646078,e556b6c94fb8b438a2fe50da2cc71e438e07693e999bb7cdf12c6028a8ed311c,30.0,44100,1,VALID,
Phonk,Global,Phonk\Global\Phonk\Phonk_Cyril_-_TOP_10_VIRAL_AURA_PHONK_SONGS_VIRAL_BRAZILIAN_PHONK_MIX.wav,2646078,b408f1d95894b433e1f14da054e960e8980b2f7676ad42a7bb81a84a43935fd9,30.0,44100,1,VALID,
Phonk,Global,Phonk\Global\Phonk\Phonk_Demon_-_THE_BEST_PHONK_MUSIC_2025_PHONK_ENERGY_THAT_MAKES_YOU_JUMP_2025_180.wav,2646078,276a09fee08dd2c3228b62f385eddac1fb4a48c5b211a097a6464d8b8d4294cb,30.0,44100,1,VALID,
Phonk,Global,Phonk\Global\Phonk\PHONK_DOMAIN_-_Phonk_Music_2024_Best_Aggressive_Drift_Phonk_TikTok_Phonk_2024.wav,2646078,ce834069f83465e1e2c63ab7b6f8b5bea3659f587e3f779e8924649f3e3397cf,30.0,44100,1,VALID,
Phonk,Global,Phonk\Global\Phonk\PHONK_DOMINANCE_-_AURA_1_HOUR_VIRAL_AURA_MUSIC_PLAYLIST_2025_TRENDING_PHONK_HITS.wav,2646078,98db059bf6a221cd83e6b3f75e778335d872e88046340ab596a45c6cc443db2a,30.0,44100,1,VALID,
Phonk,Global,Phonk\Global\Phonk\PHONK_KENX_-_TOP_6_MOST_VIRAL_PHONKFUNK_SONGS_OF_2025_PLAYLIST.wav,2646078,255e98259a0338e66d4f4ad21e14973979dde137d3fac79350578b897ba6a7e1,30.0,44100,1,VALID,
Phonk,Global,Phonk\Global\Phonk\PHONK_MOB_-_AURA_MOTIVATION_x_DARK_PHONKs_BOOST_VILLAIN_AURA_UNSTOPPABLE_MODE_FUNKs_Break_the_Chains.wav,2646078,64b9d19095785077674b68741895758419114859ecf0217e13c5974ebb39897b,30.0,44100,1,VALID,
Phonk,Global,Phonk\Global\Phonk\PHONK_MOB_-_AURA_MOTIVATION_x_EGO_x_MAIN_AURA_FUNKs_UNSTOPPABLE_MODE_ALL_PHONKs_Break_the_Chains.wav,2646078,4e0a7a1adc3f2344265cd2de04b82a0beaa1ac53efc0865b0dc79864a7cc5b7f,30.0,44100,1,VALID,
Phonk,Global,Phonk\Global\Phonk\Phonk_Rival_-_THE_BEST_GYM_PHONK_2025_TOP_PHONK_MUSIC_PLAYLIST_GYM_AGGRESSIVE_DRIFT_2025_114.wav,2646078,8287f3c04254647da677dd839e09e78d7d24a3e4d540d3ca5d1923af3311e288,30.0,44100,1,VALID,
Phonk,Global,Phonk\Global\Phonk\Phonk_Rival_-_THE_MOST_INSANE_PHONK_MUSIC_2024_BEST_GYM_PHONK_GYM_AGGRESSIVE_DRIFT_2024_002.wav,2646078,f4d7e06581cc59ea8e896b7e5ed0e9304d1e5d7e462fd53b83f810c3900b4a4c,30.0,44100,1,VALID,
Phonk,Global,Phonk\Global\Phonk\PHONK_SESSIONS_-_AURA_20_MIN_VIRAL_PHONK_PLAYLIST_BRAZILIAN_FUNK_Phonk_Music_2025.wav,2646078,51b7ab0f80c977743d5bf283921cf4c9c76fc98f726f1a900b74fe8f1592068b,30.0,44100,1,VALID,
Phonk,Global,Phonk\Global\Phonk\Phonk_Society_-_VIRAL_PHONKFUNK_SONGS_PLAYLIST_2025.wav,2646078,23061b3a421b10948e03d88bbb668ffbfcca20e36a5508ecd2d1155b7f7bf35c,30.0,44100,1,VALID,
Phonk,Global,Phonk\Global\Phonk\Phonk_Time_-_AURA_AURA_MUSIC_PLAYLIST_2025_VIRAL_BRAZILIAN_PHONK_Phonk_Music_2025.wav,2646078,60bbb3a5272072bb498784685e0041b0d9208986e29c9726601341b60374143d,30.0,44100,1,VALID,
Phonk,Global,Phonk\Global\Phonk\Phonk_Time_-_AURA_VIRAL_PHONKFUNK_SONGS_PLAYLIST_2025_TRENDING_PHONK_HITS.wav,2646078,d6605e218ad36cf391d50ea47e2085c72f6de6783266196a4431a68a8794aa21,30.0,44100,1,VALID,
Phonk,Global,Phonk\Global\Phonk\Phonk_Time_-_Phonk_Music_2024_Aggressive_Drift_Phonk_2024.wav,2646078,53c2644292dc5a4f38695b24a593dd5f6a5634971c8b29df3408313c1d741f56,30.0,44100,1,VALID,
Phonk,Global,Phonk\Global\Phonk\Phonk_Universe_-_AURA_AGGRESSIVE_PHONK_MUSIC_MIX_2025_Phonk.wav,2646078,c5a256452cfdfe51e192a7e7a24c149401bbcd6d16160ea370e16fca8af752f9,30.0,44100,1,VALID,
Phonk,Global,Phonk\Global\Phonk\Phonked_Up_-_THE_ULTIMATE_BRAZILIAN_PHONK_PLAYLIST_PT47_VIRAL_PHONK_MIX_to_BOOST_YOUR_AURA_.wav,2646078,378dcdbc784db04562fd26ad5ec7a8b30f183e3f3f40f286f367e292e9351ea1,30.0,44100,1,VALID,
Phonk,Global,Phonk\Global\Phonk\PhonkVibesBR_Ltda_-_VIRAL_PHONKFUNK_SONGS_PLAYLIST_2025.wav,2646078,75731719b3b5a565486ba704009bf8403c1ab4aa271da344ae9158baf4eabb69,30.0,44100,1,VALID,
Phonk,Global,Phonk\Global\Phonk\Pyrolsl_Musc_-_AURA_TOP_VIRAL_PHONK_2025_PHONK_SLOWED_SUPER_SLOWED_MIXED_AURA_PHONKS_FUNKS.wav,2646078,ae56f7aab3f0aa0a0187a54ffcf1660291ecbbe5cd716fa068f435f5c88033eb,30.0,44100,1,VALID,
Phonk,Global,Phonk\Global\Phonk\REXER_X_-_TOP_50_Most_Popular_Phonk.wav,2646078,a1c7b8776f1a2f86a7096216f765eee58cd72762d108573e42ae3d425a7625ee,30.0,44100,1,VALID,
Phonk,Global,Phonk\Global\Phonk\RioX_-_30MINVIRAL_PHONKFUNK_SONGS_2025.wav,2646078,2ebc99b43f7c3990b979f6be553599ee738f62b390dfe1eac7ddb86384a44695,30.0,44100,1,VALID,
Phonk,Global,Phonk\Global\Phonk\RioX_-_NEW_VIRAL_FUNKPHONK_2025_BRAZILIAN_PHONK_PHONK_MUSIC_2025.wav,2646078,87602498bdcd0d75b88995ac5530fa2f9d02bff5eab456ab6b6ef63eef628b53,30.0,44100,1,VALID,
Phonk,Global,Phonk\Global\Phonk\RioX_-_VIRAL_PHONKFUNK_SONGS_2025_PLAYLIST.wav,2646078,e7287b74202567013711ca185f63f45dd34ba276342bca4bb651fe965a109b7c,30.0,44100,1,VALID,
Phonk,Global,Phonk\Global\Phonk\RioX_-_VIRAL_PHONKFUNK_SONGS_PLAYLIST_2025_BRAZILIAN_PHONK.wav,2646078,677b677f4ae4bf6a50b69a734873d8d44c04911e352336eb4f8d2d46697eb6c9,30.0,44100,1,VALID,
Phonk,Global,Phonk\Global\Phonk\RS_-____.wav,2646078,4b5dd4b716d326a70602f388dbe23a06f5b66fdb348168e66bcad00f12552613,30.0,44100,1,VALID,
Phonk,Global,Phonk\Global\Phonk\RS_-_____.wav,2646078,85451827cb7abcd9abd80c32c43fcb7d3fc69ba5408f82cedcf14f32025ecbac,30.0,44100,1,VALID,
Phonk,Global,Phonk\Global\Phonk\s_-_PhonkFunk_edit_audios_for_your_edits.wav,2646078,f24a1a184cc35721353a2d4537d7a8b86f8cd9f50c33f5a0f703c20c1ec3d1a3,30.0,44100,1,VALID,
Phonk,Global,Phonk\Global\Phonk\Shinwa_-_45MINTOP_PHONK_MUSIC_2025TRENDING_PHONK_HITS.wav,2646078,08e65cfe06219c9964991acde5b1ea85a5117ca6474939357062790db0155c49,30.0,44100,1,VALID,
Phonk,Global,Phonk\Global\Phonk\Shinwa_-_BEST_PHONKFUNK_2025_PLAYLIST_MUSIC_TURNED_FUNK.wav,2646078,9f49fc87b577cc0579b0ca7256dea7e30d3be09de94debed1f2aed7f694f1fc5,30.0,44100,1,VALID,
Phonk,Global,Phonk\Global\Phonk\STELLAR_BASS_-_VIRAL_PHONK_FUNK_SONGS_PLAYLIST_2025_TRENDING_PHONK_HITS.wav,2646078,62c6ae1c875c43ec3b387d2873429108b2456884161dec2a28a9f7b4d9907f3f,30.0,44100,1,VALID,
Phonk,Global,Phonk\Global\Phonk\Superior_Phonk_-_BEST_PHONK_2025_BRAZILIAN_PHONK_PLAYLIST.wav,2646078,2ece4989ab0a5d8e8a1598ff33ef308dfdc88f6b979726e8f9c7706a0c716b74,30.0,44100,1,VALID,
Phonk,Global,Phonk\Global\Phonk\Superior_Phonk_-_Mix_of_the_BEST_BRAZILIAN_PHONK_of_2025_Slowed_and_Reverb.wav,2646078,bd53c8115d6c496d46826f1ae12b2ff98c490ce8df5fe9a926650a7f1b339240,30.0,44100,1,VALID,
Phonk,Global,Phonk\Global\Phonk\SynthWavesZ_-_Phonk_Music_Mix_2025_1_HOUR_PHONK_PLAYLIST.wav,2646078,ee3a3667316e1999d9ee61f9c6635f95e11307f7247e95b74f06fc902041cb97,30.0,44100,1,VALID,
Phonk,Global,Phonk\Global\Phonk\SynthWavesZ_-_Phonk_Vol_2_Music_Mix_2025_1_HOUR_PHONK_PLAYLIST.wav,2646078,fddd671fc85de01ec3282fac120a6abfa3937aeaa78a9862360461cec243159e,30.0,44100,1,VALID,
Phonk,Global,Phonk\Global\Phonk\TAZZ_PHONK_-_1_HOUR_BRAZILIAN_PHONK_FUNK_MIX_2025_AGGRESSIVE_PHONK_MUSIC_PLAYLIST_GYM_AGGRESSIVE_FUNK.wav,2646078,6681f5043a110b501b48fdf5506c7c7c9d5e287088e29cd6b7d25a7938c4d9d1,30.0,44100,1,VALID,
Phonk,Global,Phonk\Global\Phonk\TM_ESPORTS09_-_TOP_50_VIRAL_PHONK_SONGS_2025_Most_Dangerous_Phonk_Drift_Bass_Boosted_Playlist.wav,2646078,7639c2574930ac8c724944591228b88686e59c19987e166dc47cc7bc43a69750,30.0,44100,1,VALID,
Phonk,Global,Phonk\Global\Phonk\Top_10_Viral_AURA_Phonk_Funk_Songs_-_Top_10_Viral_AURA_Phonk_Songs.wav,2646078,5a6726b8cd67ca76cc0071aff0ecb7e68f904231ecf3b8addaef3828b275105e,30.0,44100,1,VALID,
Phonk,Global,Phonk\Global\Phonk\Top_10_Viral_AURA_Phonk_Funk_Songs_-_Top_10_Viral_AURA_Phonk_Songs_Visualizer_Version.wav,2646078,0d544cc2fd5834c17d31431d27a77562e245196f945ff59e5782914a36f50420,30.0,44100,1,VALID,
Phonk,Global,Phonk\Global\Phonk\Tricky_Phunk_-_TOP_100_MOST_VIRAL_PHONKFUNK_SONGS_OF_ALL_TIME.wav,2646078,aec448a0a8c199397112d25101a222dfd5779308987330980778b2ef83ba3ecb,30.0,44100,1,VALID,
Phonk,Global,Phonk\Global\Phonk\Ultimate_Aura_Phonk_-_TOP_10_MOST_VIRAL_PHONKFUNK_2025.wav,2646078,b6204bce4092ab64c0689e321f1610b45d13f6dbddc169d6756acb0a8f483eff,30.0,44100,1,VALID,
Phonk,Global,Phonk\Global\Phonk\Ultimate_Aura_Phonk_-_TOP_10_MOST_VIRAL_PHONKFUNK_2025_PART_3.wav,2646078,425d86c1a013a65f80256915afa4f64f9fdab04fc1d277e367b5f614fd5da30e,30.0,44100,1,VALID,
Phonk,Global,Phonk\Global\Phonk\Ultimate_Aura_Phonk_-_TOP_10_MOST_VIRAL_PHONKFUNK_2025_PART_5.wav,2646078,979274b615c931b2faa9eb16ae336b949f3c3792ed9a650e591b5ee43f5eafa8,30.0,44100,1,VALID,
Phonk,Global,Phonk\Global\Phonk\VibeFuel_-_AURA_TIK_TOK_VIRAL_PHONK_PLAYLIST_2025_VIRAL_BRAZILIAN_PHONK_2025.wav,2646078,214eb76e399cc914870bc7812e797d9adac4ea1e3d7c35f16ab75f0de8f16bb7,30.0,44100,1,VALID,
Phonk,Global,Phonk\Global\Phonk\VIBMUSIC_-_TOP_10_MOST_VIRAL_PHONKFUNK_2025.wav,2646078,6800b320a782c623964b3f71eeeded12640668219831ee50005845f9570b6e5b,30.0,44100,1,VALID,
Phonk,Global,Phonk\Global\Phonk\XYZ_Video_-_TOP_10_MOST_VIRAL_PHONKFUNK_2025_PART_4_phonk_trend2025_viralphonk_2025_aura_phonkedit_yt.wav,2646078,9f127c043019cec3a25d5bfd1d05afe839f8db09298d5fe0613fbd589955809a,30.0,44100,1,VALID,
Phonk,Global,Phonk\Global\Phonk\ZIRCO_-_NEW_PHONKFUNK_SONG_2025_VIRAL_BRAZILIAN_PHONK.wav,2646078,774c3a54106a06f402461ada66a63ff275936edbbfa468954892a73584a01c6c,30.0,44100,1,VALID,
Phonk,Global,Phonk\Global\Phonk\Zyxo_-_TOP_10_PHONK_SONGS_Best_of_All_Time_Slowed_Reverb.wav,2646078,8ba06e93c8d443f72525a4f71908f57cc08ac26c5c6d7f8fbca6ff29d11bc209,30.0,44100,1,VALID,
Punjabi_Pop,India,Punjabi_Pop\India\Punjabi_Pop\AKSH_MUSIC_-_Nonstop_Punjabi_Mashup_2025_Shubh_ft_Sonam_Bajwa_Ap_Dhillon_Nonstop_Jukebox_2025_AKSH_Music.wav,2646078,caff9f2167abc5ad0ebca882e05ad694bf7ba7de1d9cb5aae36cd2ad5b16e015,30.0,44100,1,VALID,
Punjabi_Pop,India,Punjabi_Pop\India\Punjabi_Pop\Amrit_Maan_-_PAID_OFF.wav,2646078,b280b3e4c2a629d1ab1a7a8f57e3efb7e63c0873fbfc7cd9fba99a62e38eda90,30.0,44100,1,VALID,
Punjabi_Pop,India,Punjabi_Pop\India\Punjabi_Pop\Amrit_Maan_-_Trending_Nakhra.wav,2646078,ec058c38491e2957ad95abfd542204d70bdde95e67d395ae5a09316397f13a9a,30.0,44100,1,VALID,
Punjabi_Pop,India,Punjabi_Pop\India\Punjabi_Pop\Audio_for_Fingerprint_-_Na_Ja.wav,2646078,5d5605dd3f62431fdceee1264710b3141c453c4ad80781c48f7a521efc83bfbf,30.0,44100,1,VALID,
Punjabi_Pop,India,Punjabi_Pop\India\Punjabi_Pop\B2_Muzik_-_Punjabi_old_DJ_songsPunjabi_songsPunjabi_DJ_SongsPunjabi_GanePunjabi_old_songs_hit_collection.wav,2646078,1f265b456960890cbbd8e4dd0a6898ed461986bb7c58262c05144b1ee1685612,30.0,44100,1,VALID,
Punjabi_Pop,India,Punjabi_Pop\India\Punjabi_Pop\Being_Punjabi_-_Punjabi_Mashup_DJ_Hans_Non_Stop_Bhangra_Songs_Latest_Punjabi_Songs_New_Bhangra_Mashup.wav,2646078,e3a29f3953186e0e21d1316a8daf248e597d750502ef71b6c26d319f9321e262,30.0,44100,1,VALID,
Punjabi_Pop,India,Punjabi_Pop\India\Punjabi_Pop\Bhangra_Vibes_-_PATIALA_PEG_DILJIT_DOSANJH_HD_VIdeo_Diljott_Latest_Punjabi_Songs_2023_Punjabi_Songs_2023.wav,2646078,c503897d176fa9b34a84967dd97347f26317d328fbadfa2c1df1489db2396e0b,30.0,44100,1,VALID,
Punjabi_Pop,India,Punjabi_Pop\India\Punjabi_Pop\BOLLYWOOD_HINDI_SONGS_-_PUNJABI_MASHUP_2024_Top_Hits_Punjabi_Remix_Songs_2024_Punjabi_Nonstop_Remix_Mashup_Songs_2024.wav,2646078,9a39ba2b3d44e68454be55bc76645aa3e65cbaa0fbaaef32be53fb528cb891e5,30.0,44100,1,VALID,
Punjabi_Pop,India,Punjabi_Pop\India\Punjabi_Pop\BOLLYWOOD_HINDI_SONGS_-_PUNJABI_MASHUP_2025_Top_Hits_Punjabi_Remix_Songs_2025_Punjabi_Nonstop_Remix_Mashup_Songs_2025.wav,2646078,ea2f357b39c4a9b84bd872f40980f77c1ff377981a40dc748dfd623e553c40f3,30.0,44100,1,VALID,
Punjabi_Pop,India,Punjabi_Pop\India\Punjabi_Pop\Chakde_Punjab_Music_-_Surjit_Bhullar_New_Punjabi_Songs_New_Punjabi_Jukebox_2026_Best_Of_Surjit_Bhullar_Hit_Song.wav,2646078,4b40b2536795d1e51869d4495438dfbaa4d0f54c8070a64c9a2e675a414f6b56,30.0,44100,1,VALID,
Punjabi_Pop,India,Punjabi_Pop\India\Punjabi_Pop\Cheema_Y_-_California_Love.wav,2646078,76e06ed1b4132bf030b26115fc147f9ccde2c36a82ef1529b9453876a604e404,30.0,44100,1,VALID,
Punjabi_Pop,India,Punjabi_Pop\India\Punjabi_Pop\Cheema_Y_-_Trump_feat_Gurlez_Akhtar.wav,2646078,45405a5114cc28f20c7825ccf166df1913d0900024169872a6595e74c7998ce3,30.0,44100,1,VALID,
Punjabi_Pop,India,Punjabi_Pop\India\Punjabi_Pop\Coke_Studio_India_-_Ki_Banu_Duniya_Da_Gurdas_Maan_feat_Diljit_Dosanjh_Jatinder_Shah_Coke_Studio_MTV_Season_4.wav,2646078,0684b2586b27466134206a64bb9f4d41b42996fac94a11c96f43daab00fcae18,30.0,44100,1,VALID,
Punjabi_Pop,India,Punjabi_Pop\India\Punjabi_Pop\Deep_Bajwa_-_Lachi_Wargi_Naar_feat_Gurlez_Akhtar.wav,2646078,36463923766830238c16b446895243e068f551408e3b0f2d9901bdb5b49c5389,30.0,44100,1,VALID,
Punjabi_Pop,India,Punjabi_Pop\India\Punjabi_Pop\Diljit_Dosanjh_-_Born_to_Shine.wav,2646078,6bf9e1ec7693649bc704e69b141100f06812ddaf9b6bfbe8378a168e1bd1e8e3,30.0,44100,1,VALID,
Punjabi_Pop,India,Punjabi_Pop\India\Punjabi_Pop\Diljit_Dosanjh_-_GOAT.wav,2646078,97de6769f7e8c643566806c906cce4cbbe6c999b6d3f2e2da7311e652ea20b5b,30.0,44100,1,VALID,
Punjabi_Pop,India,Punjabi_Pop\India\Punjabi_Pop\Diljit_Dosanjh_-_Lehnga.wav,2646078,5050655522b624f00d8aa9b9114881ec3e16267add9fa684528cfec3ef2c15d0,30.0,44100,1,VALID,
Punjabi_Pop,India,Punjabi_Pop\India\Punjabi_Pop\DJ_HARSH_SHARMA_-_30_Minutes_Punjabi_English_Bhangra_Nonstop_Mashups_For_Party_DJ_HARSH_SHARMA_SUNIX_THAKOR.wav,2646078,fd1985444e1d9b4796f5ec96ecf870048f8b0b9918d0cae3b6447dd1d89662fd,30.0,44100,1,VALID,
Punjabi_Pop,India,Punjabi_Pop\India\Punjabi_Pop\Dj_kunal_India_-_Best_Punjabi_Singer_Daler_Mehndi_Sukhbir_Indian_Wedding_Nonstop_Dance_Mix_By_Dj_Kunal.wav,2646078,c02dec0dff0cf712cb9d0f0125f2bf59d3534fc37c8709aa3a7a0a57b8524662,30.0,44100,1,VALID,
Punjabi_Pop,India,Punjabi_Pop\India\Punjabi_Pop\Dj_kunal_India_-_NON_STOP_PUNJABI_HITS_SONGS_MIX_DJ_KUNAL.wav,2646078,51e169714852e9b9534d5265994b8cc330dc898c471f647b040a65bfe0437bb7,30.0,44100,1,VALID,
Punjabi_Pop,India,Punjabi_Pop\India\Punjabi_Pop\DJ_RAV_UK_-_Hindi_Punjabi_90s_Pop_Songs_Alisha_Chinai_Sukhbir_Stereo_Nation_Jazzy_B_Apache_Indian_Bally_Sagoo.wav,2646078,444177aa19011d067dc2fca546e61d67ff36bbe3f9f8e529845cf0069a4762ca,30.0,44100,1,VALID,
Punjabi_Pop,India,Punjabi_Pop\India\Punjabi_Pop\DJ_RAV_UK_-_PUNJABI_BHANGRA_OLD_SCHOOL_MIX_PUNJABI_OLD_SONGS_PUNJABI_RETRO_SONGS_PUNJABI_OLD_MASHUP.wav,2646078,d4a718a4a3050ffad4ba78a30efa1834e3fd052df86b370277d8e74d375baf95,30.0,44100,1,VALID,
Punjabi_Pop,India,Punjabi_Pop\India\Punjabi_Pop\djvihaanofficial_-_Punjabi_Dance_Nonstop_By_Dj_Vihaan_Diljit_Dosanj_Sharry_Mann_Jasmine_Sandlas_Many_More.wav,2646078,4c8ab07ea7781fceaaa2ffff7ce81ffc1a5d208a4f8eefae43e91c7396e13d56,30.0,44100,1,VALID,
Punjabi_Pop,India,Punjabi_Pop\India\Punjabi_Pop\Eagle_Music_-_BANGGTOWN_Kuwar_Virk_Ft_Ikka_Latest_Punjabi_Songs_2018_Eagle_Music.wav,2646078,bcf2e714555733ca195c8d331ceb32785a6fc30e143200c9514d0d04c0969b47,30.0,44100,1,VALID,
Punjabi_Pop,India,Punjabi_Pop\India\Punjabi_Pop\Garry_Sandhu_-_Illegal_Weapon.wav,2646078,c5eb5fe90d79c8b1abe7fa02caa83f5fadd915b64d05bda07b4cb5d71315c7cf,30.0,44100,1,VALID,
Punjabi_Pop,India,Punjabi_Pop\India\Punjabi_Pop\Garry_Sandhu_-_Lucky.wav,2646078,8532fdd0a3af9f7456e88eee79f362cd5a44c730902bc0a95e938027a3e45381,30.0,44100,1,VALID,
Punjabi_Pop,India,Punjabi_Pop\India\Punjabi_Pop\Garry_Sandhu_-_Minna_Minna.wav,2646078,b58c0601a8bf674019744a89f9f7ff711166300e64357907c4330739bed9dd34,30.0,44100,1,VALID,
Punjabi_Pop,India,Punjabi_Pop\India\Punjabi_Pop\Gur_Sidhu_-_8_Parche.wav,2646078,1679d57226cd70a64a11bededaaa7b57668acf6ac5995a8faf58d1ed847424a4,30.0,44100,1,VALID,
Punjabi_Pop,India,Punjabi_Pop\India\Punjabi_Pop\Gur_Sidhu_-_Business.wav,2646078,094a162db14447380531e68b81f8068ee2fe895c8ab49a445c155f758d106313,30.0,44100,1,VALID,
Punjabi_Pop,India,Punjabi_Pop\India\Punjabi_Pop\Gur_Sidhu_-_Talja_feat_Deepak_Dhillon.wav,2646078,11164cc23f997b51b00e3df1a5a0ba3c09f4027313e3fac00738bc05418d1312,30.0,44100,1,VALID,
Punjabi_Pop,India,Punjabi_Pop\India\Punjabi_Pop\Gurinder_Gill_-_Brown_Munde.wav,2646078,21f82f3085a7a96877461ece28a126c4760ce2eafcff2f6813e28f46d7d1260b,30.0,44100,1,VALID,
Punjabi_Pop,India,Punjabi_Pop\India\Punjabi_Pop\Gurlez_Akhtar_-_Best_Of_Gurlez_Akhtar_Karan_Aujla_Sabba_Latest_Punjabi_Songs_2025_New_Punjabi_Song_2025.wav,2646078,32709ff3e127cd0bf3d461871a7f47ed52019cf70692e796c72dc61ddd8a08c8,30.0,44100,1,VALID,
Punjabi_Pop,India,Punjabi_Pop\India\Punjabi_Pop\Guru_Geet_Tracks_-_GARRY_SANDHU_JUKEBOX_Soulful_Voice_Special_Punjabi_Love_Songs_Guru_Geet_Tracks.wav,2646078,299579968f950a97787dcce0019d0230b8d5c272c07b309731ade825b8b5d842,30.0,44100,1,VALID,
Punjabi_Pop,India,Punjabi_Pop\India\Punjabi_Pop\Guru_Randhawa_-_Bollywood_Punjabi_Chartbusters_Video_Jukebox_Diwali_Party_Songs_Latest_Hindi_Party_Songs.wav,2646078,d12c34add8c0aa9d738441f81d5a9845671bd974d52f4ecb14ef1c7f93c9f807,30.0,44100,1,VALID,
Punjabi_Pop,India,Punjabi_Pop\India\Punjabi_Pop\Hans_Raj_Hans_-_Hans_Raj_Hans_Chorni_Full_Album_Jukebox_Punjabi_Audio_Songs_T_Series_Apna_Punjab.wav,2646078,a91484ece078085281bf99d4c98906e5fd7f31c90c5e681e0dc924fe3f9e080b,30.0,44100,1,VALID,
Punjabi_Pop,India,Punjabi_Pop\India\Punjabi_Pop\Harf_Cheema_-_Jattwaad_Harf_Cheema_Gurlez_Akhtar_Official_Song_Punjabi_Songs_GK_Digital_Geet_MP3.wav,2646078,ab793eb11f01be4c5ad35bc0e7dd55a949a94e9582b7f60b77ea7ba1596ef0ba,30.0,44100,1,VALID,
Punjabi_Pop,India,Punjabi_Pop\India\Punjabi_Pop\Haryanvi_music_-_SNAKE_Official_Music_Video_Cheema_Y_Gur_Sidhu_New_Punjabi_Song_latest_2025.wav,2646078,c6cfdb17899283cdf3dbff6ee4b95de1f2e4606cca85e4603f777012b7a80a40,30.0,44100,1,VALID,
Punjabi_Pop,India,Punjabi_Pop\India\Punjabi_Pop\HS_MUSIC_-_Sultaan_all_songs_Best_of_sultaan_new_punjabi_songs_latest_punjabi_songs.wav,2646078,50f703569422ba4815a36bfd1032be62ba7c97c591faeb1ccde063c5627b0b83,30.0,44100,1,VALID,
Punjabi_Pop,India,Punjabi_Pop\India\Punjabi_Pop\indi_aura_-_Punjabi_Song_2025_Midnight_Urban_Desi_Flow.wav,2646078,b8e1d5aa51d816767748237ad5d93c61a72d3d9134c6f7bf91f26cecf344b584,30.0,44100,1,VALID,
Punjabi_Pop,India,Punjabi_Pop\India\Punjabi_Pop\itz4you_-_AP_Dhillon_All_Songs_Non_stop_AP_Dhillon_Songs_Punjabi_Pop_Songs_Itz4you.wav,2646078,f45ff92d8aed096280566a993f1a05604a29e311e4f25cf879406a251e823c5f,30.0,44100,1,VALID,
Punjabi_Pop,India,Punjabi_Pop\India\Punjabi_Pop\J_STAR_Productions_-_J_STAR_HULARA_Full_Official_Music_Video_Blockbuster_Punjabi_Song_2014.wav,2646078,5659b793969bbf1c3df2bb80c5650a01c09cb1a588c806d34cb3e765120273b0,30.0,44100,1,VALID,
Punjabi_Pop,India,Punjabi_Pop\India\Punjabi_Pop\Jaani_-_Kya_Baat_Ay.wav,2646078,94fa474730acb75cad684fcbe5ba9ac0df168f837968be6216384a0dbfb90335,30.0,44100,1,VALID,
Punjabi_Pop,India,Punjabi_Pop\India\Punjabi_Pop\Jass_Manak_-_Prada_Jass_Manak_Official_Video_Satti_Dhillon_Romantic_Song_GK_Digital_Geet_MP3.wav,2646078,b3800f567b70f6488970659cf0d2c4878478a202aaaa2ea92d71c4267cab8dd5,30.0,44100,1,VALID,
Punjabi_Pop,India,Punjabi_Pop\India\Punjabi_Pop\Jass_Records_-_Struggler_Full_HD_R_Nait_Laddi_Gill_Tru_Makers_Punjabi_Songs2019_Jass_Records.wav,2646078,8f4f29ef212da5e23ad04f04c13f9469f0c0b51917587e31bfb9cceba54e2c35,30.0,44100,1,VALID,
Punjabi_Pop,India,Punjabi_Pop\India\Punjabi_Pop\Jatt_Life_Studios_-_Distance_Love_Zehr_Vibe_Yaari_Ghuman_Punjabi_Song_2021.wav,2646078,81f4b2bd77f70eccfd305c38c706b0bf5c4f5143855b7159de404f846642d770,30.0,44100,1,VALID,
Punjabi_Pop,India,Punjabi_Pop\India\Punjabi_Pop\Jazzy_B_-_SOORMA_Jazzy_B_Sukshinder_Shinda_Punjabi_Pop_Songs_Romeo_90s_Punjabi_Hit_Songs.wav,2646078,bc214a5ef29768a041b738809040ced023430a1233b583cc2c96519f26c6219e,30.0,44100,1,VALID,
Punjabi_Pop,India,Punjabi_Pop\India\Punjabi_Pop\Jorge_Gill_-_Kyon_Tadfave_Ni.wav,2646078,7c85ec8e5b8192965e2895c1f896313522be65c87e90ba57e4a0a773ea2867f0,30.0,44100,1,VALID,
Punjabi_Pop,India,Punjabi_Pop\India\Punjabi_Pop\Karan_Aujla_-_At_Peace.wav,2646078,4e3b2ede2056d1c1bcdddba02cda9e6dc09c94b175536c6b21bef71c75493bbc,30.0,44100,1,VALID,
Punjabi_Pop,India,Punjabi_Pop\India\Punjabi_Pop\Karan_Aujla_-_Boyfriend.wav,2646078,6671314d9dc792362217e69290510cdb8be4994aae504576bee8cead64090bce,30.0,44100,1,VALID,
Punjabi_Pop,India,Punjabi_Pop\India\Punjabi_Pop\Karan_Aujla_-_COURTSIDE.wav,2646078,737bce9c3c3f799be10b26205eaeeaf68727f5084cc4b607c772bde3027278cd,30.0,44100,1,VALID,
Punjabi_Pop,India,Punjabi_Pop\India\Punjabi_Pop\Karan_Aujla_-_For_A_Reason.wav,2646078,ea86a93f8175bf882c4601a9481ccc034b8f8ca82aa5dc951f6381dbd665ac38,30.0,44100,1,VALID,
Punjabi_Pop,India,Punjabi_Pop\India\Punjabi_Pop\Karan_Aujla_-_MF_Gabhru.wav,2646078,bffcb700413f5e31191e868c74696a23ebc137a4ec326f7758e104e45e4deb59,30.0,44100,1,VALID,
Punjabi_Pop,India,Punjabi_Pop\India\Punjabi_Pop\Karan_Aujla_-_On_Top.wav,2646078,99496c02a7e1caa158a146baedfaec9b0ad98cc86c88095b7c331ed1dbc86f54,30.0,44100,1,VALID,
Punjabi_Pop,India,Punjabi_Pop\India\Punjabi_Pop\Karan_Aujla_-_Softly.wav,2646078,bb07e72da46a4d71e1ff67e2aac36481c12558c448bfb16d9369175a3814097c,30.0,44100,1,VALID,
Punjabi_Pop,India,Punjabi_Pop\India\Punjabi_Pop\Karan_Aujla_-_Wavy.wav,2646078,98d38d0fb9a1b0c2a5265ff79bc916581960b78724b1ceff3cdb240ae173af33,30.0,44100,1,VALID,
Punjabi_Pop,India,Punjabi_Pop\India\Punjabi_Pop\Khan_Bhaini_-_Past_Present_Future.wav,2646078,c92b70eb0d752bdcc318536ece43a450f99c8f186d6ccd7764558bc9471099f2,30.0,44100,1,VALID,
Punjabi_Pop,India,Punjabi_Pop\India\Punjabi_Pop\Kulwinder_Billa_-_Time_Table.wav,2646078,354c7db4374f5c5b05f72d8124aa7e68b3014af841a33ecfdd71a71e195e1835,30.0,44100,1,VALID,
Punjabi_Pop,India,Punjabi_Pop\India\Punjabi_Pop\Kulwinder_Billa_-_Time_Table_2.wav,2646078,12f2edff5500a31d7159be9ba40f37c4edbf8f0b41e4eab9b89074e82baea594,30.0,44100,1,VALID,
Punjabi_Pop,India,Punjabi_Pop\India\Punjabi_Pop\Mannat_Noor_-_Laung_Laachi_Title_Track.wav,2646078,f349749f1b18f619528b40c1eccf449e49953edd415eef2606fe426458b09fc8,30.0,44100,1,VALID,
Punjabi_Pop,India,Punjabi_Pop\India\Punjabi_Pop\Masterpiece_A_Man_-_AP_Dhillon_All_Hit_Songs_Punjabi_Hit_Songs_AP_Dhillon_All_Love_Songs_MasterpieceAMan.wav,2646078,03058124bb2f0be78e5b82101825538288c389ccdb7377938ceb7d1dee72b259,30.0,44100,1,VALID,
Punjabi_Pop,India,Punjabi_Pop\India\Punjabi_Pop\Masterpiece_A_Man_-_Diljit_Dosanjh_Hit_Songs_Playlist_Punjabi_Hit_Songs_Best_Of_Diljit_Dosanjh_Songs_punjabisong.wav,2646078,e4f7b38b3f16e171cbc1f1ac38916b37aa1024410051e600897b88e3f0647a11,30.0,44100,1,VALID,
Punjabi_Pop,India,Punjabi_Pop\India\Punjabi_Pop\Masterpiece_A_Man_-_Gurlez_Akhtar_Top_Songs_New_Punjabi_Song_Gurlez_Akhtar_All_Songs_MasterpieceAMan.wav,2646078,b00d6ad4fe89f0061d6d48d1d86b57a13c645d12597d62d743cc077c32847070,30.0,44100,1,VALID,
Punjabi_Pop,India,Punjabi_Pop\India\Punjabi_Pop\Mavi_Singh_-_Wanted.wav,2646078,599ced94e6952c2d351ba281dd7d85614f4c955f6e31dbc2c5f2c0a5e716854d,30.0,44100,1,VALID,
Punjabi_Pop,India,Punjabi_Pop\India\Punjabi_Pop\Music_Station_-_20_Minutes_10_Best_Punjabi_Songs_2018.wav,2646078,d45e80a20f5ae086a92076cb46d392156df500223e2c4036b13f87aca8895799,30.0,44100,1,VALID,
Punjabi_Pop,India,Punjabi_Pop\India\Punjabi_Pop\Navv_Inder_-_Wakhra_Swag_feat_Badshah.wav,2646078,14accee869ca14a2b2a2755158dc9761ba08b6ad9d840d98bace5631b926d113,30.0,44100,1,VALID,
Punjabi_Pop,India,Punjabi_Pop\India\Punjabi_Pop\Nishawn_Bhullar_-_Telephone.wav,2646078,f4b997412b9034096cae2fdc7aa1b20f2136c61caeef6b40c55d0380fd9cb4c7,30.0,44100,1,VALID,
Punjabi_Pop,India,Punjabi_Pop\India\Punjabi_Pop\Punjabi_Dhunn_-_Gurnam_Bhullar_All_Hit_Songs_GURNAM_BHULLAR_ALL_SONGS_Punjabi_Jukebox_2022_Punjabi_Hit_Song.wav,2646078,9543a98a4d22997f8fd118aac178b9f6cf16dac59ebe68daa483802839ca5bae,30.0,44100,1,VALID,
Punjabi_Pop,India,Punjabi_Pop\India\Punjabi_Pop\Punjabi_Trendz_-_Mankirt_Aulakh_All_Song_2022_New_Punjabi_Song_2023Best_Songs_Mankirt_Aulakh_punjabitrendz.wav,2646078,4feef1c206547d6ef677f8f82de4ea9de29c9d9b31f770aae39d491bbfe57ccb,30.0,44100,1,VALID,
Punjabi_Pop,India,Punjabi_Pop\India\Punjabi_Pop\Rehaan_Records_-_Chitta_Kurta_Full_video_Karan_Aujla_feat_Gurlez_Akhtar_Deep_jandu_Punjabi_Songs_2019.wav,2646078,4ca520690814e51b2de644720241abc512ce464cbe17dc7b0da121472336a3bb,30.0,44100,1,VALID,
Punjabi_Pop,India,Punjabi_Pop\India\Punjabi_Pop\S_Dhillon_-_SHUBH_Punjabi_All_Songs_Audio_Jukebox_2023_Best_of_Shubh.wav,2646078,1f30180acd26307365e1f2d9508bd523933875c2d70c08465f2b422ce1d3526e,30.0,44100,1,VALID,
Punjabi_Pop,India,Punjabi_Pop\India\Punjabi_Pop\Sabba_-_Fly_Karke_feat_Jasmeen_Akhtar.wav,2646078,6761dfb42a376c741bd71855ee3cf7778a67a57b245ed7dda45f87be074bed4d,30.0,44100,1,VALID,
Punjabi_Pop,India,Punjabi_Pop\India\Punjabi_Pop\SagaHits_-_Nonstop_Dj_Song_Punjabi_Bhangra_Songs_Latest_Punjabi_Songs_2019_Punjabi_Dance_Songs_Remix.wav,2646078,aa92396395dcbe059de32658d476e65406f3f19c026c06491bacf9af69b43fcc,30.0,44100,1,VALID,
Punjabi_Pop,India,Punjabi_Pop\India\Punjabi_Pop\Satinder_Sartaaj_-_Udaarian_Badi_lambi_hai_kahani_mere_pyaar_di_Satinder_Sartaaj_Love_Songs_New_Punjabi_Songs.wav,2646078,5115a35abca343de0d55f5cb51f5990e0bd82adb977245478ee1eeb4065e5615,30.0,44100,1,VALID,
Punjabi_Pop,India,Punjabi_Pop\India\Punjabi_Pop\Sharry_Maan_-_3_Peg_From_3_Peg.wav,2646078,8215ea36ec522e3745a56f59e9b2419ecf4e0d61c0cf7756c7789b9b0eca4201,30.0,44100,1,VALID,
Punjabi_Pop,India,Punjabi_Pop\India\Punjabi_Pop\Shemaroo_Punjabi_-_Latest_top_5_Punjabi_Songs_by_Satinder_Sartaaj_New_Punjabi_Songs_Best_of_Sartaaj_2020.wav,2646078,37062d5326978e084772d5c12d5b5c677af3006f72e54ee593c9ba09011b0849,30.0,44100,1,VALID,
Punjabi_Pop,India,Punjabi_Pop\India\Punjabi_Pop\Shipra_Goyal_-_Churi_feat_Khan_Bhaini.wav,2646078,2bcf4cfaf1a87f503bf2a22f9d068a259257721bf78941c45950c929f6971311,30.0,44100,1,VALID,
Punjabi_Pop,India,Punjabi_Pop\India\Punjabi_Pop\Shivjot_-_Sharara.wav,2646078,e409f4fea14f16e298df3d6a6563ee790fe5d1e1b859833b37367e9ec89f0ed0,30.0,44100,1,VALID,
Punjabi_Pop,India,Punjabi_Pop\India\Punjabi_Pop\Shubh_-_Cheques_Music_Video.wav,2646078,88d354d574f54a6a52587682aae215d428edbf38c097d0155e795c710fa5328b,30.0,44100,1,VALID,
Punjabi_Pop,India,Punjabi_Pop\India\Punjabi_Pop\Singhs_Unplugged_-_Punjabi_Dance_Mashup_Gurashish_Singh_FtTajinder_Singh_Urvashi_Pardeshi_Tanveer_S_Kohli.wav,2646078,dc9710d838ed3d14b2950cdc0cb9669829cceb50d131b46a688523431372d1cf,30.0,44100,1,VALID,
Punjabi_Pop,India,Punjabi_Pop\India\Punjabi_Pop\Singing_Lover_-_Sabba_All_Songs_Sabba_All_Song_Sabba_New_Punjabi_Song.wav,2646078,525a857dcbcf661f0597a8fb31f3c223208e43699d87ff4f1f9e6bd01138678d,30.0,44100,1,VALID,
Punjabi_Pop,India,Punjabi_Pop\India\Punjabi_Pop\Single_Track_Studio_-_Miss_Pooja_OLD_IS_GOLD_Punjabi_Songs_2017_Top_12_All_Times_Hits_Non_Stop_HD_Video_Punjabi_Songs.wav,2646078,37d9bd2c86e75bb05560ed02517ecf424c327e8476264b844fd5f9b8b36fe6f8,30.0,44100,1,VALID,
Punjabi_Pop,India,Punjabi_Pop\India\Punjabi_Pop\Sj_Creator_-_Akhil_songs_Khaab_songs_Punjabi_songs_Punjabi_Romantic_songs_Best_of_Akhil_songs.wav,2646078,2087f2a7414d9cd04858c99646a6bf86883a25fcadab3263db95cd655c044baa,30.0,44100,1,VALID,
Punjabi_Pop,India,Punjabi_Pop\India\Punjabi_Pop\Songs_collections_AC_-_Kaka_Best_Songs_Kaka_Hit_Songs_Best_Punjabi_Songs_Kaka_Song_Jukebox_Hit_Songs_of_Kaka.wav,2646078,47a68f95863d17a77acb2d2983208c09c44badb7473da302fc20afb0b0896c81,30.0,44100,1,VALID,
Punjabi_Pop,India,Punjabi_Pop\India\Punjabi_Pop\Speed_Records_-_52_Non_Stop_Punjabi_Hits_Mashup_New_Punjabi_Songs_2025_Latest_Punjabi_Songs_2025.wav,2646078,4f24a9cd382466ecce851deacde988777d51481bc7351c27ef0627fdeb13c1d2,30.0,44100,1,VALID,
Punjabi_Pop,India,Punjabi_Pop\India\Punjabi_Pop\Speed_Records_-_Back_To_Back_Hits_2024_Latest_Punjabi_Songs_2024_New_Punjabi_Songs_2024_Speed_Records.wav,2646078,a834d5760af4dd7b498b43c14d1e56a259d3eeeb7a87facc03e5a8bca3c8919e,30.0,44100,1,VALID,
Punjabi_Pop,India,Punjabi_Pop\India\Punjabi_Pop\Speed_Records_-_Best_of_Bhangra_Video_Jukebox_Latest_Punjabi_Songs_2020_Speed_Records.wav,2646078,2fb8427b7476dd6797dcb2494dd03c28609d36cae043abf65af210983c4296cb,30.0,44100,1,VALID,
Punjabi_Pop,India,Punjabi_Pop\India\Punjabi_Pop\Speed_Records_-_Best_of_Jaani_Audio_Jukebox_Latest_Punjabi_Songs_2020_Speed_Records.wav,2646078,45805f80899607d55ed4c7bc334c41d0354d14553cf2a3e3cc0694f4a5352c5c,30.0,44100,1,VALID,
Punjabi_Pop,India,Punjabi_Pop\India\Punjabi_Pop\Speed_Records_-_Best_Of_Sharry_Mann_Audio_Jukebox_Punjabi_Songs_Collection_Speed_Records.wav,2646078,f2121f98aafa4126b36378599af43f98d552183c201eb6a7430093b9c958e94d,30.0,44100,1,VALID,
Punjabi_Pop,India,Punjabi_Pop\India\Punjabi_Pop\Speed_Records_-_Best_Of_Veet_Baljit_Audio_Jukebox_Punjabi_Song_Collection_Speed_Records.wav,2646078,4e15804db0e8a6d656cbb86a4a42dc773a6ee5a9431b7412932bfe84791b1a22,30.0,44100,1,VALID,
Punjabi_Pop,India,Punjabi_Pop\India\Punjabi_Pop\Speed_Records_-_Bhangra_Beats_Video_Jukebox_Latest_Punjabi_Songs_2019_Speed_Records.wav,2646078,fcab49128e96c949988df8ef7771f6704be54926761a0007fadf116dd0b3fcc1,30.0,44100,1,VALID,
Punjabi_Pop,India,Punjabi_Pop\India\Punjabi_Pop\Speed_Records_-_Top_10_Hits_Video_Jukebox_Latest_Punjabi_Songs_2019_Speed_Records.wav,2646078,caabe10e2da167bbf47d76a19cb15fdd09b9243b4c1416240bc3818f4128fd64,30.0,44100,1,VALID,
Punjabi_Pop,India,Punjabi_Pop\India\Punjabi_Pop\StarBoy_X_-_CHANNA.wav,2646078,c558df252f686e112ed258b150a8b9f983b411649f5a0d3ed12ab1f56f16d232,30.0,44100,1,VALID,
Punjabi_Pop,India,Punjabi_Pop\India\Punjabi_Pop\StarBoy_X_-_Patti_Ton_Patiala.wav,2646078,928dd1e56bd900b56a19fe9471abeff15cd806ff1c164c219026f68e6f78c8fe,30.0,44100,1,VALID,
Punjabi_Pop,India,Punjabi_Pop\India\Punjabi_Pop\Sufi_Mehfil_-_Dasda_Nayi_Amaan_Virk_Official_Music_New_Punjabi_Song_2025_Latest_Punjabi_Song_2026.wav,2646078,7a57506291024be56b0e2610ddd3e01362041ea70e28218d839515e791e530cb,30.0,44100,1,VALID,
Punjabi_Pop,India,Punjabi_Pop\India\Punjabi_Pop\Sukha_-_Punjaban.wav,2646078,2e0c194c7cf64d054c9841ba910b83dc3e6e5600b92ae65bfb089b098c668a62,30.0,44100,1,VALID,
Punjabi_Pop,India,Punjabi_Pop\India\Punjabi_Pop\Sumans_Snapshots_-_AP_Dhillon_All_Songs_Non_stop_AP_Dhillon_SongPunjabi_Pop_Songs_Latest_Punjabi_Songs_igsummiuk.wav,2646078,fbd592aec7ff1687ef1114e90c0f8ad83bef9409c998c275de2983c55bc832aa,30.0,44100,1,VALID,
Punjabi_Pop,India,Punjabi_Pop\India\Punjabi_Pop\Surjit_Bindrakhia_-_Tera_Yaar_Bolda_Punjabi_Audio_Song_Surjit_Bindrakhia_Phulkari_T_Series_Apna_Puinjab_feat_The_Speacialist.wav,2646078,a85cc0813d96f5dfc159b8569410c3d043f0acffc96bfc0ac8be2444f446b15c,30.0,44100,1,VALID,
Punjabi_Pop,India,Punjabi_Pop\India\Punjabi_Pop\T_Series_Apna_Punjab_-_BEST_OF_HARJIT_HARMAN_AUDIO_JUKEBOX_PUNJABI_SONGS_T_SERIES_APNA_PUNJAB.wav,2646078,86e276acc3a4f5f8d1ea5d96d22978c16b90d3a2eb6c07bd9e97f6520dc489b6,30.0,44100,1,VALID,
Punjabi_Pop,India,Punjabi_Pop\India\Punjabi_Pop\T_Series_Apna_Punjab_-_Best_Punjabi_Songs_of_2016_Audio_T_Series_Top_10_Punjabi_Songs_Punjabi_Jukebox.wav,2646078,ef2bf7b8b617fc7889baf74ce515da6533df04ee0f87048857c25b0659682ec0,30.0,44100,1,VALID,
Punjabi_Pop,India,Punjabi_Pop\India\Punjabi_Pop\T_Series_Apna_Punjab_-_HARJIT_HARMAN_EVERGREEN_HITS_AUDIO_JUKEBOX_Latest_Punjabi_Songs.wav,2646078,40e9a4dde0fb8973f7a40459280ebf49f94b0bd983e2862e04c8c063e18262cf,30.0,44100,1,VALID,
Punjabi_Pop,India,Punjabi_Pop\India\Punjabi_Pop\T_Series_Apna_Punjab_-_Hits_Of_Babbu_Maan_Audio_Jukebox_Punjabi_Evergreen_Hit_Songs_T_Series_Apna_Punjab.wav,2646078,d5fc686bb2da63c55868143e942d1afd3cfb4ee3791412a08a55a9072b6d03c9,30.0,44100,1,VALID,
Punjabi_Pop,India,Punjabi_Pop\India\Punjabi_Pop\T_Series_Apna_Punjab_-_T_Series_Top_10_Punjabi_Songs_of_2015_Staff_Pick_Non_Stop_Mix.wav,2646078,b7b097b357cb9a454dec0ca04d4c02eaec19728da8ebc4b1edd3dd0c62fcd1ef,30.0,44100,1,VALID,
Punjabi_Pop,India,Punjabi_Pop\India\Punjabi_Pop\The_Cafe_-_Best_Punjabi_Remix_Jukebox_Blast_Ever_Punjabi_Bhangra_songs_2022_2023_Punjabi_Party_Songs_2023.wav,2646078,f56eaa10b3a40576581c10c78b89801d3209820f31a8ee44562e7fb4dbbb4cc9,30.0,44100,1,VALID,
Punjabi_Pop,India,Punjabi_Pop\India\Punjabi_Pop\the_Music_-_Best_of_Ammy_virk__ammy_virk_all_songs_jukebox__punjabi_songs__new_punjabi_songs_20251080P_HD.wav,2646078,da04d51bf8d170545d545652ba483335b5ae98f2c1703872becb420e6c4db538,30.0,44100,1,VALID,
Punjabi_Pop,India,Punjabi_Pop\India\Punjabi_Pop\Top_Punjabi_Songs_2025_-_Top_Punjabi_Songs_Playlist_Non_Stop_Punjabi_Songs_Mashup_New_Trending_Songs_2024.wav,2646078,b44d84ff1af63c4b4db42939966a107fa41f757a6570021036ec82b4546a83ba,30.0,44100,1,VALID,
Punjabi_Pop,India,Punjabi_Pop\India\Punjabi_Pop\Top_Singers_-_Top_10_Best_of_Mika_Singh_Full_Bollywood_Punjabi_Songs_Jukebox_Party_Hindi_Hits_Songs.wav,2646078,09f4e790b5a1738af374d7f92034386223e95fccfde30f7207dcce1ce3e1fa90,30.0,44100,1,VALID,
Punjabi_Pop,India,Punjabi_Pop\India\Punjabi_Pop\Unbelievable_Talent_-_Top_Punjabi_Bhangda_SongsAmmyvirk_Diljit_Jassmanak_Harjitharman_Akhil_Hits.wav,2646078,4c8b86850effd41f11c3eed247a89ecc4d6baf7454824fdf373b66de4066e759,30.0,44100,1,VALID,
Punjabi_Pop,India,Punjabi_Pop\India\Punjabi_Pop\Varinder_Brar_-_THAA.wav,2646078,90678c0b149ccbffd95826fe9fcf21286f89b37e0a2a5b70076a583ead2f374c,30.0,44100,1,VALID,
Punjabi_Pop,India,Punjabi_Pop\India\Punjabi_Pop\VIP_Records_-_Daru_Badnaam_Kamal_Kahlon_Param_Singh_Official_Video_Pratik_Studio_Latest_Punjabi_Songs.wav,2646078,03009f817af2c0f02d4c007173818cc524d3d06a4ffad177cfdd53f593a2b22c,30.0,44100,1,VALID,
Punjabi_Pop,India,Punjabi_Pop\India\Punjabi_Pop\Wadali_Music_-_Lakhwinder_Wadali_Audio_Juke_Box_Wadali_Music_Latest_Punjabi_Songs_2021.wav,2646078,5c6d1ab1dd36e3ebf1d6045a76ee4fda2306a91928ed77e13c15904dce1fb0f0,30.0,44100,1,VALID,
Punjabi_Pop,India,Punjabi_Pop\India\Punjabi_Pop\Zee_Music_Company_-_Punjabi_Hit_Songs_Diljit_Dosanjh_Sonam_Bajwa_Gurnam_Bhullar_Sargun_Mehta_Neeru_Bajwa.wav,2646078,7ed28497647e7400af21dbe0879e10b424597fe9c21e4adef68b3c3f2792c546,30.0,44100,1,VALID,
Techno,Global,Techno\Global\Techno\Aguia_dourada_-_BEST_Oldschool_Techno_Hands_Up_Trance_Jumpstyle_Mix_2016.wav,2646078,915ad9dd6866fa3e2b87e5c1db6f504c271e3f30eefbfb7621ff49e48d1ffc43,30.0,44100,1,VALID,
Techno,Global,Techno\Global\Techno\ambient_techno_mixes_-_AMBIENT_TECHNO_mix_042_by_Rob_Jenkins.wav,2646078,a831658d2b5c302e16e7c24c1f760b1c9d411860affde8b5d600ec5b7837462c,30.0,44100,1,VALID,
Techno,Global,Techno\Global\Techno\ANFAPINTO_Party_-_Rave_Techno_House_Mix_Trance_2025_Party_Vol_81Remixes_Of_Popular_SongsBy_AnfaPinto.wav,2646078,8b567e07b238fa14ed6873918a9930dad056107b59bdff9d695ea01d8379746e,30.0,44100,1,VALID,
Techno,Global,Techno\Global\Techno\ANFAPINTO_Party_-_Rave_Techno_House_Mix_Trance_2025_Party_Vol_83Remixes_Of_Popular_SongsBy_AnfaPinto.wav,2646078,93a689561cf4c364c32f32e1e3eb9b8c285c823f30ca17720a8a0a5db4fdb952,30.0,44100,1,VALID,
Techno,Global,Techno\Global\Techno\ANFAPINTO_Party_-_Techno_House_Rave_Mix_Trance_Party_2025_VOL_66_Remixes_Of_Popular_SongsBY_AnfaPinto.wav,2646078,1a54b4d346be44a03479732766f80dae453b43c57cdd2a459cb9489663d92f2f,30.0,44100,1,VALID,
Techno,Global,Techno\Global\Techno\Aurora_-_Trance_Classics_Golden_Age_Mix_1998_2005.wav,2646078,d00cb0f12a30dc51f2df9d94235e173e6a0655807f655460d394366cb35d9b54,30.0,44100,1,VALID,
Techno,Global,Techno\Global\Techno\Bass_Station_-_BAD_GIRLS_LISTEN_TO_TECHNO_BASS_STATION_HARD_TECHNO_SCHRANZ_SET_2026.wav,2646078,4ed581ef027cbfca637b11491bd666bf2a49dccd25c24adc1e3739dc3e51f4bc,30.0,44100,1,VALID,
Techno,Global,Techno\Global\Techno\bozic4_-_BEST_TECHNO_SONG.wav,2646078,190a6cd9ec8b1f2ca3f806b6d0adbbb3eaadae9911c118b54e3775f791495b22,30.0,44100,1,VALID,
Techno,Global,Techno\Global\Techno\BrutishHeavyMusic_-_CHRISTMAS_TECHNO_MIX_2025_Remixes_Of_Popular_Songs_Best_Holiday_Techno_Music.wav,2646078,3e2b37eccaaefac9604f1f54c9507979aad6fcf290c0eb5455fbff9307874ad0,30.0,44100,1,VALID,
Techno,Global,Techno\Global\Techno\BrutishHeavyMusic_-_TECHNO_MIX_2025_Remixes_Of_Popular_Songs_Only_Techno_Bangers.wav,2646078,b877f26b3ca94fa306e17b5fcc2143694a9e32b9780adb8017484f9cc9e4b501,30.0,44100,1,VALID,
Techno,Global,Techno\Global\Techno\Christian_Techno_Music_-_Christian_Techno_Music_2025_14_JESUS_Uplifting_EDM_Worship_Praise_Gospel_Dance_Mix.wav,2646078,3ab247bde1ce9c4df32df3e42a6fbbc5e34da16c14ea770afc45a25db32bc4cd,30.0,44100,1,VALID,
Techno,Global,Techno\Global\Techno\ColesoC_-_Best_Techno_2009.wav,2646078,79f00abb49c73383f7de0a794d03dc860bdcffdbd52ef9728e8404d0b7b6983b,30.0,44100,1,VALID,
Techno,Global,Techno\Global\Techno\Daniella_Bjarnhof_-_Best_Chill_Deep_House_2025_I_Daniella_Bjarnhof_Anjunadeep_Anjunabeats_Vibe.wav,2646078,8fba8bb02b4599aaab60e40512246fbe82e2e7d0da411f52060315a746ee5cd3,30.0,44100,1,VALID,
Techno,Global,Techno\Global\Techno\Dark_Ravers_-_Dark_Techno_Music_Mix_2025_Deep_Hypnotic_Energy_Intense_Rave_Vibes_Experience_Now.wav,2646078,ac8788f13dd9a49bdae463c359d14755cfc30513ffa051a7928752647d9dbee6,30.0,44100,1,VALID,
Techno,Global,Techno\Global\Techno\Darley_Jefferson_-_Best_Techno_Hardtechno_Remixes_Mashups_Of_Popular_Songs_2025_2.wav,2646078,8ae972bf2c9e1b080f6319e1d34ba6abb9cc3280c4abbff725302a792269b3b4,30.0,44100,1,VALID,
Techno,Global,Techno\Global\Techno\Darley_Jefferson_-_Best_Techno_Remixes_Mashups_Of_Popular_Songs_2023_1.wav,2646078,342687ed60fefd33c58250f8765e90ed854e3fe8367ec7737b3740956b203aed,30.0,44100,1,VALID,
Techno,Global,Techno\Global\Techno\Darude_-_Sandstorm_Radio_Edit.wav,2646078,9ee84911993db4056f72482a64a0691310b940c03e4a767584068c7d5939dd0b,30.0,44100,1,VALID,
Techno,Global,Techno\Global\Techno\Deep_Beat_-_441New_Year_CountdownFunky_House_Party_JAYC.wav,2646078,17f4e96f252525099c8b5977be7c040fa0a0bcc06676a5480dae049be6a73d8c,30.0,44100,1,VALID,
Techno,Global,Techno\Global\Techno\dj_c_boy_22M_views_-_BEST_OF_TEKNO_MIX_byDJ_c_boy_2024_ft_PanaDianaGowomanwhereyawawashduroraraenjoykataBe.wav,2646078,0ffb7237fb19e2c37a03aaf48e4dcac8327a6bb065a575f30e9bc140714f4409,30.0,44100,1,VALID,
Techno,Global,Techno\Global\Techno\DJ_JERAX_Music_-_MIX_TECHNO_Vivan_Los_90s_DJ_Jerax_Music.wav,2646078,9fc2c6281943fefa3d7410d49f3c838fc01ce99b275080c08165117aa92c0f91,30.0,44100,1,VALID,
Techno,Global,Techno\Global\Techno\DJ_Malajka_-_TECHNO_DANCE_HITS_2000_Selected_by_Dj_Malajka.wav,2646078,fe37c4bdf8d3443d1d3680751be0d31ade4a5025aabbb7147b7d023c20f1f10b,30.0,44100,1,VALID,
Techno,Global,Techno\Global\Techno\DJ_WYTEE_-_BEST_OF_TEKNO_KATA_SURU_PANA_2020_DJ_WYTEE_NON_STOP_NON_STOPNON_STOP.wav,2646078,1fb292e951914df1128182329457522b00e05fba90b37e4830e21ddc45ccd16a,30.0,44100,1,VALID,
Techno,Global,Techno\Global\Techno\DJFlyBeat1_-_Techno_2011_Hands_Up_Mix_60Min.wav,2646078,db6af74ad202839485f3d7bb8fab9930b85e90348a94dd35ea6c2021288f1cce,30.0,44100,1,VALID,
Techno,Global,Techno\Global\Techno\Electro_Junkiee_-_TECHNO_MIX_2025_Only_Techno_Bangers_Episode_50_Mixed_by_EJ.wav,2646078,a63ea143d5306a50f632795ec53060fb0e21bbedd332c3459a2953de9bbc7bf6,30.0,44100,1,VALID,
Techno,Global,Techno\Global\Techno\Electro_Junkiee_-_TECHNO_MIX_2025_Only_Techno_Bangers_Episode_55_Mixed_by_EJ.wav,2646078,aa4c5c90f7183d3cfdfa521b5b7b8e2ea87b04481d1168100d4ea715259e556a,30.0,44100,1,VALID,
Techno,Global,Techno\Global\Techno\Electro_Junkiee_-_TECHNO_MIX_2025_Only_Techno_Bangers_Episode_59_Mixed_by_EJ.wav,2646078,3e3b380eddf58c90352d9c092d77d147d8c72950379ebe25fc9149686dbbecf9,30.0,44100,1,VALID,
Techno,Global,Techno\Global\Techno\Electro_Junkiee_-_TECHNO_MIX_2025_Only_Techno_Bangers_Episode_61_Mixed_by_EJ.wav,2646078,4bfc1cb9917d684439e5687367f5002f5a1f0ab77653250d273855d1e04bd730,30.0,44100,1,VALID,
Techno,Global,Techno\Global\Techno\Electro_Junkiee_-_TECHNO_MIX_2025_Only_Techno_Bangers_Episode_65_Mixed_by_EJ.wav,2646078,8934f86637410fde910325aa7a30a0a4fe75f7a1997ecd3c82bb280f576d14a6,30.0,44100,1,VALID,
Techno,Global,Techno\Global\Techno\Electro_Junkiee_-_TECHNO_MIX_2025_Only_Techno_Bangers_Episode_67_Mixed_by_EJ.wav,2646078,4c2ab98959d324cb44b862d2a3e027725691befe7fd86bb5ef863f1af009f5e9,30.0,44100,1,VALID,
Techno,Global,Techno\Global\Techno\ElectroDanceMixes_-_New_Year_Mix_2025_Best_of_EDM_Party_Electro_House_Techno_Festival_Rave_Music.wav,2646078,e874e9a8aa93ab5f966297857a397202b23973da7c9e0bd0f481071dac94729e,30.0,44100,1,VALID,
Techno,Global,Techno\Global\Techno\EPHIMERA_Tulum_-_DeepMe_Melodic_Techno_Progressive_House_Mix_2022_By_EPHIMERATulum.wav,2646078,d7d1276dfe8753e6138b9c3be00db94940c85144c1715206b7c656dd5a505c71,30.0,44100,1,VALID,
Techno,Global,Techno\Global\Techno\George_Reynold_-_MIX_TECHNO_DANCE_90s_ATB_WHAT_IS_LOVE_TONIGHT_IS_NIGHT_CORONA_RUN_TO_MEEURODANCE_PURODANCE.wav,2646078,438a1a9e96a28b13119fdc2bc2f975e6b00216cce61120959eb4e1e92da02f59,30.0,44100,1,VALID,
Techno,Global,Techno\Global\Techno\Hard_Wind_Frequencies_-_Best_Of_HARD_TECHNO_2025_FULL_SET_MIX_4K_NICO_MORENO_CHARLOTTE_DE_WITTE_AMELIE_LENS_NOVAH.wav,2646078,393572edf4b0300c7e40c5026f9483602582348525cd338567edd21fb7524e85,30.0,44100,1,VALID,
Techno,Global,Techno\Global\Techno\Hard_Wind_Frequencies_-_Best_Of_HARD_TECHNO_2025_FULL_SET_MIX_4K_NOVAH_CHARLOTTE_DE_WITTE_AMELIE_LENS_NICO_MORENO.wav,2646078,d1719947d987fa88090d8fd2968f2b7aeaf236cc8e6afa50240c0452e412294a,30.0,44100,1,VALID,
Techno,Global,Techno\Global\Techno\Hard_Wind_Frequencies_-_Best_Of_HARD_TECHNO_2025_FULL_SET_MIX_NICO_MORENO_AMELIE_LENS_CHARLOTTE_DE_WITTE_NOVAH_4K.wav,2646078,577622104f984d1a075fb6db9e807eeb43dfaff4a851f5263e0c4a12d2a63a34,30.0,44100,1,VALID,
Techno,Global,Techno\Global\Techno\Hard_Wind_Frequencies_-_Best_Of_HARD_TECHNO_2025_FULL_SET_MIX_NOVAH_CHARLOTTE_DE_WITTE_AMELIE_LENS_NICO_MORENO.wav,2646078,11636ade4926383b5b97456677d6e8572208fe1c2147f63ee4d93dd5a76cb27f,30.0,44100,1,VALID,
Techno,Global,Techno\Global\Techno\HHH_Exclusive_Sounds_-_Techno_2021_Hands_UpBest_of_2020180_Min_Mega_RemixMix.wav,2646078,49b40722b480715ea4ac4d69b0b67e7740cef2aae6d9c72bcbe2e09db65fd49d,30.0,44100,1,VALID,
Techno,Global,Techno\Global\Techno\HyperTechFury_-_Techno_Mix_December_Best_Nonstop_Techno_Songs_For_Party_Gym_Gaming_Hyper_Techno_Remix_005.wav,2646078,13d64d216fcf5a8a040bf39b25089cdcedc9b636411777781772fa98b1d08f4b,30.0,44100,1,VALID,
Techno,Global,Techno\Global\Techno\HyperTechno_-_CHRISTMAS_TECHNO_MIX_2024_Remixes_Of_Popular_Songs_Christmas_Song_Remix_019.wav,2646078,39ea1e173801f9653d9052fe50d96b22d48b506c3f4fa1bacb597920c8a2b070,30.0,44100,1,VALID,
Techno,Global,Techno\Global\Techno\HyperTechno_-_TECHNO_MIX_2024_Remixes_Of_Popular_Songs_Only_Techno_Bangers_023.wav,2646078,b7e74a51a2e0ca3d89ebd090915ddf87f946cfc12a7e74fe30b5b5cec062d606,30.0,44100,1,VALID,
Techno,Global,Techno\Global\Techno\Hypertechno_Queen_-_TECHNO_MIX_2025_Remixes_Of_Popular_Songs_Only_Techno_Bangers_009.wav,2646078,4c5e518abb18abac411e8685dde8cc756bb30aeacad5a0212873278cfbafce77,30.0,44100,1,VALID,
Techno,Global,Techno\Global\Techno\I_DUE_COMUNISTI_ITALIANI_-_BEST_Oldschool_Techno_Hands_Up_Trance_Jumpstyle_Mix_2017.wav,2646078,d0448ac45be513a943cb461ca65fa238ff71f815675aa63b8a5f5f5de0f57391,30.0,44100,1,VALID,
Techno,Global,Techno\Global\Techno\Industrial_Rave_Sessions_-_Hard_Techno_Music_Industrial_Rave_Tracks_for_Dark_Warehouse_Vibes.wav,2646078,777749a48301a9ff55f27a0eab8a2a447e27175b086e9f4046e682cb1a598868,30.0,44100,1,VALID,
Techno,Global,Techno\Global\Techno\KOROLOVA_-_KOROLOVA_Live_Zamna_Pyramids_Egypt_Melodic_Techno_Progressive_House_Mix.wav,2646078,e538372527d3b7e972309d1c0753549b68a7d9e293a80cd8713d37e1527e5113,30.0,44100,1,VALID,
Techno,Global,Techno\Global\Techno\LOKZ_-_155BPM_HARD_TECHNO_NEORAVE_MIX_MARCH_2K23.wav,2646078,6e37ace92b99b1f43fc432105b893315725695d623b0b5908ef5b822859edec0,30.0,44100,1,VALID,
Techno,Global,Techno\Global\Techno\Lovely_Dj_USA_-_POWER_BEAT_TECHNO_MIX_NONSTOP_DISCO_2025.wav,2646078,f1391dbd70c9cc97df8a3728406095138a9b36b78b650ea44f310d57f8d68017,30.0,44100,1,VALID,
Techno,Global,Techno\Global\Techno\Luma_Beats_Street_-_Deep_Melodic_Techno_Trance_Journey_Hypnotic_Mix_for_Travel.wav,2646078,6f8d81fe1dff03969abd91c89800ab4aea7ffcddc8fee83ecfdd0d4b3609af15,30.0,44100,1,VALID,
Techno,Global,Techno\Global\Techno\Masha_Tiss_Dj_Remo_-_Tomorrowland_2025_David_Guetta_Martin_Garrix_Tiesto_Meduza_Avicii_Axwell_Gigi_DAgostino.wav,2646078,989499eae617bbb90f4f3e4742e1e62c5e176ea9f870552e377417e98397ac06,30.0,44100,1,VALID,
Techno,Global,Techno\Global\Techno\Melodic_Techno_World_-_Best_Of_Melodic_Techno_Progressive_House_Special_Christmas_Mix.wav,2646078,61d75a8609938b9ec11f608d3af1f0a4d6d35ca13fd5587653d60f9ad00be384,30.0,44100,1,VALID,
Techno,Global,Techno\Global\Techno\Moon_Music_-_Techno_Mix_2025Best_Nonstop_Techno_Remixes_Of_Popular_SongsHyper_Techno_RemixTechno_Bangers.wav,2646078,0e56626e052fb0353a224a975b43bd83c91076cd0823a51844c1ca18bbdbb3d5,30.0,44100,1,VALID,
Techno,Global,Techno\Global\Techno\Moon_Music_-_Techno_Mix_2025Best_Nonstop_Techno_Songs_For_Party_Gym_GamingHyper_Techno_Remix_Moon_Music.wav,2646078,ccf33f3a1d597b70c434b40beec6f3bd3d099325acdfeaf1aace995ffa27c99c,30.0,44100,1,VALID,
Techno,Global,Techno\Global\Techno\MORPHINE_TECHNO_-_TECHNO_MIX_2023_Deborah_de_Luca_Charlotte_de_Witte_Space_92_Morphine_mix.wav,2646078,147c000dc471c84cd00af355769985957e44288d6c350c1daa428fe4d4829ee9,30.0,44100,1,VALID,
Techno,Global,Techno\Global\Techno\mtho_-_THE_TEKNO_MIX_2020_BEST_TEKNO_HITS_mixed_by_mtho.wav,2646078,9049e70c33195d823e8527c3993f7f698efa13e232db264ffe83570edb22debe,30.0,44100,1,VALID,
Techno,Global,Techno\Global\Techno\Music_Planet_-_Best_TECHNO_HARD_TRANCE_2026_Uplifting_trance_Synthwave_Electronicmusic_Fantasy.wav,2646078,84dedc31fdd7895bac3200e1ebd2fda0fe48e9ac60262e8dd5e1397af3426873,30.0,44100,1,VALID,
Techno,Global,Techno\Global\Techno\Neon_Voyage_Tomorrowland_-_Tomorrowland_2025_Tiesto_Axwell_Martin_Garrix_David_Guetta_Gigi_DAgostino_Avicii_Meduza.wav,2646078,e0e1c094146bd3da9a7928fc3863d0686031a637e9f2adbcb8afa1bb51e7c06c,30.0,44100,1,VALID,
Techno,Global,Techno\Global\Techno\Omnya_-_Aria.wav,2646078,d4dc3a0165a9828f5c2237fa610e96714d02115f954fe998024342ae5d1637f6,30.0,44100,1,VALID,
Techno,Global,Techno\Global\Techno\Psycodelize_Music_-_Christmas_Techno_Remix_2025_Remixes_Of_Popular_Songs_Best_Techno_Music_Mix_2025.wav,2646078,0568b0c0e913199c602db8fbd24d70da8f95f606420fb4be6af5ad8cb8083ec1,30.0,44100,1,VALID,
Techno,Global,Techno\Global\Techno\RAF_FENDER_-_Melodic_Techno_Progressive_House_Mix_2024_Argy_Omnia_Monolink_Rebke_Daniel_Portman_Raf_Fender.wav,2646078,d0c2acccc8769f3a8858d2aaf14875b69bcb173db552ac6c8d02f391ce8454d7,30.0,44100,1,VALID,
Techno,Global,Techno\Global\Techno\Rave_Nation_-_Top_30_Classic_EDM_Songs_Rave_Nation.wav,2646078,bc0a1eb5021fa859704fe7edd43a92e36d9d16ffc3c806d9ee1786bf0ffd1e3b,30.0,44100,1,VALID,
Techno,Global,Techno\Global\Techno\Snoozy_-_BEST_OF_TECHNO_2025_REWIND_MIX.wav,2646078,28abfd8cbb5cdd70717e084506d1194680e4dcd8115843d8e4ed1d880a6550f6,30.0,44100,1,VALID,
Techno,Global,Techno\Global\Techno\Stefano_Dj_Stoneangels_Channel_Two_-_TECHNO_MUSIC_MAY_2019_CLUB_MIX.wav,2646078,bf57d71227ce8eae15e040171d123aacb6a7b937884c5b531837ed505c541936,30.0,44100,1,VALID,
Techno,Global,Techno\Global\Techno\Techno_Aura_-_TECHNO_MIX_2025Remixes_Of_Popular_Songs_Techno_Bangers_001.wav,2646078,737eeffbee169c6a7c04aea0e3d9ce3f939c7e1a27850a91afae4c2794c153b0,30.0,44100,1,VALID,
Techno,Global,Techno\Global\Techno\TECHNO_EDC_-_Techno_Mix_2025Best_Nonstop_Techno_Songs_For_Party_Gym_GamingHyper_Techno_Remix_Techno_EDC.wav,2646078,5734ae7d17ab5e482be3ac9ddf2323746d70b1cc9d39201230510552e0ea8d1c,30.0,44100,1,VALID,
Techno,Global,Techno\Global\Techno\Techno_Energy_-_Techno_Mix_2025_Best_Remixes_Of_Popular_Songs_Only_Techno_Bangers_035.wav,2646078,10c06ecb0b9a11fc8b2d8f92f8bcf3e376baa20dfea302c26d2379c0098e53cb,30.0,44100,1,VALID,
Techno,Global,Techno\Global\Techno\Techno_Hype_-_TECHNO_MIX_2025Remixes_Of_Popular_Songs_Techno_Bangers.wav,2646078,c951518fc3f13a2ecd9b4d9f83fac2b14183161dcdaed7c6fe04f44d843b2d93,30.0,44100,1,VALID,
Techno,Global,Techno\Global\Techno\Techno_King_-_TECHNO_MIX_2024_Rave_Techno_Remixes_for_Party_Gym_and_Car_Music.wav,2646078,fb5196a15e8a488680e25f41d4c81740952958056b12255000da85a5015f22a9,30.0,44100,1,VALID,
Techno,Global,Techno\Global\Techno\Techno_Knight_-_TECHNO_EDM_MIX_Only_Techno_Bangers_BEST_MIX_OF_TECHNO_RAVE_EDM_HYPERTECHNO.wav,2646078,cf80f9d10cadbe167d3f4129a3fac5d249082cc5eedcab037382ccc8ecc9b0cb,30.0,44100,1,VALID,
Techno,Global,Techno\Global\Techno\Techno_Party_-_New_Year_Music_Mix_2026_Best_Techno_Music_2025_Party_Mix_Remixes_of_Popular_Songs.wav,2646078,5aaef6690a5a7875f63d01ad511f7fb984750e8aedbc972e389579db3379228a,30.0,44100,1,VALID,
Techno,Global,Techno\Global\Techno\Techno_Pulse_-_Melodic_Techno_Mix_2025_Deep_Progressive_House_Journey.wav,2646078,425635f510f521b8b331a228b2ed7f1fbabfa128d0081ff18c6c91ba62628cd2,30.0,44100,1,VALID,
Techno,Global,Techno\Global\Techno\Techno_Pump_-_TECHNO_MIX_2025Remixes_Of_Popular_Songs_Techno_Bangers_139.wav,2646078,8d9b0ecdf6c32b1cbf6c1c3fa8e8cd9ce65793324033d499690676684e0746a9,30.0,44100,1,VALID,
Techno,Global,Techno\Global\Techno\TechnoKingLab_-_TECHNO_MIX_2025_Remixes_Of_Popular_Songs_Only_Techno_Bangers_99.wav,2646078,54f5e6a12b46c28bb2c57811c66786cdc72d70f2da7f4bd08cf29f98001d3fff,30.0,44100,1,VALID,
Techno,Global,Techno\Global\Techno\Tita_Lau_-_Tita_Lau_LIVE_Get_Closer_338_London_UK_Tech_House_House_Techno.wav,2646078,5419a92842f489fc4517784ee240beb90e87fa3eaa02b1c66d7a6c950fe4847c,30.0,44100,1,VALID,
Techno,Global,Techno\Global\Techno\TOBI_-_The_Best_Techno_Mix_2022_Best_Techno_Music_Mashups_Remixes.wav,2646078,2a8ebe6b6baa58170817d3772e8ae676d20037005faa6fe95181188886c10466,30.0,44100,1,VALID,
Techno,Global,Techno\Global\Techno\TOBI_-_The_Best_TECHNO_Party_Mix_2024.wav,2646078,ab8234726eca612df1af2b3a542a34ba04cd487daf189c5ea634fad7a43e87b6,30.0,44100,1,VALID,
Techno,Global,Techno\Global\Techno\Top_Dance_Music_-_Techno_Mix_2025_Melodic_Techno_Remixes_of_Popular_Songs_Bigroom_Techno_Music_2025.wav,2646078,e5d3dc2c7653ef3bcd4c25b98237b7c9a67a6c5a19a7489fc471cf12ba682dd8,30.0,44100,1,VALID,
Techno,Global,Techno\Global\Techno\Valentino_Sirolli_-_DJ_REMIX_SONG_2025_Remixes_Mashups_of_Popular_Songs_2025_DJ_Remix_Music_Disco_DJ_Club_Mix_2025.wav,2646078,ac19fdae0269f4b6437ea8bc7aff77eff650ac8f2b76e9086ecb28db64b4a09e,30.0,44100,1,VALID,
Techno,Global,Techno\Global\Techno\yougi_youg_-_BEST_Oldschool_Techno_Hands_Up_Trance_Jumpstyle_Mix_2016.wav,2646078,56f05f29e55ab57b2803b8bdc65771091c51597c4f052451e96e927b18cb1206,30.0,44100,1,VALID,
Techno,Global,Techno\Global\Techno\YOUNA_-_YOUNA_Melodic_Techno_Progressive_House_DJ_Mix_13_Red_Sand_Desert_I_Dubai.wav,2646078,9aa611d66b516199b61345080c25f6cf731415be1a82c365922a013643260f68,30.0,44100,1,VALID,
