sample_id,source,source_class,genre,class_id,relative_path,absolute_path,sha256,duration_seconds,status,exclusion_reason
1,Navrasa,Amapiano,Amapiano,10,Amapiano\Global\Amapiano\AFROBEAT_PLANET_MIX_-_BEST_AMAPIANO_x_AFROBEAT_MIX_2025_PARTY_NONSTOP.wav,C:\Genrogram\data\expanded_raw\Amapiano\Global\Amapiano\AFROBEAT_PLANET_MIX_-_BEST_AMAPIANO_x_AFROBEAT_MIX_2025_PARTY_NONSTOP.wav,f778e53268d974461bd1468415ba4e03ac9b6bbd0aed5ffd85aa32dec78db3e4,30.000000,included,
2,Navrasa,Amapiano,Amapiano,10,Amapiano\Global\Amapiano\Abanandih_-_AMAPIANO_ALL_IN_ONE_3_STEP_THE_BEST_OF_SEPTEMBER_AMAPIANO_2025.wav,C:\Genrogram\data\expanded_raw\Amapiano\Global\Amapiano\Abanandih_-_AMAPIANO_ALL_IN_ONE_3_STEP_THE_BEST_OF_SEPTEMBER_AMAPIANO_2025.wav,5ee40583c9962ace95f03ecd10567519928e06bcbd71ef6d8e7009135ade1899,30.000000,included,
3,Navrasa,Amapiano,Amapiano,10,Amapiano\Global\Amapiano\Abanandih_-_AMAPIANO_MIX_2025_05_OCTOBER_BEST_AMAPIANO_MIX_2025_NEW_AMAPIANO_SONGS_2025_ABANANDIH.wav,C:\Genrogram\data\expanded_raw\Amapiano\Global\Amapiano\Abanandih_-_AMAPIANO_MIX_2025_05_OCTOBER_BEST_AMAPIANO_MIX_2025_NEW_AMAPIANO_SONGS_2025_ABANANDIH.wav,485496fa1e3af4fb1113937078f3d107c7a1f35fc0f37a29a45a13bb6f15e316,30.000000,included,
4,Navrasa,Amapiano,Amapiano,10,Amapiano\Global\Amapiano\Abanandih_-_AMAPIANO_MIX_2025_THE_BEST_MIX_OF_NOVEMBER_AMAPIANO_PARTY_2025.wav,C:\Genrogram\data\expanded_raw\Amapiano\Global\Amapiano\Abanandih_-_AMAPIANO_MIX_2025_THE_BEST_MIX_OF_NOVEMBER_AMAPIANO_PARTY_2025.wav,9846300a1497dad67199e228576a0396fcb2cda79fe622c394128e256c7d1c12,30.000000,included,
5,Navrasa,Amapiano,Amapiano,10,Amapiano\Global\Amapiano\Abanandih_-_AMAPIANO_MIX_DECEMBER_TO_DECEMBER_2025_ABANANDIH.wav,C:\Genrogram\data\expanded_raw\Amapiano\Global\Amapiano\Abanandih_-_AMAPIANO_MIX_DECEMBER_TO_DECEMBER_2025_ABANANDIH.wav,022863e7df57667a91f68e9861029bf92a27ead1dd4d426da8ba795b5fbe6e49,30.000000,included,
6,Navrasa,Amapiano,Amapiano,10,Amapiano\Global\Amapiano\Abanandih_-_AMAPIANO_MIX_SA_2025_ABANANDIH_BEST_MIXS_OF_AMAPIANO_2025.wav,C:\Genrogram\data\expanded_raw\Amapiano\Global\Amapiano\Abanandih_-_AMAPIANO_MIX_SA_2025_ABANANDIH_BEST_MIXS_OF_AMAPIANO_2025.wav,c8cc441dfad9cf350c619f4fb71a8bf9a7b65998a463524fca724911f1691258,30.000000,included,
7,Navrasa,Amapiano,Amapiano,10,Amapiano\Global\Amapiano\AfroBeats_MIX_-_AFROBEATS_MIX_2025_Top_Naija_Amapiano_Bangers_African_Sound.wav,C:\Genrogram\data\expanded_raw\Amapiano\Global\Amapiano\AfroBeats_MIX_-_AFROBEATS_MIX_2025_Top_Naija_Amapiano_Bangers_African_Sound.wav,c19912e68519f13a88ce5c2f328f6e0db9d5b343e8b3feb2c07724c49113a3f7,30.000000,included,
8,Navrasa,Amapiano,Amapiano,10,Amapiano\Global\Amapiano\Afro_Serenity_-_Afrobeats_Amapiano_Mix_2025_Best_Afro_House_Party_Hits.wav,C:\Genrogram\data\expanded_raw\Amapiano\Global\Amapiano\Afro_Serenity_-_Afrobeats_Amapiano_Mix_2025_Best_Afro_House_Party_Hits.wav,1b2e8d7a9086c66ee824f01a72b8658e47d72dfff869cad6ea66b6f7f6ea0661,30.000000,included,
9,Navrasa,Amapiano,Amapiano,10,Amapiano\Global\Amapiano\Anansi_-_TOP_Amapiano_Hits_2025_1_Party_Mix_DJ_ANANSI.wav,C:\Genrogram\data\expanded_raw\Amapiano\Global\Amapiano\Anansi_-_TOP_Amapiano_Hits_2025_1_Party_Mix_DJ_ANANSI.wav,e570a0f41605cc19408021c21e090b719a27237e19b8373298156ff828763172,30.000000,included,
10,Navrasa,Amapiano,Amapiano,10,Amapiano\Global\Amapiano\Asake_-_Amapiano_Official_Video.wav,C:\Genrogram\data\expanded_raw\Amapiano\Global\Amapiano\Asake_-_Amapiano_Official_Video.wav,e55dc3f1980230a2b6f08ec854f6aec04786628047ce2834662f40e3f8fc9485,30.000000,included,
11,Navrasa,Amapiano,Amapiano,10,Amapiano\Global\Amapiano\Awakened_Regal_-_Myztro_Leehleza_Tobetsa_30_Lyrics_feat_Shaunmusiq_Ftears.wav,C:\Genrogram\data\expanded_raw\Amapiano\Global\Amapiano\Awakened_Regal_-_Myztro_Leehleza_Tobetsa_30_Lyrics_feat_Shaunmusiq_Ftears.wav,4e09d13ffc04a9d6aa48402d9516056c11d7c5b66f4517d4c7ba902139d14dae,30.000000,included,
12,Navrasa,Amapiano,Amapiano,10,Amapiano\Global\Amapiano\Bluenax_-_Tung_Tung_Sahur_Amapiano_Revisit.wav,C:\Genrogram\data\expanded_raw\Amapiano\Global\Amapiano\Bluenax_-_Tung_Tung_Sahur_Amapiano_Revisit.wav,e788dde60e60b04a6f11a333aec74f9be098b60c24a14b561d4765fd44f38527,30.000000,included,
13,Navrasa,Amapiano,Amapiano,10,Amapiano\Global\Amapiano\Brian_Tru_-_Popular_RB_Amapiano_Remixes_2023_Kontrast_Xperience_at_Fabletics.wav,C:\Genrogram\data\expanded_raw\Amapiano\Global\Amapiano\Brian_Tru_-_Popular_RB_Amapiano_Remixes_2023_Kontrast_Xperience_at_Fabletics.wav,23bb5eddd3f69d8bc89327c9eaf47d2e6f7d7c76ae129c5613bbf280859bbe3f,30.000000,included,
14,Navrasa,Amapiano,Amapiano,10,Amapiano\Global\Amapiano\Costa_Titch_-_Big_Flexa_feat_Cbuda_M_Alfa_Kat_Sdida_Man_T.wav,C:\Genrogram\data\expanded_raw\Amapiano\Global\Amapiano\Costa_Titch_-_Big_Flexa_feat_Cbuda_M_Alfa_Kat_Sdida_Man_T.wav,072836631795c8fdf8649bedc11f1539368ade31f704e3f5f360dbcf9a551023,30.000000,included,
15,Navrasa,Amapiano,Amapiano,10,Amapiano\Global\Amapiano\DATAPROD112_-_ZENZELE_MUSIC_VIDEO.wav,C:\Genrogram\data\expanded_raw\Amapiano\Global\Amapiano\DATAPROD112_-_ZENZELE_MUSIC_VIDEO.wav,eb095703cbfe3afaba0ac415a2618e8bbe04ae722ecf7e4eefce3ee96c030161,30.000000,included,
16,Navrasa,Amapiano,Amapiano,10,Amapiano\Global\Amapiano\DJ_CALVIN_-_BEST_OF_AFROBEATS_AMAPIANO_VIDEO_MIX_2025_AFROBEAT_2025_DJ_CALVIN_FAMOUS_PLUTO_DAVIDO.wav,C:\Genrogram\data\expanded_raw\Amapiano\Global\Amapiano\DJ_CALVIN_-_BEST_OF_AFROBEATS_AMAPIANO_VIDEO_MIX_2025_AFROBEAT_2025_DJ_CALVIN_FAMOUS_PLUTO_DAVIDO.wav,4969678183e35e1b396d0b1ba714863776481de3b1f590b90424de234b894a8e,30.000000,included,
17,Navrasa,Amapiano,Amapiano,10,Amapiano\Global\Amapiano\DJ_DENNY_HUS_-_Amapiano_2024_End_of_year_mix_by_DJ_DENNY_HUS.wav,C:\Genrogram\data\expanded_raw\Amapiano\Global\Amapiano\DJ_DENNY_HUS_-_Amapiano_2024_End_of_year_mix_by_DJ_DENNY_HUS.wav,a345dd61188a2bc5214b13cc85121599a5c59f3f28128e94f3277e6aed83c9f2,30.000000,included,
18,Navrasa,Amapiano,Amapiano,10,Amapiano\Global\Amapiano\DJ_F2_-_DJ_F2_TRENDING_AMAPIANO_MIX_2025_VIDEO_MIX_BIRI_MARUNG_JEALOUSY_TSHWALA_BHEBHA_PIKKEWYNEMNIKE.wav,C:\Genrogram\data\expanded_raw\Amapiano\Global\Amapiano\DJ_F2_-_DJ_F2_TRENDING_AMAPIANO_MIX_2025_VIDEO_MIX_BIRI_MARUNG_JEALOUSY_TSHWALA_BHEBHA_PIKKEWYNEMNIKE.wav,d87c4ccfb92008a72fd01d04c34ac0b9fd664467a99885e1ab126a86bf5f4ae6,30.000000,included,
19,Navrasa,Amapiano,Amapiano,10,Amapiano\Global\Amapiano\DJ_FABIAN_254_-_SOUTH_AFRICA_AMAPIANO_MIX_2025_AMAPIANO_MIX_2025_ZENZELE_BIRI_MARUNG_JEALOUSY_DJ_FABIAN_254.wav,C:\Genrogram\data\expanded_raw\Amapiano\Global\Amapiano\DJ_FABIAN_254_-_SOUTH_AFRICA_AMAPIANO_MIX_2025_AMAPIANO_MIX_2025_ZENZELE_BIRI_MARUNG_JEALOUSY_DJ_FABIAN_254.wav,494784b0e4dcb6ce6e0a0c9ec8407f8892fc678241cb067f39d725e0985091f2,30.000000,included,
20,Navrasa,Amapiano,Amapiano,10,Amapiano\Global\Amapiano\DJ_JackO_-_BEST_AMAPIANO_RNB_POP_AFRO_UK_GARAGE_JACKO_LIVE_MIXTAPE_VOL_10.wav,C:\Genrogram\data\expanded_raw\Amapiano\Global\Amapiano\DJ_JackO_-_BEST_AMAPIANO_RNB_POP_AFRO_UK_GARAGE_JACKO_LIVE_MIXTAPE_VOL_10.wav,8b96353900c2f6e90a9859a3965537568d327f81aceb7346ce0537cf24116552,30.000000,included,
21,Navrasa,Amapiano,Amapiano,10,Amapiano\Global\Amapiano\DJ_MaliCity_-_Best_Amapiano_2025_Mix_Soulful_Private_School_Piano_Deep_House_Vibes_ft_Kelvin_Momo_Style.wav,C:\Genrogram\data\expanded_raw\Amapiano\Global\Amapiano\DJ_MaliCity_-_Best_Amapiano_2025_Mix_Soulful_Private_School_Piano_Deep_House_Vibes_ft_Kelvin_Momo_Style.wav,b4ed281bcf2e1999798b31e6b7f99e137459ba75a53e2695e00d48123b83b2e3,30.000000,included,
22,Navrasa,Amapiano,Amapiano,10,Amapiano\Global\Amapiano\DJ_Neptune_-_Afrobeats_Amapiano_2025_Mix_DJ_Neptune_Live_set_In_Rhode_Island_USA.wav,C:\Genrogram\data\expanded_raw\Amapiano\Global\Amapiano\DJ_Neptune_-_Afrobeats_Amapiano_2025_Mix_DJ_Neptune_Live_set_In_Rhode_Island_USA.wav,54f027dd10eeb8be2801c4d683fe8d8df07ec6c37429ade99623abe57afc9165,30.000000,included,
23,Navrasa,Amapiano,Amapiano,10,Amapiano\Global\Amapiano\DJ_ONTHEBEAT_-_Amapiano_Sunset_Mix_2025_Leemckrazy_Scotts_Maphuma_CowBoii_DJ_Onthebeat.wav,C:\Genrogram\data\expanded_raw\Amapiano\Global\Amapiano\DJ_ONTHEBEAT_-_Amapiano_Sunset_Mix_2025_Leemckrazy_Scotts_Maphuma_CowBoii_DJ_Onthebeat.wav,8f651b622ee4ef028a185f160ba00cd7b6f1b954c65bfe2c23ba74634dac1807,30.000000,included,
24,Navrasa,Amapiano,Amapiano,10,Amapiano\Global\Amapiano\DJ_ONTHEBEAT_-_Amapiano_Valley_Mix_2025_Zee_Nxumalo_Scotts_Maphuma_Leemckrazy_CowBoii_DJ_Onthebeat.wav,C:\Genrogram\data\expanded_raw\Amapiano\Global\Amapiano\DJ_ONTHEBEAT_-_Amapiano_Valley_Mix_2025_Zee_Nxumalo_Scotts_Maphuma_Leemckrazy_CowBoii_DJ_Onthebeat.wav,a9dee610ab29713e2e58dbd90a189e2892badc59e4b5a54350acd870c846a729,30.000000,included,
25,Navrasa,Amapiano,Amapiano,10,Amapiano\Global\Amapiano\DJ_ONYIFRANKO_KENYA_-_BEST_TANZANIA_AMAPIANO_MIX_2025_BONGO_MIX_DJ_ONYIFRANKO_MARIO_HARMONIZE_RAYVANNY_MBOSSO.wav,C:\Genrogram\data\expanded_raw\Amapiano\Global\Amapiano\DJ_ONYIFRANKO_KENYA_-_BEST_TANZANIA_AMAPIANO_MIX_2025_BONGO_MIX_DJ_ONYIFRANKO_MARIO_HARMONIZE_RAYVANNY_MBOSSO.wav,68b480145194da1e0ce52c49517795c533166f61e51126c83185d7dd3a6f3c58,30.000000,included,
26,Navrasa,Amapiano,Amapiano,10,Amapiano\Global\Amapiano\DJ_PEREZ_-_AMAPIANO_MIX_2021_BEST_OF_AMAPIANO_DJ_PEREZ_Dj_TaricoMajor_League_DJzDiamond_PlatnumzLive_set.wav,C:\Genrogram\data\expanded_raw\Amapiano\Global\Amapiano\DJ_PEREZ_-_AMAPIANO_MIX_2021_BEST_OF_AMAPIANO_DJ_PEREZ_Dj_TaricoMajor_League_DJzDiamond_PlatnumzLive_set.wav,abf2fdc69af289e5ca1f939111bcce64f7df9bd8ffcbd178848640244098ec0a,30.000000,included,
27,Navrasa,Amapiano,Amapiano,10,Amapiano\Global\Amapiano\DJ_RICKS_KENYA_-_Amapiano_Mix_Latest_songs_2025_Ft_DJ_RICKS_KENYA_Ciza_Uncle_Waffles_Ciza_DJ_Maphorisa_3_Step.wav,C:\Genrogram\data\expanded_raw\Amapiano\Global\Amapiano\DJ_RICKS_KENYA_-_Amapiano_Mix_Latest_songs_2025_Ft_DJ_RICKS_KENYA_Ciza_Uncle_Waffles_Ciza_DJ_Maphorisa_3_Step.wav,315600b569f92a9ab608d432ccd77f42c8cae618ac37dab68672f4fe03758a4b,30.000000,included,
28,Navrasa,Amapiano,Amapiano,10,Amapiano\Global\Amapiano\DJ_TOPS_-_Best_Amapiano_Mix_2024_RnB_Edition_Ft_SZA_Ella_Mai_Rihanna_Brandy_Chris_Brown_Ciara.wav,C:\Genrogram\data\expanded_raw\Amapiano\Global\Amapiano\DJ_TOPS_-_Best_Amapiano_Mix_2024_RnB_Edition_Ft_SZA_Ella_Mai_Rihanna_Brandy_Chris_Brown_Ciara.wav,a77fdfbdc35bc6eda74848c98e12b8f9918e0e3463de6d50019646961dcfbde3,30.000000,included,
29,Navrasa,Amapiano,Amapiano,10,Amapiano\Global\Amapiano\DJ_WYTEE_-_AMAPIANO_MIX_2025_BEST_AMAPIANO_TRENDING_SONGS_2025_MIX_DJ_WYTEE_VINTE_SA_MALUMTOM.wav,C:\Genrogram\data\expanded_raw\Amapiano\Global\Amapiano\DJ_WYTEE_-_AMAPIANO_MIX_2025_BEST_AMAPIANO_TRENDING_SONGS_2025_MIX_DJ_WYTEE_VINTE_SA_MALUMTOM.wav,b01596090e27de22dec2057023c728aa9bfa8af8342a9007f2c71e9443b4720e,30.000000,included,
30,Navrasa,Amapiano,Amapiano,10,Amapiano\Global\Amapiano\DJames_-_Afrobeats_Amapiano_2025_DJames_Live_In_London.wav,C:\Genrogram\data\expanded_raw\Amapiano\Global\Amapiano\DJames_-_Afrobeats_Amapiano_2025_DJames_Live_In_London.wav,84123ee104732637925fafbaf00f1aef9f592a2f5cb010f69d92638866842815,30.000000,included,
31,Navrasa,Amapiano,Amapiano,10,Amapiano\Global\Amapiano\Dj_Alekie_partyboy_-_CHILLED_AMAPIANO_AFROHOUSE_HITS_2025_DJ_ALEKIE_2025_Ngibolekeni_Uyaphapha_Baphi_My_Darling.wav,C:\Genrogram\data\expanded_raw\Amapiano\Global\Amapiano\Dj_Alekie_partyboy_-_CHILLED_AMAPIANO_AFROHOUSE_HITS_2025_DJ_ALEKIE_2025_Ngibolekeni_Uyaphapha_Baphi_My_Darling.wav,87b33650cca9aa5fcb9931c1a352d3f3bb0f47776d0812bf5014694f2b04a87a,30.000000,included,
32,Navrasa,Amapiano,Amapiano,10,Amapiano\Global\Amapiano\Dj_Celestar_-_Amapiano_Mix_By_Dj_Celestar_My_Darling_Ngishutheni_Jelousy_Biri_Marung_Tshwala_Bami_Wadibusa.wav,C:\Genrogram\data\expanded_raw\Amapiano\Global\Amapiano\Dj_Celestar_-_Amapiano_Mix_By_Dj_Celestar_My_Darling_Ngishutheni_Jelousy_Biri_Marung_Tshwala_Bami_Wadibusa.wav,dce8c1b8a8e52668ae0a576a5f871a16face66a6e0dff0fa35d97735ef3da323,30.000000,included,
33,Navrasa,Amapiano,Amapiano,10,Amapiano\Global\Amapiano\Dj_Classcom_-_AMAPIANO_MIX_2025_03_APRIL_BEST_AMAPIANO_MIX_2025_NEW_AMAPIANO_SONGS_2025_DJ_CLASSCOM.wav,C:\Genrogram\data\expanded_raw\Amapiano\Global\Amapiano\Dj_Classcom_-_AMAPIANO_MIX_2025_03_APRIL_BEST_AMAPIANO_MIX_2025_NEW_AMAPIANO_SONGS_2025_DJ_CLASSCOM.wav,f99a1dd4560396f546d7d9749a34533cbe87fdf177b8587bfb02969982baebfa,30.000000,included,
34,Navrasa,Amapiano,Amapiano,10,Amapiano\Global\Amapiano\Dj_Classcom_-_New_Amapiano_Mix_Road_to_2026_Best_Amapiano_Mix_2025_2026_New_Amapiano_Songs_Dj_Classcom.wav,C:\Genrogram\data\expanded_raw\Amapiano\Global\Amapiano\Dj_Classcom_-_New_Amapiano_Mix_Road_to_2026_Best_Amapiano_Mix_2025_2026_New_Amapiano_Songs_Dj_Classcom.wav,00bc22f6aa8576b2ff7810394111a35bb4f59535af3839a810282f49943581b4,30.000000,included,
35,Navrasa,Amapiano,Amapiano,10,Amapiano\Global\Amapiano\Dj_Shinski_-_2024_Best_Amapiano_Popular_Remixes_Video_Clean_DJ_Shinski_Rihanna_Burna_Boy_Sean_Paul.wav,C:\Genrogram\data\expanded_raw\Amapiano\Global\Amapiano\Dj_Shinski_-_2024_Best_Amapiano_Popular_Remixes_Video_Clean_DJ_Shinski_Rihanna_Burna_Boy_Sean_Paul.wav,eee14da8972047d61ea2e1185defab8fc44f56bb4951a48057dc59e74239c540,30.000000,included,
36,Navrasa,Amapiano,Amapiano,10,Amapiano\Global\Amapiano\Dj_Shinski_-_Best_of_Tanzania_Amapiano_Mix_Dj_Shinski_Diamond_Harmonize_Jux_Enjoy_Rayvanny_Marioo.wav,C:\Genrogram\data\expanded_raw\Amapiano\Global\Amapiano\Dj_Shinski_-_Best_of_Tanzania_Amapiano_Mix_Dj_Shinski_Diamond_Harmonize_Jux_Enjoy_Rayvanny_Marioo.wav,261e1863097e66f727faffefc83d932f2dba0168eaa036e936d5c8e7878c2cc3,30.000000,included,
37,Navrasa,Amapiano,Amapiano,10,Amapiano\Global\Amapiano\Dj_Tease_-_BEST_OF_AMAPIANO_20242025_The_City_Syndicate_ft_DJ_Tease_The_Bad_Company.wav,C:\Genrogram\data\expanded_raw\Amapiano\Global\Amapiano\Dj_Tease_-_BEST_OF_AMAPIANO_20242025_The_City_Syndicate_ft_DJ_Tease_The_Bad_Company.wav,09821f044fe719cbd98c82240640776364f9e7a9b7a652193882d4c9ef91f917,30.000000,included,
38,Navrasa,Amapiano,Amapiano,10,Amapiano\Global\Amapiano\Dj_Tease_-_Latest_Amapiano_3_Step_Mix_2025_Amapiano_3_Step.wav,C:\Genrogram\data\expanded_raw\Amapiano\Global\Amapiano\Dj_Tease_-_Latest_Amapiano_3_Step_Mix_2025_Amapiano_3_Step.wav,327d29b804e7bb4e7bfa052b78c355905e79e3a4f430cf0551ecb93cf4d5a410,30.000000,included,
39,Navrasa,Amapiano,Amapiano,10,Amapiano\Global\Amapiano\Dj_Webaba_-_BEST_OF_AMAPIANO_MIX_2025_DJ_WEBABA.wav,C:\Genrogram\data\expanded_raw\Amapiano\Global\Amapiano\Dj_Webaba_-_BEST_OF_AMAPIANO_MIX_2025_DJ_WEBABA.wav,05ab634e9ddb45dfca8b4520d9c5e0d871e82d3f28f82cb40e40ad636cd61d67,30.000000,included,
40,Navrasa,Amapiano,Amapiano,10,Amapiano\Global\Amapiano\Dj_Webaba_-_BEST_OF_AMAPIANO_MIX_2025_VOL179_DJ_WEBABA.wav,C:\Genrogram\data\expanded_raw\Amapiano\Global\Amapiano\Dj_Webaba_-_BEST_OF_AMAPIANO_MIX_2025_VOL179_DJ_WEBABA.wav,68d4a339be8fb8700c6b88fb1d84d0cbf97121aa860d935340c34bfbacd82937,30.000000,included,
41,Navrasa,Amapiano,Amapiano,10,Amapiano\Global\Amapiano\Dj_Webaba_-_BEST_OF_AMAPIANO_MIX_2025_VOL184_DJ_WEBABA.wav,C:\Genrogram\data\expanded_raw\Amapiano\Global\Amapiano\Dj_Webaba_-_BEST_OF_AMAPIANO_MIX_2025_VOL184_DJ_WEBABA.wav,fc8fa3c4c7f1b14dd76581979765c4c7830b478e34ab00b629c51f88b8c069f1,30.000000,included,
42,Navrasa,Amapiano,Amapiano,10,Amapiano\Global\Amapiano\Dj_Webaba_-_Scotts_Maphuma_Amapiano_Mix_2025_DJ_Webaba.wav,C:\Genrogram\data\expanded_raw\Amapiano\Global\Amapiano\Dj_Webaba_-_Scotts_Maphuma_Amapiano_Mix_2025_DJ_Webaba.wav,56cdf5b59d250ab390ca3e871bdc55127e2a30d8b750b32395f522f71e229f9c,30.000000,included,
43,Navrasa,Amapiano,Amapiano,10,Amapiano\Global\Amapiano\Fred_Max_-_SOULFUL_AMAPIANO_MIX_2025_amapiano_hitsongs_2025.wav,C:\Genrogram\data\expanded_raw\Amapiano\Global\Amapiano\Fred_Max_-_SOULFUL_AMAPIANO_MIX_2025_amapiano_hitsongs_2025.wav,933a981c6c277ac7a63f07eb442b131e9bb98ede3ee134fcd43d8686b57f9e95,30.000000,included,
44,Navrasa,Amapiano,Amapiano,10,Amapiano\Global\Amapiano\Goish_Studio_Music_-_Amapiano_2025_Best_songs_of_the_year_Dj_Groover.wav,C:\Genrogram\data\expanded_raw\Amapiano\Global\Amapiano\Goish_Studio_Music_-_Amapiano_2025_Best_songs_of_the_year_Dj_Groover.wav,2ee397b01a0e22eea4b0dab3f7ff6df6f971104cd7c98a20bf9cc67808bda4c1,30.000000,included,
45,Navrasa,Amapiano,Amapiano,10,Amapiano\Global\Amapiano\Goon_Flavour_-_Ngishutheni.wav,C:\Genrogram\data\expanded_raw\Amapiano\Global\Amapiano\Goon_Flavour_-_Ngishutheni.wav,1e4dead50cd9446e167d3bea2f7c9dcc6ff370c81b8fc03635f27fb22ab9b878,30.000000,included,
46,Navrasa,Amapiano,Amapiano,10,Amapiano\Global\Amapiano\Home_Alone_-_HOME_ALONE_LIVE_SET_DJ_STA_AMAPIANO_JUNGLE_EDITION.wav,C:\Genrogram\data\expanded_raw\Amapiano\Global\Amapiano\Home_Alone_-_HOME_ALONE_LIVE_SET_DJ_STA_AMAPIANO_JUNGLE_EDITION.wav,d94ebdc8df140c783e909c36c10a441380b0a53f6c3e2a64dcc63e673123e5e8,30.000000,included,
47,Navrasa,Amapiano,Amapiano,10,Amapiano\Global\Amapiano\Hurshy_on_Decks_-_3_StepAfro_Tech_Mix_Bengicela_Tholokuthi_Mali_uMA_weNGANE_Uzizwa_Kanjan_Isaka_Hurshy.wav,C:\Genrogram\data\expanded_raw\Amapiano\Global\Amapiano\Hurshy_on_Decks_-_3_StepAfro_Tech_Mix_Bengicela_Tholokuthi_Mali_uMA_weNGANE_Uzizwa_Kanjan_Isaka_Hurshy.wav,5212e8ec72f18a85938baa44794aa99b1a8d480282d0a0a21db53ef0377f618d,30.000000,included,
48,Navrasa,Amapiano,Amapiano,10,Amapiano\Global\Amapiano\Hurshy_on_Decks_-_AmaPiano_Mix_BEST_OF_AMAPIANO_Mina_Nawe_Fatela_Stimela_Abo_Mvelo_Sengizwile_Hurshy.wav,C:\Genrogram\data\expanded_raw\Amapiano\Global\Amapiano\Hurshy_on_Decks_-_AmaPiano_Mix_BEST_OF_AMAPIANO_Mina_Nawe_Fatela_Stimela_Abo_Mvelo_Sengizwile_Hurshy.wav,fd8fd8a1668f0e133d47d4a8b608d70ca4ccfe2d9b54ed0311452dd3b1b22fe7,30.000000,included,
49,Navrasa,Amapiano,Amapiano,10,Amapiano\Global\Amapiano\Hurshy_on_Decks_-_AmaPiano_Mix_BEST_OF_AMAPIANO_VOL2_Abalele_Hamba_Juba_Mnike_Shona_Kwelanga_Jola_Hurshy.wav,C:\Genrogram\data\expanded_raw\Amapiano\Global\Amapiano\Hurshy_on_Decks_-_AmaPiano_Mix_BEST_OF_AMAPIANO_VOL2_Abalele_Hamba_Juba_Mnike_Shona_Kwelanga_Jola_Hurshy.wav,dc78bbc47f6784fb3d2e859ffb5d94393c829f799479cb8ba753f79f807a08b4,30.000000,included,
50,Navrasa,Amapiano,Amapiano,10,Amapiano\Global\Amapiano\Hurshy_on_Decks_-_AmaPiano_Mix_BEST_OF_AMAPIANO_VOL3_Manzi_Nte_Imithandazo_Funk_99_Yebo_Lapho_Hurshy.wav,C:\Genrogram\data\expanded_raw\Amapiano\Global\Amapiano\Hurshy_on_Decks_-_AmaPiano_Mix_BEST_OF_AMAPIANO_VOL3_Manzi_Nte_Imithandazo_Funk_99_Yebo_Lapho_Hurshy.wav,917f4dca3fde4463464b6472235775baf205ae51bcb6c09753292d5acb9f0762,30.000000,included,
51,Navrasa,Amapiano,Amapiano,10,Amapiano\Global\Amapiano\Hurshy_on_Decks_-_AmaPiano_Mix_BEST_OF_AMAPIANO_VOL4_Ngisakuthanda_Ngibolekeni_BAPHI_Abantwana_Bakho_Hurshy.wav,C:\Genrogram\data\expanded_raw\Amapiano\Global\Amapiano\Hurshy_on_Decks_-_AmaPiano_Mix_BEST_OF_AMAPIANO_VOL4_Ngisakuthanda_Ngibolekeni_BAPHI_Abantwana_Bakho_Hurshy.wav,519a16180dce87953146ac9203c7522748ce7cd62ae6b334c20bb7ec963e026b,30.000000,included,
52,Navrasa,Amapiano,Amapiano,10,Amapiano\Global\Amapiano\Hurshy_on_Decks_-_AmaPiano_Mix_Biri_Marung_Waze_Wamuhle_Iza_Mawala_Wishi_Wishi_Bo_Gogo_Hurshy.wav,C:\Genrogram\data\expanded_raw\Amapiano\Global\Amapiano\Hurshy_on_Decks_-_AmaPiano_Mix_Biri_Marung_Waze_Wamuhle_Iza_Mawala_Wishi_Wishi_Bo_Gogo_Hurshy.wav,07941d172f1a4096be4666254caca0dd56a2e52a3f6b7e179b3fc81a82501c43,30.000000,included,
53,Navrasa,Amapiano,Amapiano,10,Amapiano\Global\Amapiano\Jessica_Mashaba_-_HITS_ONLY_Best_3_Step_2025_Mix_ThukzinJazzworxx_Ciza_Thukuthela_Mawhoo_StunnaDENIM_ED.wav,C:\Genrogram\data\expanded_raw\Amapiano\Global\Amapiano\Jessica_Mashaba_-_HITS_ONLY_Best_3_Step_2025_Mix_ThukzinJazzworxx_Ciza_Thukuthela_Mawhoo_StunnaDENIM_ED.wav,57fa5bde9a822c8574d50b78a55529d36f9b0b52e4390f7a0444ac642b6efdb8,30.000000,included,
54,Navrasa,Amapiano,Amapiano,10,Amapiano\Global\Amapiano\Jinseoulmusic_-_AMAPIANO_PARTY_MIX_2025_BEST_OF_SOUTH_AFRICA_Uncle_Waffles_Scotts_Maphuma_DJ_Maphorisa.wav,C:\Genrogram\data\expanded_raw\Amapiano\Global\Amapiano\Jinseoulmusic_-_AMAPIANO_PARTY_MIX_2025_BEST_OF_SOUTH_AFRICA_Uncle_Waffles_Scotts_Maphuma_DJ_Maphorisa.wav,1d2b7da6417d33d9cc146f62b165e8c7ff4bd1f3b0e76c3923ffc0a207ec3dd2,30.000000,included,
55,Navrasa,Amapiano,Amapiano,10,Amapiano\Global\Amapiano\Jinseoulmusic_-_Amapiano_throwback_2019_2020_MIX_OLD_AMAPIANO_DJ_Maphorisa_Kabza_de_Small_Vigro_Deep.wav,C:\Genrogram\data\expanded_raw\Amapiano\Global\Amapiano\Jinseoulmusic_-_Amapiano_throwback_2019_2020_MIX_OLD_AMAPIANO_DJ_Maphorisa_Kabza_de_Small_Vigro_Deep.wav,ea25cf9bf76b18683ff974a05373efb9c6df4aa6943e3f5e5e5bbb61bc09f756,30.000000,included,
56,Navrasa,Amapiano,Amapiano,10,Amapiano\Global\Amapiano\Kamo_Mphela_-_Partii_feat_SpacePose.wav,C:\Genrogram\data\expanded_raw\Amapiano\Global\Amapiano\Kamo_Mphela_-_Partii_feat_SpacePose.wav,2235f8abd7620abfe9469f31a6507b0fb8470d318ff9ef6140941b10c14e3b23,30.000000,included,
57,Navrasa,Amapiano,Amapiano,10,Amapiano\Global\Amapiano\Kelblaise_Entertainment_-_Best_2025_BEST_AMAPIANO_MIXAFROBEAT_OBADDJ45_X_EMMY_BLAQ_created_at_Kelblaise_studio.wav,C:\Genrogram\data\expanded_raw\Amapiano\Global\Amapiano\Kelblaise_Entertainment_-_Best_2025_BEST_AMAPIANO_MIXAFROBEAT_OBADDJ45_X_EMMY_BLAQ_created_at_Kelblaise_studio.wav,03d9f3aece04e79b550b9a83bbd44cddbf9ab7ef80cf9dbed5f3555490a88af3,30.000000,included,
58,Navrasa,Amapiano,Amapiano,10,Amapiano\Global\Amapiano\Khadeair_-_Magumba_feat_Kaytah_Peekay_Mzee.wav,C:\Genrogram\data\expanded_raw\Amapiano\Global\Amapiano\Khadeair_-_Magumba_feat_Kaytah_Peekay_Mzee.wav,9415764f68e4ee72dbf12bc22f6ccddc1ccbe751f054cb1485d564ccde0df252,30.000000,included,
59,Navrasa,Amapiano,Amapiano,10,Amapiano\Global\Amapiano\Le_Good_Life_-_Soulful_Amapiano_Mix_2024_Budapest_Hungary_Gaba_Cannal_Kelvin_Momo_MFR_Souls_Russell_Zuma.wav,C:\Genrogram\data\expanded_raw\Amapiano\Global\Amapiano\Le_Good_Life_-_Soulful_Amapiano_Mix_2024_Budapest_Hungary_Gaba_Cannal_Kelvin_Momo_MFR_Souls_Russell_Zuma.wav,b56b15f1a97f4b59689d6363ded52d7cf12b0b5c494db26982e8058c64c7814e,30.000000,included,
60,Navrasa,Amapiano,Amapiano,10,Amapiano\Global\Amapiano\Le_Good_Life_-_Soulful_Amapiano_Mix_2025_Chilled_Getaway_Kelvin_Momo_Kabza_De_Small_Stixx_Babalwa_M.wav,C:\Genrogram\data\expanded_raw\Amapiano\Global\Amapiano\Le_Good_Life_-_Soulful_Amapiano_Mix_2025_Chilled_Getaway_Kelvin_Momo_Kabza_De_Small_Stixx_Babalwa_M.wav,750a9531924506c2d373bde747b0ac19e83dcfde4aa781aabf62867129d0d67a,30.000000,included,
61,Navrasa,Amapiano,Amapiano,10,Amapiano\Global\Amapiano\MDA_-_AMAPIANO_MIXTAPE_VOL_1_CHILL_VIBES_By_MDA.wav,C:\Genrogram\data\expanded_raw\Amapiano\Global\Amapiano\MDA_-_AMAPIANO_MIXTAPE_VOL_1_CHILL_VIBES_By_MDA.wav,4fba098023098a8521ccab3babc6091c6904b6b3695ec5483e7f7995c654bfd2,30.000000,included,
62,Navrasa,Amapiano,Amapiano,10,Amapiano\Global\Amapiano\MDA_-_AMAPIANO_MIXTAPE_VOL_2_By_MDA.wav,C:\Genrogram\data\expanded_raw\Amapiano\Global\Amapiano\MDA_-_AMAPIANO_MIXTAPE_VOL_2_By_MDA.wav,410f46e53daf1e216a45b8b642ffb574033a44d53f844cf2f03e4be99ea36035,30.000000,included,
63,Navrasa,Amapiano,Amapiano,10,Amapiano\Global\Amapiano\MINE_EVER_STYLED_UP_-_Amapiano_Mix_2025_Most_Popular_party_Songs_2025_TOP_Afrobeat_Hits.wav,C:\Genrogram\data\expanded_raw\Amapiano\Global\Amapiano\MINE_EVER_STYLED_UP_-_Amapiano_Mix_2025_Most_Popular_party_Songs_2025_TOP_Afrobeat_Hits.wav,a514b43ec394bb002a6bb0c0a1e29535db1a62734ff8fc4b44a8c22fa37aebd1,30.000000,included,
64,Navrasa,Amapiano,Amapiano,10,Amapiano\Global\Amapiano\MIX_PIANO_SA_-_AMAPIANO_THE_BEST_MIX_PARTY_20252026_MX_PIANO_SA_2025.wav,C:\Genrogram\data\expanded_raw\Amapiano\Global\Amapiano\MIX_PIANO_SA_-_AMAPIANO_THE_BEST_MIX_PARTY_20252026_MX_PIANO_SA_2025.wav,8084a45a160409eea8929b8cc33ef81857088d101587b69d7b3440d6f2ca6c7a,30.000000,included,
65,Navrasa,Amapiano,Amapiano,10,Amapiano\Global\Amapiano\MIX_PIANO_SA_-_MIX_AMAPIANO_2025_THE_BEST_OF_DECEMBER_SA.wav,C:\Genrogram\data\expanded_raw\Amapiano\Global\Amapiano\MIX_PIANO_SA_-_MIX_AMAPIANO_2025_THE_BEST_OF_DECEMBER_SA.wav,9f74524e506dc7b5629dd6364c60575db44099635ed5ce14e2a6ba88dc4a7332,30.000000,included,
66,Navrasa,Amapiano,Amapiano,10,Amapiano\Global\Amapiano\MIX_PIANO_SA_-_Mix_Amapiano_Best_Of_September_2025_MIX_PIANO_SA_2025.wav,C:\Genrogram\data\expanded_raw\Amapiano\Global\Amapiano\MIX_PIANO_SA_-_Mix_Amapiano_Best_Of_September_2025_MIX_PIANO_SA_2025.wav,a308753f889f28a236f23035f28aad20c5ef1c038382e00b410f995646d19ecd,30.000000,included,
67,Navrasa,Amapiano,Amapiano,10,Amapiano\Global\Amapiano\MaWhoo_-_Bengicela_feat_Jazzworx.wav,C:\Genrogram\data\expanded_raw\Amapiano\Global\Amapiano\MaWhoo_-_Bengicela_feat_Jazzworx.wav,8161540021dd5137c7a89d922fe68307d96b170d67ce5fd4186a81476583faad,30.000000,included,
68,Navrasa,Amapiano,Amapiano,10,Amapiano\Global\Amapiano\Major_League_DJz_-_Amapiano_Balcony_Mix_72_HOURS_XPERIENCE_B2B_with_Tango_Supreme_Soul_Jam_S6_E3.wav,C:\Genrogram\data\expanded_raw\Amapiano\Global\Amapiano\Major_League_DJz_-_Amapiano_Balcony_Mix_72_HOURS_XPERIENCE_B2B_with_Tango_Supreme_Soul_Jam_S6_E3.wav,fe03bf3e27026e1806cabf0c149e655aa15f8681e4643678010c4e46687616f3,30.000000,included,
69,Navrasa,Amapiano,Amapiano,10,Amapiano\Global\Amapiano\Melanin_Vibes_-_Soulful_Amapiano_2025_Music_to_Heal_Your_Spirit_Mix_4.wav,C:\Genrogram\data\expanded_raw\Amapiano\Global\Amapiano\Melanin_Vibes_-_Soulful_Amapiano_2025_Music_to_Heal_Your_Spirit_Mix_4.wav,405284e56c6f1fb7509e6ef5cdee4554dd97a25c11a1d69bd487162ad6f528a9,30.000000,included,
70,Navrasa,Amapiano,Amapiano,10,Amapiano\Global\Amapiano\Mo73ll_-_AMAPIANO_MIX_2025_28_JUNE_MO73LL.wav,C:\Genrogram\data\expanded_raw\Amapiano\Global\Amapiano\Mo73ll_-_AMAPIANO_MIX_2025_28_JUNE_MO73LL.wav,eb68c5ad29cd882cb9cdae3e5d245b96ebbd98d13cba936843559266b9b3e29f,30.000000,included,
71,Navrasa,Amapiano,Amapiano,10,Amapiano\Global\Amapiano\Mr_Luu_de_Stylist_-_Amapiano_Mix_Best_Of_2024_New_Years_Eve_Cross_Over_Mix_Mixed_By_Mak_Musiq.wav,C:\Genrogram\data\expanded_raw\Amapiano\Global\Amapiano\Mr_Luu_de_Stylist_-_Amapiano_Mix_Best_Of_2024_New_Years_Eve_Cross_Over_Mix_Mixed_By_Mak_Musiq.wav,552d0a1038f1ba0605d5d55bab925bcd7a853e25ad49c9f27d5ae6d6fe080ab7,30.000000,included,
72,Navrasa,Amapiano,Amapiano,10,Amapiano\Global\Amapiano\Mr_Luu_de_Stylist_-_Sir_Trill_King_P_On_The_Floor_Official_Audio.wav,C:\Genrogram\data\expanded_raw\Amapiano\Global\Amapiano\Mr_Luu_de_Stylist_-_Sir_Trill_King_P_On_The_Floor_Official_Audio.wav,6603a46bfa6d4017c9350d04afa1508e40cdc1efde02c86d4cb514eb800fcb3c,30.000000,included,
73,Navrasa,Amapiano,Amapiano,10,Amapiano\Global\Amapiano\Naya_Vibes_-_BEST_AMAPIANO_CLUB_MIX_2025_Dezemba_Grooves.wav,C:\Genrogram\data\expanded_raw\Amapiano\Global\Amapiano\Naya_Vibes_-_BEST_AMAPIANO_CLUB_MIX_2025_Dezemba_Grooves.wav,e50cf9ed55dfeae47536d83c00b58450657d3c4a931408a0173a500c84ca3536,30.000000,included,
74,Navrasa,Amapiano,Amapiano,10,Amapiano\Global\Amapiano\Naya_Vibes_-_BEST_AMAPIANO_PARTY_MIX_2025_Holiday_Edition.wav,C:\Genrogram\data\expanded_raw\Amapiano\Global\Amapiano\Naya_Vibes_-_BEST_AMAPIANO_PARTY_MIX_2025_Holiday_Edition.wav,90163a540ddf25110351d64c7c25883de33d0afb6a4770a4e0bede357bb7afa1,30.000000,included,
75,Navrasa,Amapiano,Amapiano,10,Amapiano\Global\Amapiano\Ndou_Advocate_-_December_Joy_Makhadzi_New_Song_2025_ft_Master_KG_Eemoh_Nkosazana_Daughter.wav,C:\Genrogram\data\expanded_raw\Amapiano\Global\Amapiano\Ndou_Advocate_-_December_Joy_Makhadzi_New_Song_2025_ft_Master_KG_Eemoh_Nkosazana_Daughter.wav,b4fb49d46bda405840bcbbcca9a7571bd98cf5fa84dccdaf4a00c2de21887b2f,30.000000,included,
76,Navrasa,Amapiano,Amapiano,10,Amapiano\Global\Amapiano\OSOCITYNATION_-_Amapiano_Mix_2024_The_Best_of_Amapiano_2024_by_OSOCITY.wav,C:\Genrogram\data\expanded_raw\Amapiano\Global\Amapiano\OSOCITYNATION_-_Amapiano_Mix_2024_The_Best_of_Amapiano_2024_by_OSOCITY.wav,2313ea4b86ad4c34780965792e57be78fa0bc3d29655387c3868f251912fc5dd,30.000000,included,
77,Navrasa,Amapiano,Amapiano,10,Amapiano\Global\Amapiano\OSOCITYNATION_-_Amapiano_Mix_2025_The_Best_of_Amapiano_2025_by_OSOCITY.wav,C:\Genrogram\data\expanded_raw\Amapiano\Global\Amapiano\OSOCITYNATION_-_Amapiano_Mix_2025_The_Best_of_Amapiano_2025_by_OSOCITY.wav,8b46c5b1d40f48b31da3ecfaf0fdf35835273b08133f3a0580b0488db502dca3,30.000000,included,
78,Navrasa,Amapiano,Amapiano,10,Amapiano\Global\Amapiano\Oasis_Grooves_-_Best_Afrobeats_2025_Naija_Amapiano_Mix_African_Groove_Dance_Vibes.wav,C:\Genrogram\data\expanded_raw\Amapiano\Global\Amapiano\Oasis_Grooves_-_Best_Afrobeats_2025_Naija_Amapiano_Mix_African_Groove_Dance_Vibes.wav,258deb04996506ad7a923cb11cc1bf8851cb3cc7f84d57affdb145f9fd98613e,30.000000,included,
79,Navrasa,Amapiano,Amapiano,10,Amapiano\Global\Amapiano\PC_BEATS_-_AMAPIANO_BEST_MIX_PARTY_20252026_BEST_AMAPIANO_MIX_NEW_AMAPIANO_SONGS_PC_BEATS_MIX_2.wav,C:\Genrogram\data\expanded_raw\Amapiano\Global\Amapiano\PC_BEATS_-_AMAPIANO_BEST_MIX_PARTY_20252026_BEST_AMAPIANO_MIX_NEW_AMAPIANO_SONGS_PC_BEATS_MIX_2.wav,2dfd6bec4e3f346ebf40aec0fd71144feeb610dd1bec3e26391f33a84be6a84e,30.000000,included,
80,Navrasa,Amapiano,Amapiano,10,Amapiano\Global\Amapiano\PC_BEATS_-_The_Best_Of_Amapiano_Mix_2025_RSA_The_Best_Year.wav,C:\Genrogram\data\expanded_raw\Amapiano\Global\Amapiano\PC_BEATS_-_The_Best_Of_Amapiano_Mix_2025_RSA_The_Best_Year.wav,7c044b003b850da6dd14a8e3b1da779d6229643fb63e630d455763d0642c071e,30.000000,included,
81,Navrasa,Amapiano,Amapiano,10,Amapiano\Global\Amapiano\P_Montana_-_034_CULTUR_FM_P_Montana_Mini_Amapiano_Mix.wav,C:\Genrogram\data\expanded_raw\Amapiano\Global\Amapiano\P_Montana_-_034_CULTUR_FM_P_Montana_Mini_Amapiano_Mix.wav,eb7e84b6ba324ba114ae4a17794486fa314207d9186b9cb97f285e695df63319,30.000000,included,
82,Navrasa,Amapiano,Amapiano,10,Amapiano\Global\Amapiano\RICHY_HANIEL_-_AMAPIANO_MIX_2024_BEST_OF_AMAPIANO_SONGS_VIDEO_MIX_DJ_BUNDUKI_FT_TSHWALA_UNCLE_WAFFLES_COMOSAVA.wav,C:\Genrogram\data\expanded_raw\Amapiano\Global\Amapiano\RICHY_HANIEL_-_AMAPIANO_MIX_2024_BEST_OF_AMAPIANO_SONGS_VIDEO_MIX_DJ_BUNDUKI_FT_TSHWALA_UNCLE_WAFFLES_COMOSAVA.wav,1a834c572d02966cc7ab6c1bdc8cca23fbe707779412150b378f29e8c8afe836,30.000000,included,
83,Navrasa,Amapiano,Amapiano,10,Amapiano\Global\Amapiano\RICHY_HANIEL_-_AMAPIANO_MIX_2025_BEST_AMAPIANO_SONGS_VIDEO_MIX_2025_NEW_AMAPIANO_SONGS_2025_BY_DJ_FREAKY.wav,C:\Genrogram\data\expanded_raw\Amapiano\Global\Amapiano\RICHY_HANIEL_-_AMAPIANO_MIX_2025_BEST_AMAPIANO_SONGS_VIDEO_MIX_2025_NEW_AMAPIANO_SONGS_2025_BY_DJ_FREAKY.wav,6bbfe83164f044a9f3aed56af31c4782aad7af019edf2dd15fd50eac0d9e1d09,30.000000,included,
84,Navrasa,Amapiano,Amapiano,10,Amapiano\Global\Amapiano\RICHY_HANIEL_-_AMAPIANO_MIX_2025_BEST_AMAPIANO_VIDEO_PARTY_MIX_2025_NEW_AMAPIANO_SONGS_2025_DJ_BUNDUKI.wav,C:\Genrogram\data\expanded_raw\Amapiano\Global\Amapiano\RICHY_HANIEL_-_AMAPIANO_MIX_2025_BEST_AMAPIANO_VIDEO_PARTY_MIX_2025_NEW_AMAPIANO_SONGS_2025_DJ_BUNDUKI.wav,bde94c6303b565198e6bcc48dfd7d8193ae0c954bf71688d782b405c588a4d7d,30.000000,included,
85,Navrasa,Amapiano,Amapiano,10,Amapiano\Global\Amapiano\RICHY_HANIEL_-_AMAPIANO_MIX_2025_RHRADIO_AMAPIANO_HOUSE_PARTY_MIX_2025_BY_DJ_MARL_AMAPIANO_NEW_SONGS_MIX.wav,C:\Genrogram\data\expanded_raw\Amapiano\Global\Amapiano\RICHY_HANIEL_-_AMAPIANO_MIX_2025_RHRADIO_AMAPIANO_HOUSE_PARTY_MIX_2025_BY_DJ_MARL_AMAPIANO_NEW_SONGS_MIX.wav,88440ddd078e62f4194642f353ff18e90a53f17103c2120feeeccb16e490d2df,30.000000,included,
86,Navrasa,Amapiano,Amapiano,10,Amapiano\Global\Amapiano\RICHY_HANIEL_-_AMAPIANO_MIX_AND_AFROBEATS_VIDEO_MIX_2025_BY_DJ_EVANSOISAKAGOON_FLAVOURCIZAUNCLE_WAFFLES.wav,C:\Genrogram\data\expanded_raw\Amapiano\Global\Amapiano\RICHY_HANIEL_-_AMAPIANO_MIX_AND_AFROBEATS_VIDEO_MIX_2025_BY_DJ_EVANSOISAKAGOON_FLAVOURCIZAUNCLE_WAFFLES.wav,114468758a27de21daf5a3d9f3bd97ddf2cde8eeb7877bff114ba73270f1b6d4,30.000000,included,
87,Navrasa,Amapiano,Amapiano,10,Amapiano\Global\Amapiano\Romeo_Makota_-_AMAPIANO_MIX_2025_08_AUGUST_ROMEO_MAKOTA_500K_Subscribers_Appreciation_Mix.wav,C:\Genrogram\data\expanded_raw\Amapiano\Global\Amapiano\Romeo_Makota_-_AMAPIANO_MIX_2025_08_AUGUST_ROMEO_MAKOTA_500K_Subscribers_Appreciation_Mix.wav,c38aa64be5c4f5b0caf2a8b41cc2e693a46d6ce5941a039c78f5ce69efb99123,30.000000,included,
88,Navrasa,Amapiano,Amapiano,10,Amapiano\Global\Amapiano\Romeo_Makota_-_AMAPIANO_MIX_2025_12_DECEMBER_2025_ROMEO_MAKOTA.wav,C:\Genrogram\data\expanded_raw\Amapiano\Global\Amapiano\Romeo_Makota_-_AMAPIANO_MIX_2025_12_DECEMBER_2025_ROMEO_MAKOTA.wav,624f4c2846962ea512f56d8bf7debebf0d0611a29fee10af08043327ded8d017,30.000000,included,
89,Navrasa,Amapiano,Amapiano,10,Amapiano\Global\Amapiano\Romeo_Makota_-_AMAPIANO_MIX_2025_25_JULY_ROMEO_MAKOTA.wav,C:\Genrogram\data\expanded_raw\Amapiano\Global\Amapiano\Romeo_Makota_-_AMAPIANO_MIX_2025_25_JULY_ROMEO_MAKOTA.wav,a1e9982677a5fd4a28979948726c2bc227ae890032add9d50ab0b8257063a312,30.000000,included,
90,Navrasa,Amapiano,Amapiano,10,Amapiano\Global\Amapiano\Romeo_Makota_-_AMAPIANO_MIX_2025_BEST_SELECTION_ROMEO_MAKOTA.wav,C:\Genrogram\data\expanded_raw\Amapiano\Global\Amapiano\Romeo_Makota_-_AMAPIANO_MIX_2025_BEST_SELECTION_ROMEO_MAKOTA.wav,4d833335304449636b47eb773e565d5a3b84468aabb4b37f3968e08c765672d8,30.000000,included,
91,Navrasa,Amapiano,Amapiano,10,Amapiano\Global\Amapiano\Romeo_Makota_-_AMAPIANO_MIX_SELECTED_OF_2023_ROMEO_MAKOTA.wav,C:\Genrogram\data\expanded_raw\Amapiano\Global\Amapiano\Romeo_Makota_-_AMAPIANO_MIX_SELECTED_OF_2023_ROMEO_MAKOTA.wav,b3e622b05c08d8c8db28419fb8516d5e4cad3cb3bf4d85966a3787cc76f77443,30.000000,included,
92,Navrasa,Amapiano,Amapiano,10,Amapiano\Global\Amapiano\STSE_Radio_-_Ultimate_Amapiano_Christmas_Playlist_with_lyrics_Smooth_Holiday_Lounge_Vibes.wav,C:\Genrogram\data\expanded_raw\Amapiano\Global\Amapiano\STSE_Radio_-_Ultimate_Amapiano_Christmas_Playlist_with_lyrics_Smooth_Holiday_Lounge_Vibes.wav,842ffc87e575d17b125fe98cf4c068ff1db3c7739e1c96a431b49e2e41981322,30.000000,included,
93,Navrasa,Amapiano,Amapiano,10,Amapiano\Global\Amapiano\SUPREMACY_SOUNDS_-_Amapiano_3_Step_Vibes_2025_Vol_4_Ngishutheni_Isaka_6_AM_Bengicela_More.wav,C:\Genrogram\data\expanded_raw\Amapiano\Global\Amapiano\SUPREMACY_SOUNDS_-_Amapiano_3_Step_Vibes_2025_Vol_4_Ngishutheni_Isaka_6_AM_Bengicela_More.wav,13466b4d91cd943ae20eb7857cf665085f737938f0dc7a978ea3abe4ad037196,30.000000,included,
94,Navrasa,Amapiano,Amapiano,10,Amapiano\Global\Amapiano\SUPREMACY_SOUNDS_-_Amapiano_Vibes_2025_Vol_2_Ngibolekeni_Uyaphapha_Marn_Baphi_More.wav,C:\Genrogram\data\expanded_raw\Amapiano\Global\Amapiano\SUPREMACY_SOUNDS_-_Amapiano_Vibes_2025_Vol_2_Ngibolekeni_Uyaphapha_Marn_Baphi_More.wav,b7d10d8d21b856af436efed4222f79c7c05d9c3bf72994f5e50dcd504cd55139,30.000000,included,
95,Navrasa,Amapiano,Amapiano,10,Amapiano\Global\Amapiano\Sam_Deep_-_Shela_feat_Mano.wav,C:\Genrogram\data\expanded_raw\Amapiano\Global\Amapiano\Sam_Deep_-_Shela_feat_Mano.wav,8219cb79d5183be434f65f0775f5b9090cdf19402361b970530e401958e81481,30.000000,included,
96,Navrasa,Amapiano,Amapiano,10,Amapiano\Global\Amapiano\Scotts_Maphuma_-_SyaWaver_feat_Uncool_MC_Mluusician_Dlala_Regal_Shaun_Stylist.wav,C:\Genrogram\data\expanded_raw\Amapiano\Global\Amapiano\Scotts_Maphuma_-_SyaWaver_feat_Uncool_MC_Mluusician_Dlala_Regal_Shaun_Stylist.wav,fe291392b52469596e296080f8ade50fa0756c82bc30e240097d4e59de4fb7f8,30.000000,included,
97,Navrasa,Amapiano,Amapiano,10,Amapiano\Global\Amapiano\Shakes_Les_-_HAMBA_NABO.wav,C:\Genrogram\data\expanded_raw\Amapiano\Global\Amapiano\Shakes_Les_-_HAMBA_NABO.wav,f904af55abee3a3e998a79c89a067b2eb85d923bbede92ab2b0dbfa05f98bea2,30.000000,included,
98,Navrasa,Amapiano,Amapiano,10,Amapiano\Global\Amapiano\Shebeshxt_-_Rato_Laka_feat_Slidoo_Man.wav,C:\Genrogram\data\expanded_raw\Amapiano\Global\Amapiano\Shebeshxt_-_Rato_Laka_feat_Slidoo_Man.wav,6e19a6aa696d9b09646a61e55a6e73b1a8266253c3233b42948d58b158c576ac,30.000000,included,
99,Navrasa,Amapiano,Amapiano,10,Amapiano\Global\Amapiano\THE_DECKSIDE_SHOW_-_BEST_OF_AMAPIANO_2025_East_Africa_vs_South_Africa_Battle_Diamond_Marioo_Tyler_ICU_DJ_Avalon_254.wav,C:\Genrogram\data\expanded_raw\Amapiano\Global\Amapiano\THE_DECKSIDE_SHOW_-_BEST_OF_AMAPIANO_2025_East_Africa_vs_South_Africa_Battle_Diamond_Marioo_Tyler_ICU_DJ_Avalon_254.wav,6b9c8e21f8f05b32c917d8eb61d3588905c0a138c1c9c91787c18ce940bbd5eb,30.000000,included,
100,Navrasa,Amapiano,Amapiano,10,Amapiano\Global\Amapiano\TKM_EXTRA_-_Old_Amapiano_Mix_2019_Mixed_By_DJ_TKM_Ep_1.wav,C:\Genrogram\data\expanded_raw\Amapiano\Global\Amapiano\TKM_EXTRA_-_Old_Amapiano_Mix_2019_Mixed_By_DJ_TKM_Ep_1.wav,a46d59d3bc157a51af23b64c263da681554cbbc6f72e337a6419b542b28504bf,30.000000,included,
101,Navrasa,Amapiano,Amapiano,10,Amapiano\Global\Amapiano\TitoM_-_Tshwala_Bam_feat_SNE_EeQue.wav,C:\Genrogram\data\expanded_raw\Amapiano\Global\Amapiano\TitoM_-_Tshwala_Bam_feat_SNE_EeQue.wav,268dfbdf4ba22de3ce2d660916968010545601b90b35bf7d96263965943406c6,30.000000,included,
102,Navrasa,Amapiano,Amapiano,10,Amapiano\Global\Amapiano\Trending_Beats_Gallery_-_AMAPIANO_BEST_MIX_PARTY_202526_NEW_YEAR_CROSSOVER_MIX_BY_TRENDING_BEATS.wav,C:\Genrogram\data\expanded_raw\Amapiano\Global\Amapiano\Trending_Beats_Gallery_-_AMAPIANO_BEST_MIX_PARTY_202526_NEW_YEAR_CROSSOVER_MIX_BY_TRENDING_BEATS.wav,c56ca35f5053c98e2305eecbc4cd11d7fad9f709152b2ae9c20ed31d2421beba,30.000000,included,
103,Navrasa,Amapiano,Amapiano,10,Amapiano\Global\Amapiano\Triviadownph_-_Top_10_Amapiano_Tracks_for_the_Hot_Summer_2025_TDT_Radio.wav,C:\Genrogram\data\expanded_raw\Amapiano\Global\Amapiano\Triviadownph_-_Top_10_Amapiano_Tracks_for_the_Hot_Summer_2025_TDT_Radio.wav,a641263f81cc172a5a88ade56bda82e1ebd199d57f3700baf65baed9e3d7971b,30.000000,included,
104,Navrasa,Amapiano,Amapiano,10,Amapiano\Global\Amapiano\Tyler_ICU_-_Ceeka_RSA_Tyler_ICU_Jealousy_Australia_Tour_Lyric_Video_ft_Leemckrazy_Khalil_Harrison.wav,C:\Genrogram\data\expanded_raw\Amapiano\Global\Amapiano\Tyler_ICU_-_Ceeka_RSA_Tyler_ICU_Jealousy_Australia_Tour_Lyric_Video_ft_Leemckrazy_Khalil_Harrison.wav,63e185304401cb6516f45d322dd59c25ceb9dff49b34fef81c14e9b43d8a4251,30.000000,included,
105,Navrasa,Amapiano,Amapiano,10,Amapiano\Global\Amapiano\Uncle_Waffles_-_Zenzele_feat_Royal_MusiQ_Uncool_MC_Xduppy_CowBoii.wav,C:\Genrogram\data\expanded_raw\Amapiano\Global\Amapiano\Uncle_Waffles_-_Zenzele_feat_Royal_MusiQ_Uncool_MC_Xduppy_CowBoii.wav,cc308cfd00ee8351d139ded3a92fcf6544245741c36bc497bc2b3e47b48ed5c9,30.000000,included,
106,Navrasa,Amapiano,Amapiano,10,Amapiano\Global\Amapiano\Vibe_Music_-_Goya_Menor_Nektunez_Ameno_Amapiano_Remix_you_want_to_bamba_you_want_to_chill_with_the_big_boys.wav,C:\Genrogram\data\expanded_raw\Amapiano\Global\Amapiano\Vibe_Music_-_Goya_Menor_Nektunez_Ameno_Amapiano_Remix_you_want_to_bamba_you_want_to_chill_with_the_big_boys.wav,5e8b417cb94cc1ddf5219702a718a7fcc733495880fbe8df8d6387c7f16d797c,30.000000,included,
107,Navrasa,Amapiano,Amapiano,10,Amapiano\Global\Amapiano\Vidojean_X_Oliver_Loenn_-_The_Weeknd_Popular_Vidojean_X_Oliver_Loenn_Amapiano_Remix.wav,C:\Genrogram\data\expanded_raw\Amapiano\Global\Amapiano\Vidojean_X_Oliver_Loenn_-_The_Weeknd_Popular_Vidojean_X_Oliver_Loenn_Amapiano_Remix.wav,6233717df9b3178a1e023e31f2f432017dfb38bd36e62c8bed277cba1f64a711,30.000000,included,
108,Navrasa,Amapiano,Amapiano,10,Amapiano\Global\Amapiano\YOMZANSI_-_Jade_T_HOUSE_OF_YMZ_Amapiano_Mix_2025.wav,C:\Genrogram\data\expanded_raw\Amapiano\Global\Amapiano\YOMZANSI_-_Jade_T_HOUSE_OF_YMZ_Amapiano_Mix_2025.wav,4e8fb528501f28e7946df65e6dbbf839f25e7e2cb00a004a17ac406d927b73f4,30.000000,included,
109,Navrasa,Amapiano,Amapiano,10,Amapiano\Global\Amapiano\YOMZANSI_-_Success_SA_HOUSE_OF_YMZ_Amapiano_Mix_2025.wav,C:\Genrogram\data\expanded_raw\Amapiano\Global\Amapiano\YOMZANSI_-_Success_SA_HOUSE_OF_YMZ_Amapiano_Mix_2025.wav,891d4492e2774c17d105dd463a2660e4ae9dad43dfcc99dd420197a567be31c2,30.000000,included,
110,Navrasa,Amapiano,Amapiano,10,Amapiano\Global\Amapiano\Young_Stunna_-_Adiwele_feat_Kabza_De_Small_DJ_Maphorisa.wav,C:\Genrogram\data\expanded_raw\Amapiano\Global\Amapiano\Young_Stunna_-_Adiwele_feat_Kabza_De_Small_DJ_Maphorisa.wav,1808e19af0cbc7dd59056f1bb0d6e53f35b29da91781c89abd9d40a603102820,30.000000,included,
111,Navrasa,Amapiano,Amapiano,10,Amapiano\Global\Amapiano\amapiano_magic_-_AMAPIANO_MIX_TO_WELCOME_DECEMBER_2025_AND_NEW_YEAR.wav,C:\Genrogram\data\expanded_raw\Amapiano\Global\Amapiano\amapiano_magic_-_AMAPIANO_MIX_TO_WELCOME_DECEMBER_2025_AND_NEW_YEAR.wav,c0a94ffd42bd1417f9ce7420e381498f101fea78039d87a41a22507bdda76ac9,30.000000,included,
112,Navrasa,Amapiano,Amapiano,10,Amapiano\Global\Amapiano\amapiano_magic_-_AMAPIANO_MIX_TO_WELCOME_DECEMBER_2025_AND_NEW_YEAR_2026.wav,C:\Genrogram\data\expanded_raw\Amapiano\Global\Amapiano\amapiano_magic_-_AMAPIANO_MIX_TO_WELCOME_DECEMBER_2025_AND_NEW_YEAR_2026.wav,c1c13f41c2279ba02eb3a2368babee77d74a4c6c61ce1fc2de6e8695b6ded0d5,30.000000,included,
113,Navrasa,Amapiano,Amapiano,10,Amapiano\Global\Amapiano\lavender_-_AMAPIANO_DANCE_CHALLENGE_2025.wav,C:\Genrogram\data\expanded_raw\Amapiano\Global\Amapiano\lavender_-_AMAPIANO_DANCE_CHALLENGE_2025.wav,c9c7e771f73b2e138ac0039c05874e8ec6f1952fab51447bfad3b0a7bf4dd04e,30.000000,included,
114,Navrasa,Amapiano,Amapiano,10,Amapiano\Global\Amapiano\musicbwoy_-_Amapiano_Mix_2024_Trending_Amapiano_March_2024_Mix_by_Musicbwoy.wav,C:\Genrogram\data\expanded_raw\Amapiano\Global\Amapiano\musicbwoy_-_Amapiano_Mix_2024_Trending_Amapiano_March_2024_Mix_by_Musicbwoy.wav,9f5fad58121a02efe55bcb5cde3004d494b57ac5a52bced8079d6cb1e820c0e2,30.000000,included,
115,Navrasa,Amapiano,Amapiano,10,Amapiano\Global\Amapiano\musicbwoy_-_Amapiano_Mix_2025_Amapiano_2025_New_Year_Mix_by_Musicbwoy.wav,C:\Genrogram\data\expanded_raw\Amapiano\Global\Amapiano\musicbwoy_-_Amapiano_Mix_2025_Amapiano_2025_New_Year_Mix_by_Musicbwoy.wav,9ec50da067d20262e2b35f3fd8ceec1a656c7ce2fbcea3cb7c01f1b837862bd8,30.000000,included,
116,GTZAN,blues,Blues,0,blues\blues.00000.wav,C:\Genrogram\data\gtzan\genres\blues\blues.00000.wav,728e445a61ebb2ab9cefe779a9af5c44cff39f20308a0a29bce3e3ea597aa592,30.013333,included,
117,GTZAN,blues,Blues,0,blues\blues.00000.wav,C:\Genrogram\data\gtzan\genres\blues\blues.00000.wav,728e445a61ebb2ab9cefe779a9af5c44cff39f20308a0a29bce3e3ea597aa592,30.013333,included,
118,GTZAN,blues,Blues,0,blues\blues.00001.wav,C:\Genrogram\data\gtzan\genres\blues\blues.00001.wav,be8530fd9cfcd43182a4356b7da0fbc8a3e2a5c3532e309c357b0cce483e593b,30.013333,included,
119,GTZAN,blues,Blues,0,blues\blues.00001.wav,C:\Genrogram\data\gtzan\genres\blues\blues.00001.wav,be8530fd9cfcd43182a4356b7da0fbc8a3e2a5c3532e309c357b0cce483e593b,30.013333,included,
120,GTZAN,blues,Blues,0,blues\blues.00002.wav,C:\Genrogram\data\gtzan\genres\blues\blues.00002.wav,2ee18ebafb37a3404397720a1d1342ffd0e19565224fe3ba59c9265f2526a92a,30.013333,included,
121,GTZAN,blues,Blues,0,blues\blues.00002.wav,C:\Genrogram\data\gtzan\genres\blues\blues.00002.wav,2ee18ebafb37a3404397720a1d1342ffd0e19565224fe3ba59c9265f2526a92a,30.013333,included,
122,GTZAN,blues,Blues,0,blues\blues.00003.wav,C:\Genrogram\data\gtzan\genres\blues\blues.00003.wav,c115b31b147cce0da7b0e52173dc61266d8cabfa060bb77c4fce135390e6a91f,30.013333,included,
123,GTZAN,blues,Blues,0,blues\blues.00003.wav,C:\Genrogram\data\gtzan\genres\blues\blues.00003.wav,c115b31b147cce0da7b0e52173dc61266d8cabfa060bb77c4fce135390e6a91f,30.013333,included,
124,GTZAN,blues,Blues,0,blues\blues.00004.wav,C:\Genrogram\data\gtzan\genres\blues\blues.00004.wav,06bc76188dbadeb53aeae58c11764ef4727b539d1665553181eccaed7b23f87d,30.013333,included,
125,GTZAN,blues,Blues,0,blues\blues.00004.wav,C:\Genrogram\data\gtzan\genres\blues\blues.00004.wav,06bc76188dbadeb53aeae58c11764ef4727b539d1665553181eccaed7b23f87d,30.013333,included,
126,GTZAN,blues,Blues,0,blues\blues.00005.wav,C:\Genrogram\data\gtzan\genres\blues\blues.00005.wav,fad045ec0276f7c3d524a1387383f6dfe2fc30d45be1f6e6fc843f9cbacebbaa,30.013333,included,
127,GTZAN,blues,Blues,0,blues\blues.00005.wav,C:\Genrogram\data\gtzan\genres\blues\blues.00005.wav,fad045ec0276f7c3d524a1387383f6dfe2fc30d45be1f6e6fc843f9cbacebbaa,30.013333,included,
128,GTZAN,blues,Blues,0,blues\blues.00006.wav,C:\Genrogram\data\gtzan\genres\blues\blues.00006.wav,eb248b17d6fa63dce022a963ec127f033c166a257a2566b7ca0edd0cd8916f89,30.013333,included,
129,GTZAN,blues,Blues,0,blues\blues.00006.wav,C:\Genrogram\data\gtzan\genres\blues\blues.00006.wav,eb248b17d6fa63dce022a963ec127f033c166a257a2566b7ca0edd0cd8916f89,30.013333,included,
130,GTZAN,blues,Blues,0,blues\blues.00007.wav,C:\Genrogram\data\gtzan\genres\blues\blues.00007.wav,d3429dd3911a6eec3085086b3da35b532350733c9dfe3a67c4795aa155f78aea,30.013333,included,
131,GTZAN,blues,Blues,0,blues\blues.00007.wav,C:\Genrogram\data\gtzan\genres\blues\blues.00007.wav,d3429dd3911a6eec3085086b3da35b532350733c9dfe3a67c4795aa155f78aea,30.013333,included,
132,GTZAN,blues,Blues,0,blues\blues.00008.wav,C:\Genrogram\data\gtzan\genres\blues\blues.00008.wav,6a8d62a139f38abc0c7ff09520012e6999d9bb98fea0a28057866069427fb3e4,30.013333,included,
133,GTZAN,blues,Blues,0,blues\blues.00008.wav,C:\Genrogram\data\gtzan\genres\blues\blues.00008.wav,6a8d62a139f38abc0c7ff09520012e6999d9bb98fea0a28057866069427fb3e4,30.013333,included,
134,GTZAN,blues,Blues,0,blues\blues.00009.wav,C:\Genrogram\data\gtzan\genres\blues\blues.00009.wav,54b4a4bc93da7bef82334ac10b989338037c92e63acf6863e5ce29e0f9d3da72,30.013333,included,
135,GTZAN,blues,Blues,0,blues\blues.00009.wav,C:\Genrogram\data\gtzan\genres\blues\blues.00009.wav,54b4a4bc93da7bef82334ac10b989338037c92e63acf6863e5ce29e0f9d3da72,30.013333,included,
136,GTZAN,blues,Blues,0,blues\blues.00010.wav,C:\Genrogram\data\gtzan\genres\blues\blues.00010.wav,c8c288f975a61595e29d26ef1872bdcf2af6cc6c00be5a94c5cd2b7c7eca9dc4,30.013333,included,
137,GTZAN,blues,Blues,0,blues\blues.00010.wav,C:\Genrogram\data\gtzan\genres\blues\blues.00010.wav,c8c288f975a61595e29d26ef1872bdcf2af6cc6c00be5a94c5cd2b7c7eca9dc4,30.013333,included,
138,GTZAN,blues,Blues,0,blues\blues.00011.wav,C:\Genrogram\data\gtzan\genres\blues\blues.00011.wav,9cc6a3d8c35531375e0aa7e27d3720d2f16d11c815bdc65aad71182e7854e2bb,30.013333,included,
139,GTZAN,blues,Blues,0,blues\blues.00011.wav,C:\Genrogram\data\gtzan\genres\blues\blues.00011.wav,9cc6a3d8c35531375e0aa7e27d3720d2f16d11c815bdc65aad71182e7854e2bb,30.013333,included,
140,GTZAN,blues,Blues,0,blues\blues.00012.wav,C:\Genrogram\data\gtzan\genres\blues\blues.00012.wav,4822b1730fefcada411c53e118a7c1af4fd96e94624a39568f3620097e69bb17,30.013333,included,
141,GTZAN,blues,Blues,0,blues\blues.00012.wav,C:\Genrogram\data\gtzan\genres\blues\blues.00012.wav,4822b1730fefcada411c53e118a7c1af4fd96e94624a39568f3620097e69bb17,30.013333,included,
142,GTZAN,blues,Blues,0,blues\blues.00013.wav,C:\Genrogram\data\gtzan\genres\blues\blues.00013.wav,ec18cc399f198fd945553f52efb10cd7e3e0a5e1ea9e334b8561a2d0b08fd004,30.013333,included,
143,GTZAN,blues,Blues,0,blues\blues.00013.wav,C:\Genrogram\data\gtzan\genres\blues\blues.00013.wav,ec18cc399f198fd945553f52efb10cd7e3e0a5e1ea9e334b8561a2d0b08fd004,30.013333,included,
144,GTZAN,blues,Blues,0,blues\blues.00014.wav,C:\Genrogram\data\gtzan\genres\blues\blues.00014.wav,a7a2823bd27afa749e97cd6462be563aeb66e70c48ced07d2db960bb20c4e581,30.013333,included,
145,GTZAN,blues,Blues,0,blues\blues.00014.wav,C:\Genrogram\data\gtzan\genres\blues\blues.00014.wav,a7a2823bd27afa749e97cd6462be563aeb66e70c48ced07d2db960bb20c4e581,30.013333,included,
146,GTZAN,blues,Blues,0,blues\blues.00015.wav,C:\Genrogram\data\gtzan\genres\blues\blues.00015.wav,e9b571c44cc36011b4c4c44dd2223e6146bd52462f3128b49eeceb38a704d7cc,30.013333,included,
147,GTZAN,blues,Blues,0,blues\blues.00015.wav,C:\Genrogram\data\gtzan\genres\blues\blues.00015.wav,e9b571c44cc36011b4c4c44dd2223e6146bd52462f3128b49eeceb38a704d7cc,30.013333,included,
148,GTZAN,blues,Blues,0,blues\blues.00016.wav,C:\Genrogram\data\gtzan\genres\blues\blues.00016.wav,210cfd701b9a6d46c1ea4ee38744be70f6c560f0d3be47576ad9d2d4c76dcbdd,30.013333,included,
149,GTZAN,blues,Blues,0,blues\blues.00016.wav,C:\Genrogram\data\gtzan\genres\blues\blues.00016.wav,210cfd701b9a6d46c1ea4ee38744be70f6c560f0d3be47576ad9d2d4c76dcbdd,30.013333,included,
150,GTZAN,blues,Blues,0,blues\blues.00017.wav,C:\Genrogram\data\gtzan\genres\blues\blues.00017.wav,701f32fac46a0007f3430ce45f2b38af610f302e44767c79e130c0fac298c0fa,30.013333,included,
151,GTZAN,blues,Blues,0,blues\blues.00017.wav,C:\Genrogram\data\gtzan\genres\blues\blues.00017.wav,701f32fac46a0007f3430ce45f2b38af610f302e44767c79e130c0fac298c0fa,30.013333,included,
152,GTZAN,blues,Blues,0,blues\blues.00018.wav,C:\Genrogram\data\gtzan\genres\blues\blues.00018.wav,3b8451ce32fea17c72bbfbe61d208a974caf6cd7e020f3d53c86e5d158aac579,30.013333,included,
153,GTZAN,blues,Blues,0,blues\blues.00018.wav,C:\Genrogram\data\gtzan\genres\blues\blues.00018.wav,3b8451ce32fea17c72bbfbe61d208a974caf6cd7e020f3d53c86e5d158aac579,30.013333,included,
154,GTZAN,blues,Blues,0,blues\blues.00019.wav,C:\Genrogram\data\gtzan\genres\blues\blues.00019.wav,f55dcf4c55a623408f08c7cfd36259d8db59bd470165fc24fe0ea78c2e6b8736,30.013333,included,
155,GTZAN,blues,Blues,0,blues\blues.00019.wav,C:\Genrogram\data\gtzan\genres\blues\blues.00019.wav,f55dcf4c55a623408f08c7cfd36259d8db59bd470165fc24fe0ea78c2e6b8736,30.013333,included,
156,GTZAN,blues,Blues,0,blues\blues.00020.wav,C:\Genrogram\data\gtzan\genres\blues\blues.00020.wav,af815ba39b11f4e9e417bd7808ea3ca3c31d57d63a485ad86fec9dfa88a162b8,30.013333,included,
157,GTZAN,blues,Blues,0,blues\blues.00020.wav,C:\Genrogram\data\gtzan\genres\blues\blues.00020.wav,af815ba39b11f4e9e417bd7808ea3ca3c31d57d63a485ad86fec9dfa88a162b8,30.013333,included,
158,GTZAN,blues,Blues,0,blues\blues.00021.wav,C:\Genrogram\data\gtzan\genres\blues\blues.00021.wav,9f74ddfe38dfbb8b3034e4ed9876f2bb8b44641795664341802522da4951a86f,30.013333,included,
159,GTZAN,blues,Blues,0,blues\blues.00021.wav,C:\Genrogram\data\gtzan\genres\blues\blues.00021.wav,9f74ddfe38dfbb8b3034e4ed9876f2bb8b44641795664341802522da4951a86f,30.013333,included,
160,GTZAN,blues,Blues,0,blues\blues.00022.wav,C:\Genrogram\data\gtzan\genres\blues\blues.00022.wav,90717097f1b706e37820bf785cb9301cb2046b636fcce17d625a20fcb52eda08,30.013333,included,
161,GTZAN,blues,Blues,0,blues\blues.00022.wav,C:\Genrogram\data\gtzan\genres\blues\blues.00022.wav,90717097f1b706e37820bf785cb9301cb2046b636fcce17d625a20fcb52eda08,30.013333,included,
162,GTZAN,blues,Blues,0,blues\blues.00023.wav,C:\Genrogram\data\gtzan\genres\blues\blues.00023.wav,a7f0dfc6b1de993d765c4771e651776c1f5ad3616c7d13515112dffa166c55a0,30.013333,included,
163,GTZAN,blues,Blues,0,blues\blues.00023.wav,C:\Genrogram\data\gtzan\genres\blues\blues.00023.wav,a7f0dfc6b1de993d765c4771e651776c1f5ad3616c7d13515112dffa166c55a0,30.013333,included,
164,GTZAN,blues,Blues,0,blues\blues.00024.wav,C:\Genrogram\data\gtzan\genres\blues\blues.00024.wav,2fe4cf5962b54d711580ff649f0bbfef8dfbc10640824a3d0e04ef42ca1d686c,30.013333,included,
165,GTZAN,blues,Blues,0,blues\blues.00024.wav,C:\Genrogram\data\gtzan\genres\blues\blues.00024.wav,2fe4cf5962b54d711580ff649f0bbfef8dfbc10640824a3d0e04ef42ca1d686c,30.013333,included,
166,GTZAN,blues,Blues,0,blues\blues.00025.wav,C:\Genrogram\data\gtzan\genres\blues\blues.00025.wav,eb198f11265c1fc6ea7a8743e18ce5bdaa675899e8d8fbad0b56408b8f87e9ab,30.013333,included,
167,GTZAN,blues,Blues,0,blues\blues.00025.wav,C:\Genrogram\data\gtzan\genres\blues\blues.00025.wav,eb198f11265c1fc6ea7a8743e18ce5bdaa675899e8d8fbad0b56408b8f87e9ab,30.013333,included,
168,GTZAN,blues,Blues,0,blues\blues.00026.wav,C:\Genrogram\data\gtzan\genres\blues\blues.00026.wav,06c449395136746520d1e6857be9f47fd00191311828cc09195a075221d73d0e,30.013333,included,
169,GTZAN,blues,Blues,0,blues\blues.00026.wav,C:\Genrogram\data\gtzan\genres\blues\blues.00026.wav,06c449395136746520d1e6857be9f47fd00191311828cc09195a075221d73d0e,30.013333,included,
170,GTZAN,blues,Blues,0,blues\blues.00027.wav,C:\Genrogram\data\gtzan\genres\blues\blues.00027.wav,fc743e4ec7c073ecc895b19a33e1418d8d0882a513fe2d06eb5f98c16b7fa649,30.013333,included,
171,GTZAN,blues,Blues,0,blues\blues.00027.wav,C:\Genrogram\data\gtzan\genres\blues\blues.00027.wav,fc743e4ec7c073ecc895b19a33e1418d8d0882a513fe2d06eb5f98c16b7fa649,30.013333,included,
172,GTZAN,blues,Blues,0,blues\blues.00028.wav,C:\Genrogram\data\gtzan\genres\blues\blues.00028.wav,c3bb2d29248f9ec4c8fc8b1c8102de6b6ac3c89731ed2af72c3515a5dc9aff11,30.013333,included,
173,GTZAN,blues,Blues,0,blues\blues.00028.wav,C:\Genrogram\data\gtzan\genres\blues\blues.00028.wav,c3bb2d29248f9ec4c8fc8b1c8102de6b6ac3c89731ed2af72c3515a5dc9aff11,30.013333,included,
174,GTZAN,blues,Blues,0,blues\blues.00029.wav,C:\Genrogram\data\gtzan\genres\blues\blues.00029.wav,a181cdc4b6852cddb0ec18b218f04ca7d6aae2294eef245733b847fce58c810f,30.013333,included,
175,GTZAN,blues,Blues,0,blues\blues.00029.wav,C:\Genrogram\data\gtzan\genres\blues\blues.00029.wav,a181cdc4b6852cddb0ec18b218f04ca7d6aae2294eef245733b847fce58c810f,30.013333,included,
176,GTZAN,blues,Blues,0,blues\blues.00030.wav,C:\Genrogram\data\gtzan\genres\blues\blues.00030.wav,f9445665bfd78a5cb47cdba19666bde206d89a40e56f023af809ebc540a03fab,30.013333,included,
177,GTZAN,blues,Blues,0,blues\blues.00030.wav,C:\Genrogram\data\gtzan\genres\blues\blues.00030.wav,f9445665bfd78a5cb47cdba19666bde206d89a40e56f023af809ebc540a03fab,30.013333,included,
178,GTZAN,blues,Blues,0,blues\blues.00031.wav,C:\Genrogram\data\gtzan\genres\blues\blues.00031.wav,6d19d9f612237be2d67960022eb1aa2271ea024ccca5b49f6f83caeacb1fa122,30.013333,included,
179,GTZAN,blues,Blues,0,blues\blues.00031.wav,C:\Genrogram\data\gtzan\genres\blues\blues.00031.wav,6d19d9f612237be2d67960022eb1aa2271ea024ccca5b49f6f83caeacb1fa122,30.013333,included,
180,GTZAN,blues,Blues,0,blues\blues.00032.wav,C:\Genrogram\data\gtzan\genres\blues\blues.00032.wav,2198bfb254ac7e1eb795661c73cc85c2dbbc79c77edf2d9bc26e8e317612f791,30.013333,included,
181,GTZAN,blues,Blues,0,blues\blues.00032.wav,C:\Genrogram\data\gtzan\genres\blues\blues.00032.wav,2198bfb254ac7e1eb795661c73cc85c2dbbc79c77edf2d9bc26e8e317612f791,30.013333,included,
182,GTZAN,blues,Blues,0,blues\blues.00033.wav,C:\Genrogram\data\gtzan\genres\blues\blues.00033.wav,312a104de35e9bd0c33c05ddd9c813c99ad509c3c6880c391d8161203d7a6aa7,30.013333,included,
183,GTZAN,blues,Blues,0,blues\blues.00033.wav,C:\Genrogram\data\gtzan\genres\blues\blues.00033.wav,312a104de35e9bd0c33c05ddd9c813c99ad509c3c6880c391d8161203d7a6aa7,30.013333,included,
184,GTZAN,blues,Blues,0,blues\blues.00034.wav,C:\Genrogram\data\gtzan\genres\blues\blues.00034.wav,422813d985c85adbb92ec82f634193545af6f01ce9e024425971e2af755aaa45,30.013333,included,
185,GTZAN,blues,Blues,0,blues\blues.00034.wav,C:\Genrogram\data\gtzan\genres\blues\blues.00034.wav,422813d985c85adbb92ec82f634193545af6f01ce9e024425971e2af755aaa45,30.013333,included,
186,GTZAN,blues,Blues,0,blues\blues.00035.wav,C:\Genrogram\data\gtzan\genres\blues\blues.00035.wav,e1095164f23010b6edf81502c84a7ca9c5e7c6612383f06dd1684cef013fd0f5,30.013333,included,
187,GTZAN,blues,Blues,0,blues\blues.00035.wav,C:\Genrogram\data\gtzan\genres\blues\blues.00035.wav,e1095164f23010b6edf81502c84a7ca9c5e7c6612383f06dd1684cef013fd0f5,30.013333,included,
188,GTZAN,blues,Blues,0,blues\blues.00036.wav,C:\Genrogram\data\gtzan\genres\blues\blues.00036.wav,e1a1c38a604a65593abca70ae487698886d948f3ed9538b9889e8075538f1ddf,30.013333,included,
189,GTZAN,blues,Blues,0,blues\blues.00036.wav,C:\Genrogram\data\gtzan\genres\blues\blues.00036.wav,e1a1c38a604a65593abca70ae487698886d948f3ed9538b9889e8075538f1ddf,30.013333,included,
190,GTZAN,blues,Blues,0,blues\blues.00037.wav,C:\Genrogram\data\gtzan\genres\blues\blues.00037.wav,3a6623eacdf8da4ab2f0e4e7e3209fa839a20ac0332db117055fcc6c093bac09,30.013333,included,
191,GTZAN,blues,Blues,0,blues\blues.00037.wav,C:\Genrogram\data\gtzan\genres\blues\blues.00037.wav,3a6623eacdf8da4ab2f0e4e7e3209fa839a20ac0332db117055fcc6c093bac09,30.013333,included,
192,GTZAN,blues,Blues,0,blues\blues.00038.wav,C:\Genrogram\data\gtzan\genres\blues\blues.00038.wav,8755ac4fae135692297c483b5fb97c7a68c5e6119f84385bebc850a40091c6ae,30.013333,included,
193,GTZAN,blues,Blues,0,blues\blues.00038.wav,C:\Genrogram\data\gtzan\genres\blues\blues.00038.wav,8755ac4fae135692297c483b5fb97c7a68c5e6119f84385bebc850a40091c6ae,30.013333,included,
194,GTZAN,blues,Blues,0,blues\blues.00039.wav,C:\Genrogram\data\gtzan\genres\blues\blues.00039.wav,13be4fc801f91589f51b61e6f8341fddc96f12cfe42da75fc7eb990faa2daa4c,30.013333,included,
195,GTZAN,blues,Blues,0,blues\blues.00039.wav,C:\Genrogram\data\gtzan\genres\blues\blues.00039.wav,13be4fc801f91589f51b61e6f8341fddc96f12cfe42da75fc7eb990faa2daa4c,30.013333,included,
196,GTZAN,blues,Blues,0,blues\blues.00040.wav,C:\Genrogram\data\gtzan\genres\blues\blues.00040.wav,82c1e94fad248c9cb8d528bfca7d0a47d61a9086919b8a4c311a79ec34e50247,30.013333,included,
197,GTZAN,blues,Blues,0,blues\blues.00040.wav,C:\Genrogram\data\gtzan\genres\blues\blues.00040.wav,82c1e94fad248c9cb8d528bfca7d0a47d61a9086919b8a4c311a79ec34e50247,30.013333,included,
198,GTZAN,blues,Blues,0,blues\blues.00041.wav,C:\Genrogram\data\gtzan\genres\blues\blues.00041.wav,430fc37e6a3b873726d24de4a7d1b280594ec595fd8be39ea1228143780b3224,30.013333,included,
199,GTZAN,blues,Blues,0,blues\blues.00041.wav,C:\Genrogram\data\gtzan\genres\blues\blues.00041.wav,430fc37e6a3b873726d24de4a7d1b280594ec595fd8be39ea1228143780b3224,30.013333,included,
200,GTZAN,blues,Blues,0,blues\blues.00042.wav,C:\Genrogram\data\gtzan\genres\blues\blues.00042.wav,2bfc83d390cd61f9e845b604fd5bb0d5a61bf815b4b0ee6cbea0fe28afe8c7b9,30.013333,included,
201,GTZAN,blues,Blues,0,blues\blues.00042.wav,C:\Genrogram\data\gtzan\genres\blues\blues.00042.wav,2bfc83d390cd61f9e845b604fd5bb0d5a61bf815b4b0ee6cbea0fe28afe8c7b9,30.013333,included,
202,GTZAN,blues,Blues,0,blues\blues.00043.wav,C:\Genrogram\data\gtzan\genres\blues\blues.00043.wav,edd59db10740afebedfa49e0e532098fa9f34ffac6a7f7ddf7d3266f28796650,30.013333,included,
203,GTZAN,blues,Blues,0,blues\blues.00043.wav,C:\Genrogram\data\gtzan\genres\blues\blues.00043.wav,edd59db10740afebedfa49e0e532098fa9f34ffac6a7f7ddf7d3266f28796650,30.013333,included,
204,GTZAN,blues,Blues,0,blues\blues.00044.wav,C:\Genrogram\data\gtzan\genres\blues\blues.00044.wav,8cda6f363c338a4860349a5eac03e0c0164902cbd5133829de58f25b256ae68a,30.013333,included,
205,GTZAN,blues,Blues,0,blues\blues.00044.wav,C:\Genrogram\data\gtzan\genres\blues\blues.00044.wav,8cda6f363c338a4860349a5eac03e0c0164902cbd5133829de58f25b256ae68a,30.013333,included,
206,GTZAN,blues,Blues,0,blues\blues.00045.wav,C:\Genrogram\data\gtzan\genres\blues\blues.00045.wav,b38691d5096317f41fee1f4d472fbefcf9ab53e62689d1a94fdaab74ab76f210,30.013333,included,
207,GTZAN,blues,Blues,0,blues\blues.00045.wav,C:\Genrogram\data\gtzan\genres\blues\blues.00045.wav,b38691d5096317f41fee1f4d472fbefcf9ab53e62689d1a94fdaab74ab76f210,30.013333,included,
208,GTZAN,blues,Blues,0,blues\blues.00046.wav,C:\Genrogram\data\gtzan\genres\blues\blues.00046.wav,a9ca47ab629da649cacfeccfebad406319d1876474300110cb1ec73f6d2dc6c5,30.013333,included,
209,GTZAN,blues,Blues,0,blues\blues.00046.wav,C:\Genrogram\data\gtzan\genres\blues\blues.00046.wav,a9ca47ab629da649cacfeccfebad406319d1876474300110cb1ec73f6d2dc6c5,30.013333,included,
210,GTZAN,blues,Blues,0,blues\blues.00047.wav,C:\Genrogram\data\gtzan\genres\blues\blues.00047.wav,7b67ef431465ae9ec5aecb5bbef3e1a7a4805908dcc946cf50d85a252a1283ce,30.013333,included,
211,GTZAN,blues,Blues,0,blues\blues.00047.wav,C:\Genrogram\data\gtzan\genres\blues\blues.00047.wav,7b67ef431465ae9ec5aecb5bbef3e1a7a4805908dcc946cf50d85a252a1283ce,30.013333,included,
212,GTZAN,blues,Blues,0,blues\blues.00048.wav,C:\Genrogram\data\gtzan\genres\blues\blues.00048.wav,709c163ee4ffc8897a58521195bc74c379eef49c2d81163a78573571be47702e,30.013333,included,
213,GTZAN,blues,Blues,0,blues\blues.00048.wav,C:\Genrogram\data\gtzan\genres\blues\blues.00048.wav,709c163ee4ffc8897a58521195bc74c379eef49c2d81163a78573571be47702e,30.013333,included,
214,GTZAN,blues,Blues,0,blues\blues.00049.wav,C:\Genrogram\data\gtzan\genres\blues\blues.00049.wav,ed477698da3a0594f099610148897a107614f20098bf53334694e5e3934d338d,30.013333,included,
215,GTZAN,blues,Blues,0,blues\blues.00049.wav,C:\Genrogram\data\gtzan\genres\blues\blues.00049.wav,ed477698da3a0594f099610148897a107614f20098bf53334694e5e3934d338d,30.013333,included,
216,GTZAN,blues,Blues,0,blues\blues.00050.wav,C:\Genrogram\data\gtzan\genres\blues\blues.00050.wav,8753b3b5871372449bda858dab4bc6df3c84cae70e6306dd8fdca9d64c0e1a8a,30.013333,included,
217,GTZAN,blues,Blues,0,blues\blues.00050.wav,C:\Genrogram\data\gtzan\genres\blues\blues.00050.wav,8753b3b5871372449bda858dab4bc6df3c84cae70e6306dd8fdca9d64c0e1a8a,30.013333,included,
218,GTZAN,blues,Blues,0,blues\blues.00051.wav,C:\Genrogram\data\gtzan\genres\blues\blues.00051.wav,534126a9f3213283890ee50d67be23fc05c7422be6f126952b92eb9d7f1411dc,30.013333,included,
219,GTZAN,blues,Blues,0,blues\blues.00051.wav,C:\Genrogram\data\gtzan\genres\blues\blues.00051.wav,534126a9f3213283890ee50d67be23fc05c7422be6f126952b92eb9d7f1411dc,30.013333,included,
220,GTZAN,blues,Blues,0,blues\blues.00052.wav,C:\Genrogram\data\gtzan\genres\blues\blues.00052.wav,63d1ac0728a6b504358596d253f6aec7ef715062ce867fb3f252f90e47e033e5,30.013333,included,
221,GTZAN,blues,Blues,0,blues\blues.00052.wav,C:\Genrogram\data\gtzan\genres\blues\blues.00052.wav,63d1ac0728a6b504358596d253f6aec7ef715062ce867fb3f252f90e47e033e5,30.013333,included,
222,GTZAN,blues,Blues,0,blues\blues.00053.wav,C:\Genrogram\data\gtzan\genres\blues\blues.00053.wav,095b94da5db716fedabecd1085fce369be20c7e17a71e5ed107ea3b07073c703,30.013333,included,
223,GTZAN,blues,Blues,0,blues\blues.00053.wav,C:\Genrogram\data\gtzan\genres\blues\blues.00053.wav,095b94da5db716fedabecd1085fce369be20c7e17a71e5ed107ea3b07073c703,30.013333,included,
224,GTZAN,blues,Blues,0,blues\blues.00054.wav,C:\Genrogram\data\gtzan\genres\blues\blues.00054.wav,f24c92dfa95636aec220c0693934a420e5ec4581816f2b32f481c9089e7ce6cb,30.013333,included,
225,GTZAN,blues,Blues,0,blues\blues.00054.wav,C:\Genrogram\data\gtzan\genres\blues\blues.00054.wav,f24c92dfa95636aec220c0693934a420e5ec4581816f2b32f481c9089e7ce6cb,30.013333,included,
226,GTZAN,blues,Blues,0,blues\blues.00055.wav,C:\Genrogram\data\gtzan\genres\blues\blues.00055.wav,cdf7fb1bba230a48045a9733925804555752cf0df4877cd7c42a179a1a1e1f52,30.013333,included,
227,GTZAN,blues,Blues,0,blues\blues.00055.wav,C:\Genrogram\data\gtzan\genres\blues\blues.00055.wav,cdf7fb1bba230a48045a9733925804555752cf0df4877cd7c42a179a1a1e1f52,30.013333,included,
228,GTZAN,blues,Blues,0,blues\blues.00056.wav,C:\Genrogram\data\gtzan\genres\blues\blues.00056.wav,d022d1d123fd98155f778ed8458bc76cc6d1a3e5d5c284b19c06c904dd463094,30.013333,included,
229,GTZAN,blues,Blues,0,blues\blues.00056.wav,C:\Genrogram\data\gtzan\genres\blues\blues.00056.wav,d022d1d123fd98155f778ed8458bc76cc6d1a3e5d5c284b19c06c904dd463094,30.013333,included,
230,GTZAN,blues,Blues,0,blues\blues.00057.wav,C:\Genrogram\data\gtzan\genres\blues\blues.00057.wav,a28e7cdb775350914a98f95924e45534ad263c45608277de80685b2334413d81,30.013333,included,
231,GTZAN,blues,Blues,0,blues\blues.00057.wav,C:\Genrogram\data\gtzan\genres\blues\blues.00057.wav,a28e7cdb775350914a98f95924e45534ad263c45608277de80685b2334413d81,30.013333,included,
232,GTZAN,blues,Blues,0,blues\blues.00058.wav,C:\Genrogram\data\gtzan\genres\blues\blues.00058.wav,0af18b8b52e5368f5f77397775933640ba0a1e91c8e2157889ebfe7a19246cb4,30.013333,included,
233,GTZAN,blues,Blues,0,blues\blues.00058.wav,C:\Genrogram\data\gtzan\genres\blues\blues.00058.wav,0af18b8b52e5368f5f77397775933640ba0a1e91c8e2157889ebfe7a19246cb4,30.013333,included,
234,GTZAN,blues,Blues,0,blues\blues.00059.wav,C:\Genrogram\data\gtzan\genres\blues\blues.00059.wav,b4ae87b1ce27250e74f188c403a7cf744b247ba2331df165701c2b04fce9268a,30.013333,included,
235,GTZAN,blues,Blues,0,blues\blues.00059.wav,C:\Genrogram\data\gtzan\genres\blues\blues.00059.wav,b4ae87b1ce27250e74f188c403a7cf744b247ba2331df165701c2b04fce9268a,30.013333,included,
236,GTZAN,blues,Blues,0,blues\blues.00060.wav,C:\Genrogram\data\gtzan\genres\blues\blues.00060.wav,c72b844f02eeeee565744b1020401d196f5b7325ead1db909d70019325d47986,30.013333,included,
237,GTZAN,blues,Blues,0,blues\blues.00060.wav,C:\Genrogram\data\gtzan\genres\blues\blues.00060.wav,c72b844f02eeeee565744b1020401d196f5b7325ead1db909d70019325d47986,30.013333,included,
238,GTZAN,blues,Blues,0,blues\blues.00061.wav,C:\Genrogram\data\gtzan\genres\blues\blues.00061.wav,dbb12d5eace894308ab59b5130753f8cf6426f553728b54fc6ad5c5a46727393,30.013333,included,
239,GTZAN,blues,Blues,0,blues\blues.00061.wav,C:\Genrogram\data\gtzan\genres\blues\blues.00061.wav,dbb12d5eace894308ab59b5130753f8cf6426f553728b54fc6ad5c5a46727393,30.013333,included,
240,GTZAN,blues,Blues,0,blues\blues.00062.wav,C:\Genrogram\data\gtzan\genres\blues\blues.00062.wav,39061038f253c48df93a6a8c22ab614c544e5d509714c4b1c247d3a9e8d42f4e,30.013333,included,
241,GTZAN,blues,Blues,0,blues\blues.00062.wav,C:\Genrogram\data\gtzan\genres\blues\blues.00062.wav,39061038f253c48df93a6a8c22ab614c544e5d509714c4b1c247d3a9e8d42f4e,30.013333,included,
242,GTZAN,blues,Blues,0,blues\blues.00063.wav,C:\Genrogram\data\gtzan\genres\blues\blues.00063.wav,ae969b47506f8b9f27d775d01b354ec4dc264d82fe4e0d8552e832b4de13b283,30.013333,included,
243,GTZAN,blues,Blues,0,blues\blues.00063.wav,C:\Genrogram\data\gtzan\genres\blues\blues.00063.wav,ae969b47506f8b9f27d775d01b354ec4dc264d82fe4e0d8552e832b4de13b283,30.013333,included,
244,GTZAN,blues,Blues,0,blues\blues.00064.wav,C:\Genrogram\data\gtzan\genres\blues\blues.00064.wav,21f1ea166c962ec42541c29ce95c21382b7e924bc37abc4e077e95412a5231d3,30.013333,included,
245,GTZAN,blues,Blues,0,blues\blues.00064.wav,C:\Genrogram\data\gtzan\genres\blues\blues.00064.wav,21f1ea166c962ec42541c29ce95c21382b7e924bc37abc4e077e95412a5231d3,30.013333,included,
246,GTZAN,blues,Blues,0,blues\blues.00065.wav,C:\Genrogram\data\gtzan\genres\blues\blues.00065.wav,b76153cba721948fa89b473fe6d55deae716a7a5ceef6324ebcff9624b174fa6,30.013333,included,
247,GTZAN,blues,Blues,0,blues\blues.00065.wav,C:\Genrogram\data\gtzan\genres\blues\blues.00065.wav,b76153cba721948fa89b473fe6d55deae716a7a5ceef6324ebcff9624b174fa6,30.013333,included,
248,GTZAN,blues,Blues,0,blues\blues.00066.wav,C:\Genrogram\data\gtzan\genres\blues\blues.00066.wav,7caaaf42c4ecb3cdde7bed7dce024078a50423a30309593a0b89b67855c23671,30.013333,included,
249,GTZAN,blues,Blues,0,blues\blues.00066.wav,C:\Genrogram\data\gtzan\genres\blues\blues.00066.wav,7caaaf42c4ecb3cdde7bed7dce024078a50423a30309593a0b89b67855c23671,30.013333,included,
250,GTZAN,blues,Blues,0,blues\blues.00067.wav,C:\Genrogram\data\gtzan\genres\blues\blues.00067.wav,fe0a118f8c3b2475fda0cd1404a0ffa40acbe77c52594132b14ffb52faa08cac,30.013333,included,
251,GTZAN,blues,Blues,0,blues\blues.00067.wav,C:\Genrogram\data\gtzan\genres\blues\blues.00067.wav,fe0a118f8c3b2475fda0cd1404a0ffa40acbe77c52594132b14ffb52faa08cac,30.013333,included,
252,GTZAN,blues,Blues,0,blues\blues.00068.wav,C:\Genrogram\data\gtzan\genres\blues\blues.00068.wav,f93f3644094f14445c8be8afbaefed6088999b92692fded9d754ab18fbb38284,30.013333,included,
253,GTZAN,blues,Blues,0,blues\blues.00068.wav,C:\Genrogram\data\gtzan\genres\blues\blues.00068.wav,f93f3644094f14445c8be8afbaefed6088999b92692fded9d754ab18fbb38284,30.013333,included,
254,GTZAN,blues,Blues,0,blues\blues.00069.wav,C:\Genrogram\data\gtzan\genres\blues\blues.00069.wav,3b0fa679e0bf3af16c0aca0aa0e84fcbadbe785a5c8ec94cfdd1fb1d78dbe7ec,30.013333,included,
255,GTZAN,blues,Blues,0,blues\blues.00069.wav,C:\Genrogram\data\gtzan\genres\blues\blues.00069.wav,3b0fa679e0bf3af16c0aca0aa0e84fcbadbe785a5c8ec94cfdd1fb1d78dbe7ec,30.013333,included,
256,GTZAN,blues,Blues,0,blues\blues.00070.wav,C:\Genrogram\data\gtzan\genres\blues\blues.00070.wav,4abcd959a498f561c5cf78293063659cacc143c40abd31f84d180da86417538f,30.013333,included,
257,GTZAN,blues,Blues,0,blues\blues.00070.wav,C:\Genrogram\data\gtzan\genres\blues\blues.00070.wav,4abcd959a498f561c5cf78293063659cacc143c40abd31f84d180da86417538f,30.013333,included,
258,GTZAN,blues,Blues,0,blues\blues.00071.wav,C:\Genrogram\data\gtzan\genres\blues\blues.00071.wav,e17655ea827389f2b255e518604c615b3e8392d36b8950585f04611969d7082e,30.013333,included,
259,GTZAN,blues,Blues,0,blues\blues.00071.wav,C:\Genrogram\data\gtzan\genres\blues\blues.00071.wav,e17655ea827389f2b255e518604c615b3e8392d36b8950585f04611969d7082e,30.013333,included,
260,GTZAN,blues,Blues,0,blues\blues.00072.wav,C:\Genrogram\data\gtzan\genres\blues\blues.00072.wav,5569d23948c9f96dbb6be7ce212eebfce247cc04c0f5735673f1ea37e96a56e5,30.013333,included,
261,GTZAN,blues,Blues,0,blues\blues.00072.wav,C:\Genrogram\data\gtzan\genres\blues\blues.00072.wav,5569d23948c9f96dbb6be7ce212eebfce247cc04c0f5735673f1ea37e96a56e5,30.013333,included,
262,GTZAN,blues,Blues,0,blues\blues.00073.wav,C:\Genrogram\data\gtzan\genres\blues\blues.00073.wav,e255378262c1df869c4a652930788b58d86842150fbc374e31a44afba42695b4,30.013333,included,
263,GTZAN,blues,Blues,0,blues\blues.00073.wav,C:\Genrogram\data\gtzan\genres\blues\blues.00073.wav,e255378262c1df869c4a652930788b58d86842150fbc374e31a44afba42695b4,30.013333,included,
264,GTZAN,blues,Blues,0,blues\blues.00074.wav,C:\Genrogram\data\gtzan\genres\blues\blues.00074.wav,117d9b73570f2a520f60f13c22b78c6d7e062b5b8ccae829696e3926330a391c,30.013333,included,
265,GTZAN,blues,Blues,0,blues\blues.00074.wav,C:\Genrogram\data\gtzan\genres\blues\blues.00074.wav,117d9b73570f2a520f60f13c22b78c6d7e062b5b8ccae829696e3926330a391c,30.013333,included,
266,GTZAN,blues,Blues,0,blues\blues.00075.wav,C:\Genrogram\data\gtzan\genres\blues\blues.00075.wav,d559138d885199eea876bdff25798283186e41a1b10819332f25777e6f01e497,30.013333,included,
267,GTZAN,blues,Blues,0,blues\blues.00075.wav,C:\Genrogram\data\gtzan\genres\blues\blues.00075.wav,d559138d885199eea876bdff25798283186e41a1b10819332f25777e6f01e497,30.013333,included,
268,GTZAN,blues,Blues,0,blues\blues.00076.wav,C:\Genrogram\data\gtzan\genres\blues\blues.00076.wav,0ddc118eb8d90b08a1228cab0924f20e135ade428666f35befdb6d25d2ab8802,30.013333,included,
269,GTZAN,blues,Blues,0,blues\blues.00076.wav,C:\Genrogram\data\gtzan\genres\blues\blues.00076.wav,0ddc118eb8d90b08a1228cab0924f20e135ade428666f35befdb6d25d2ab8802,30.013333,included,
270,GTZAN,blues,Blues,0,blues\blues.00077.wav,C:\Genrogram\data\gtzan\genres\blues\blues.00077.wav,c76951be63c0bd3d3b55ba5ded55f4b5d39b188fa5ca362e1a2368632075ccdb,30.013333,included,
271,GTZAN,blues,Blues,0,blues\blues.00077.wav,C:\Genrogram\data\gtzan\genres\blues\blues.00077.wav,c76951be63c0bd3d3b55ba5ded55f4b5d39b188fa5ca362e1a2368632075ccdb,30.013333,included,
272,GTZAN,blues,Blues,0,blues\blues.00078.wav,C:\Genrogram\data\gtzan\genres\blues\blues.00078.wav,4889cba7e07772508b064806ea67820b0dac38501e6353fd7d0cc57e1c7bac97,30.013333,included,
273,GTZAN,blues,Blues,0,blues\blues.00078.wav,C:\Genrogram\data\gtzan\genres\blues\blues.00078.wav,4889cba7e07772508b064806ea67820b0dac38501e6353fd7d0cc57e1c7bac97,30.013333,included,
274,GTZAN,blues,Blues,0,blues\blues.00079.wav,C:\Genrogram\data\gtzan\genres\blues\blues.00079.wav,ba4f535b80a1cd79d8944721d7afdb5e6dc3734f5210e12d7514f5c4fdc67f3e,30.013333,included,
275,GTZAN,blues,Blues,0,blues\blues.00079.wav,C:\Genrogram\data\gtzan\genres\blues\blues.00079.wav,ba4f535b80a1cd79d8944721d7afdb5e6dc3734f5210e12d7514f5c4fdc67f3e,30.013333,included,
276,GTZAN,blues,Blues,0,blues\blues.00080.wav,C:\Genrogram\data\gtzan\genres\blues\blues.00080.wav,031aeddd207ca8cc592113f4600465207c2e78ae5178bd2f32d85e511d3e54d2,30.013333,included,
277,GTZAN,blues,Blues,0,blues\blues.00080.wav,C:\Genrogram\data\gtzan\genres\blues\blues.00080.wav,031aeddd207ca8cc592113f4600465207c2e78ae5178bd2f32d85e511d3e54d2,30.013333,included,
278,GTZAN,blues,Blues,0,blues\blues.00081.wav,C:\Genrogram\data\gtzan\genres\blues\blues.00081.wav,86a78265ab5782a9676dce5186ab8ff3ecddc24a1481c039a06d826628e93c2c,30.013333,included,
279,GTZAN,blues,Blues,0,blues\blues.00081.wav,C:\Genrogram\data\gtzan\genres\blues\blues.00081.wav,86a78265ab5782a9676dce5186ab8ff3ecddc24a1481c039a06d826628e93c2c,30.013333,included,
280,GTZAN,blues,Blues,0,blues\blues.00082.wav,C:\Genrogram\data\gtzan\genres\blues\blues.00082.wav,2108117dc1cb0d429d15ef99b876ea573093ab84cd57cef1c7cd01bffa949e78,30.013333,included,
281,GTZAN,blues,Blues,0,blues\blues.00082.wav,C:\Genrogram\data\gtzan\genres\blues\blues.00082.wav,2108117dc1cb0d429d15ef99b876ea573093ab84cd57cef1c7cd01bffa949e78,30.013333,included,
282,GTZAN,blues,Blues,0,blues\blues.00083.wav,C:\Genrogram\data\gtzan\genres\blues\blues.00083.wav,d994c4b9c77971a5dccdc114fc7449ff1b04ccda424f91a4d147c6afa793ba05,30.013333,included,
283,GTZAN,blues,Blues,0,blues\blues.00083.wav,C:\Genrogram\data\gtzan\genres\blues\blues.00083.wav,d994c4b9c77971a5dccdc114fc7449ff1b04ccda424f91a4d147c6afa793ba05,30.013333,included,
284,GTZAN,blues,Blues,0,blues\blues.00084.wav,C:\Genrogram\data\gtzan\genres\blues\blues.00084.wav,90ad2b0993a4a2556e13435b06d5f81ba79033f57433995ab3873c9e1ec1ac97,30.013333,included,
285,GTZAN,blues,Blues,0,blues\blues.00084.wav,C:\Genrogram\data\gtzan\genres\blues\blues.00084.wav,90ad2b0993a4a2556e13435b06d5f81ba79033f57433995ab3873c9e1ec1ac97,30.013333,included,
286,GTZAN,blues,Blues,0,blues\blues.00085.wav,C:\Genrogram\data\gtzan\genres\blues\blues.00085.wav,c9f93bb63ee92491c759fd80f08b63cd9154cb2d7337487caa95d94d0b012f9e,30.013333,included,
287,GTZAN,blues,Blues,0,blues\blues.00085.wav,C:\Genrogram\data\gtzan\genres\blues\blues.00085.wav,c9f93bb63ee92491c759fd80f08b63cd9154cb2d7337487caa95d94d0b012f9e,30.013333,included,
288,GTZAN,blues,Blues,0,blues\blues.00086.wav,C:\Genrogram\data\gtzan\genres\blues\blues.00086.wav,89e4a738e5a5f83a6bd9fb8db0696460c80dba2a1f34b4a31bffa44f42f1829f,30.013333,included,
289,GTZAN,blues,Blues,0,blues\blues.00086.wav,C:\Genrogram\data\gtzan\genres\blues\blues.00086.wav,89e4a738e5a5f83a6bd9fb8db0696460c80dba2a1f34b4a31bffa44f42f1829f,30.013333,included,
290,GTZAN,blues,Blues,0,blues\blues.00087.wav,C:\Genrogram\data\gtzan\genres\blues\blues.00087.wav,e32044987e534b425a964de24d85d58bd6aa16bb21afa6f685a1f4c272151f21,30.013333,included,
291,GTZAN,blues,Blues,0,blues\blues.00087.wav,C:\Genrogram\data\gtzan\genres\blues\blues.00087.wav,e32044987e534b425a964de24d85d58bd6aa16bb21afa6f685a1f4c272151f21,30.013333,included,
292,GTZAN,blues,Blues,0,blues\blues.00088.wav,C:\Genrogram\data\gtzan\genres\blues\blues.00088.wav,ce24b2af0f3a1e01b4957fabe10a16ce48ab37a9cb2ce17212b1b6fc359c02d2,30.013333,included,
293,GTZAN,blues,Blues,0,blues\blues.00088.wav,C:\Genrogram\data\gtzan\genres\blues\blues.00088.wav,ce24b2af0f3a1e01b4957fabe10a16ce48ab37a9cb2ce17212b1b6fc359c02d2,30.013333,included,
294,GTZAN,blues,Blues,0,blues\blues.00089.wav,C:\Genrogram\data\gtzan\genres\blues\blues.00089.wav,6f9f5b71dbaa0c50e273873df33b25c3b5bc6afe84c2ca0ad41016afd91446c5,30.013333,included,
295,GTZAN,blues,Blues,0,blues\blues.00089.wav,C:\Genrogram\data\gtzan\genres\blues\blues.00089.wav,6f9f5b71dbaa0c50e273873df33b25c3b5bc6afe84c2ca0ad41016afd91446c5,30.013333,included,
296,GTZAN,blues,Blues,0,blues\blues.00090.wav,C:\Genrogram\data\gtzan\genres\blues\blues.00090.wav,a9346563603aae515c5ba447cd12c351baaa9ffdd29c50a723f1c86d224f9330,30.013333,included,
297,GTZAN,blues,Blues,0,blues\blues.00090.wav,C:\Genrogram\data\gtzan\genres\blues\blues.00090.wav,a9346563603aae515c5ba447cd12c351baaa9ffdd29c50a723f1c86d224f9330,30.013333,included,
298,GTZAN,blues,Blues,0,blues\blues.00091.wav,C:\Genrogram\data\gtzan\genres\blues\blues.00091.wav,004213ca72eb1105912f62bfb1a55fabd67499c07563b93659c6c7e9a882bc3f,30.013333,included,
299,GTZAN,blues,Blues,0,blues\blues.00091.wav,C:\Genrogram\data\gtzan\genres\blues\blues.00091.wav,004213ca72eb1105912f62bfb1a55fabd67499c07563b93659c6c7e9a882bc3f,30.013333,included,
300,GTZAN,blues,Blues,0,blues\blues.00092.wav,C:\Genrogram\data\gtzan\genres\blues\blues.00092.wav,7475dd33e4fc1184dcc7edd9f386fc85c9fcf6b586f2e7bbce43370128cb6f61,30.013333,included,
301,GTZAN,blues,Blues,0,blues\blues.00092.wav,C:\Genrogram\data\gtzan\genres\blues\blues.00092.wav,7475dd33e4fc1184dcc7edd9f386fc85c9fcf6b586f2e7bbce43370128cb6f61,30.013333,included,
302,GTZAN,blues,Blues,0,blues\blues.00093.wav,C:\Genrogram\data\gtzan\genres\blues\blues.00093.wav,5933f9ed9a357ac641acdaa76cccb6bd232b11e9e95f88a94c8ecd261d3d0815,30.013333,included,
303,GTZAN,blues,Blues,0,blues\blues.00093.wav,C:\Genrogram\data\gtzan\genres\blues\blues.00093.wav,5933f9ed9a357ac641acdaa76cccb6bd232b11e9e95f88a94c8ecd261d3d0815,30.013333,included,
304,GTZAN,blues,Blues,0,blues\blues.00094.wav,C:\Genrogram\data\gtzan\genres\blues\blues.00094.wav,2855027bff2e7df8c76aba066b90a98c4e20e50563c5a435ff10e9a4c367b4b6,30.013333,included,
305,GTZAN,blues,Blues,0,blues\blues.00094.wav,C:\Genrogram\data\gtzan\genres\blues\blues.00094.wav,2855027bff2e7df8c76aba066b90a98c4e20e50563c5a435ff10e9a4c367b4b6,30.013333,included,
306,GTZAN,blues,Blues,0,blues\blues.00095.wav,C:\Genrogram\data\gtzan\genres\blues\blues.00095.wav,2533b53feeddb25f95f5be99737c462cb4460ced4c63978fef9d06b800bfac40,30.013333,included,
307,GTZAN,blues,Blues,0,blues\blues.00095.wav,C:\Genrogram\data\gtzan\genres\blues\blues.00095.wav,2533b53feeddb25f95f5be99737c462cb4460ced4c63978fef9d06b800bfac40,30.013333,included,
308,GTZAN,blues,Blues,0,blues\blues.00096.wav,C:\Genrogram\data\gtzan\genres\blues\blues.00096.wav,59142dfa321d224fb0245f19904a7d3992d1a9a469805e303cb073956766c3cb,30.013333,included,
309,GTZAN,blues,Blues,0,blues\blues.00096.wav,C:\Genrogram\data\gtzan\genres\blues\blues.00096.wav,59142dfa321d224fb0245f19904a7d3992d1a9a469805e303cb073956766c3cb,30.013333,included,
310,GTZAN,blues,Blues,0,blues\blues.00097.wav,C:\Genrogram\data\gtzan\genres\blues\blues.00097.wav,5eda6c1539a3562ded088f06e47cb111c44ab61ad816a64f0f880a2bc50fcabe,30.013333,included,
311,GTZAN,blues,Blues,0,blues\blues.00097.wav,C:\Genrogram\data\gtzan\genres\blues\blues.00097.wav,5eda6c1539a3562ded088f06e47cb111c44ab61ad816a64f0f880a2bc50fcabe,30.013333,included,
312,GTZAN,blues,Blues,0,blues\blues.00098.wav,C:\Genrogram\data\gtzan\genres\blues\blues.00098.wav,f6aa053eee4e5465cf4946e30092639cb3e7dfc7865ad4afec57ca6008afeca0,30.013333,included,
313,GTZAN,blues,Blues,0,blues\blues.00098.wav,C:\Genrogram\data\gtzan\genres\blues\blues.00098.wav,f6aa053eee4e5465cf4946e30092639cb3e7dfc7865ad4afec57ca6008afeca0,30.013333,included,
314,GTZAN,blues,Blues,0,blues\blues.00099.wav,C:\Genrogram\data\gtzan\genres\blues\blues.00099.wav,84741a850273728e9759c4385277c1eb30957cbe071bd2a0d5be90c6885a05df,30.013333,included,
315,GTZAN,blues,Blues,0,blues\blues.00099.wav,C:\Genrogram\data\gtzan\genres\blues\blues.00099.wav,84741a850273728e9759c4385277c1eb30957cbe071bd2a0d5be90c6885a05df,30.013333,included,
316,Navrasa,Bollywood,Bollywood,15,Bollywood\India\Bollywood\9xmEra_-_Bollywood_Love_Rewind_Evergreen_Romantic_Songs_Collection.wav,C:\Genrogram\data\expanded_raw\Bollywood\India\Bollywood\9xmEra_-_Bollywood_Love_Rewind_Evergreen_Romantic_Songs_Collection.wav,efc6ca1bc7959815e9e68d435e43a12352118d818f0dcb78266c3b7a1b5bae1d,30.000000,included,
317,Navrasa,Bollywood,Bollywood,15,Bollywood\India\Bollywood\ADV_Creations_-_2010_2019_Bollywood_Party_Hits_Evolution_Of_2010s_Era_Party_Songs.wav,C:\Genrogram\data\expanded_raw\Bollywood\India\Bollywood\ADV_Creations_-_2010_2019_Bollywood_Party_Hits_Evolution_Of_2010s_Era_Party_Songs.wav,34ca2e2560ba78d9516a413cf4a7fdfba6bb49fdf7b95713958e6234c8c55a4e,0.762041,included,
318,Navrasa,Bollywood,Bollywood,15,Bollywood\India\Bollywood\ADV_Creations_-_Instagram_Reels_Viral_Indian_Songs_2025_All_In_One_Trending_Viral_Songs_India_2025.wav,C:\Genrogram\data\expanded_raw\Bollywood\India\Bollywood\ADV_Creations_-_Instagram_Reels_Viral_Indian_Songs_2025_All_In_One_Trending_Viral_Songs_India_2025.wav,af3adc7c323783cf6cb7729cc8cde3c338d9386990e3d8beff923178d39ba722,30.000000,included,
319,Navrasa,Bollywood,Bollywood,15,Bollywood\India\Bollywood\ADV_Creations_-_Top_100_Bollywood_Dance_Songs_Of_All_Time_Bollywood_Party_Dance_Hits.wav,C:\Genrogram\data\expanded_raw\Bollywood\India\Bollywood\ADV_Creations_-_Top_100_Bollywood_Dance_Songs_Of_All_Time_Bollywood_Party_Dance_Hits.wav,dda367c4149c6511d3ce51896d14426c61cb0680bf4793d6cd434c1f7d6cec56,30.000000,included,
320,Navrasa,Bollywood,Bollywood,15,Bollywood\India\Bollywood\Aarushi_Sings_-_Full_Album_The_Best_Bollywood_Saiyaara_Teri_Meri_Kahani_Cover_Aarushi_Sings.wav,C:\Genrogram\data\expanded_raw\Bollywood\India\Bollywood\Aarushi_Sings_-_Full_Album_The_Best_Bollywood_Saiyaara_Teri_Meri_Kahani_Cover_Aarushi_Sings.wav,e8e874202ede5a029fd384664f6d7b41ccc90853fa21a1ffaa9fb167b5675b27,30.000000,included,
321,Navrasa,Bollywood,Bollywood,15,Bollywood\India\Bollywood\Amit_Kumar_-_Bole_Chudiyan.wav,C:\Genrogram\data\expanded_raw\Bollywood\India\Bollywood\Amit_Kumar_-_Bole_Chudiyan.wav,d568b4accdc027f29d299452fa457c823c03baa5d0bdc6f9a962d4f67d64e766,30.000000,included,
322,Navrasa,Bollywood,Bollywood,15,Bollywood\India\Bollywood\Anishas_Diary_-_90s_Love_Songs_Bollywood_Hindi_Romantic_Songs_90s_Evergreen_Songs_Evergreen_Bollywood_Hits.wav,C:\Genrogram\data\expanded_raw\Bollywood\India\Bollywood\Anishas_Diary_-_90s_Love_Songs_Bollywood_Hindi_Romantic_Songs_90s_Evergreen_Songs_Evergreen_Bollywood_Hits.wav,7a18078764487ad410fcc667b1ff3edb911d187c562c19faf55be0c422bb02c4,30.000000,included,
323,Navrasa,Bollywood,Bollywood,15,Bollywood\India\Bollywood\Arijit_Singh_-_Aavan_Jaavan.wav,C:\Genrogram\data\expanded_raw\Bollywood\India\Bollywood\Arijit_Singh_-_Aavan_Jaavan.wav,9caf45d667658a8f05b0e0722f2c24395b0bd796284837a889ee098c3bb4d924,30.000000,included,
324,Navrasa,Bollywood,Bollywood,15,Bollywood\India\Bollywood\BC_Childrens_Hospital_Foundation_-_Bollywood_Music_Video.wav,C:\Genrogram\data\expanded_raw\Bollywood\India\Bollywood\BC_Childrens_Hospital_Foundation_-_Bollywood_Music_Video.wav,85673e673ed70f125f458c85be540eef8564fbcac76f0dee559fa64367b8666e,30.000000,included,
325,Navrasa,Bollywood,Bollywood,15,Bollywood\India\Bollywood\BOLLY_DHUN_-_DIL_KI_AAWAZ_Soul_Full_Song_Best_Bollywood_Songs_Heart_Touching_Song_By_Bolly_Dhun_2025.wav,C:\Genrogram\data\expanded_raw\Bollywood\India\Bollywood\BOLLY_DHUN_-_DIL_KI_AAWAZ_Soul_Full_Song_Best_Bollywood_Songs_Heart_Touching_Song_By_Bolly_Dhun_2025.wav,246e5c1ea0da95f4f97ecf23c7205077462cddb43ae17a6f98eb5c4e5d8c0a1f,30.000000,included,
326,Navrasa,Bollywood,Bollywood,15,Bollywood\India\Bollywood\Bihari_carry_vlog_-_Saiyaara_Full_Song_Audio_Jukebox_InCinemas_Now_New_Music_Album_2025_New_Movie_Song.wav,C:\Genrogram\data\expanded_raw\Bollywood\India\Bollywood\Bihari_carry_vlog_-_Saiyaara_Full_Song_Audio_Jukebox_InCinemas_Now_New_Music_Album_2025_New_Movie_Song.wav,399a3d13a9b756d9fec958d0e3c09019646bd590d57341413ff712986c0b3182,30.000000,included,
327,Navrasa,Bollywood,Bollywood,15,Bollywood\India\Bollywood\Bikram_Malati_-_Tere_Vaaste.wav,C:\Genrogram\data\expanded_raw\Bollywood\India\Bollywood\Bikram_Malati_-_Tere_Vaaste.wav,bdef0eefdd8e5d25de3731c364fa344f416c210444dc9b3b63eadcc523e5c990,30.000000,included,
328,Navrasa,Bollywood,Bollywood,15,Bollywood\India\Bollywood\Bollysongs_Destination_-_TOP_200_Dance_Hits_of_Bollywood_Of_All_Time_Bollywood_Dance_Songs.wav,C:\Genrogram\data\expanded_raw\Bollywood\India\Bollywood\Bollysongs_Destination_-_TOP_200_Dance_Hits_of_Bollywood_Of_All_Time_Bollywood_Dance_Songs.wav,3a1e94c14c472214ae774ac8d057a3c80d6e8218bf902ecd86ebaa85f515ffb0,30.000000,included,
329,Navrasa,Bollywood,Bollywood,15,Bollywood\India\Bollywood\Bollysongs_status_-_Top_100_Dance_Hits_Of_Bollywood_Of_All_Time_Bollywood_Dance_Songs_PART_1.wav,C:\Genrogram\data\expanded_raw\Bollywood\India\Bollywood\Bollysongs_status_-_Top_100_Dance_Hits_Of_Bollywood_Of_All_Time_Bollywood_Dance_Songs_PART_1.wav,d0d0632c7268721635345cadd18404d2cf5fcc0ef39f041d74a3ab4a7c73814b,30.000000,included,
330,Navrasa,Bollywood,Bollywood,15,Bollywood\India\Bollywood\BollywoodRetroSur_-_Best_Bollywood_Love_Songs_of_the_90s_Timeless_Romantic_Classics.wav,C:\Genrogram\data\expanded_raw\Bollywood\India\Bollywood\BollywoodRetroSur_-_Best_Bollywood_Love_Songs_of_the_90s_Timeless_Romantic_Classics.wav,4ca833cf6eac057693e1b8579f06ddf9249a8c7ceb095c0443e592c0acf0320e,30.000000,included,
331,Navrasa,Bollywood,Bollywood,15,Bollywood\India\Bollywood\Bollywood_Chartbusters_-_LONG_DRIVE_Bollywood_Mix_Arijit_Singh_Full_Album_2_Hour_Nonstop_Apna_Bana_Le_Zaalima_More.wav,C:\Genrogram\data\expanded_raw\Bollywood\India\Bollywood\Bollywood_Chartbusters_-_LONG_DRIVE_Bollywood_Mix_Arijit_Singh_Full_Album_2_Hour_Nonstop_Apna_Bana_Le_Zaalima_More.wav,d7fc21880cb7e8ea3279ffd76011e5596b2af0dc0a19e13cb69f2cd75c2ce415,30.000000,included,
332,Navrasa,Bollywood,Bollywood,15,Bollywood\India\Bollywood\Bollywood_Classics_-_Best_of_SALMAN_KHAN_Songs_Superhit_Bollywood_Hindi_Movie_Songs_Collection.wav,C:\Genrogram\data\expanded_raw\Bollywood\India\Bollywood\Bollywood_Classics_-_Best_of_SALMAN_KHAN_Songs_Superhit_Bollywood_Hindi_Movie_Songs_Collection.wav,2af4f8448d0fde8347434a3fcba61316f350610de2db1eefec5e6a6e2031b695,30.000000,included,
333,Navrasa,Bollywood,Bollywood,15,Bollywood\India\Bollywood\Bollywood_Classics_-_Bollywood_Queens_Popular_Hindi_Songs_90s_Bollywood_Heroines_Womens_Day_Special_Jukebox.wav,C:\Genrogram\data\expanded_raw\Bollywood\India\Bollywood\Bollywood_Classics_-_Bollywood_Queens_Popular_Hindi_Songs_90s_Bollywood_Heroines_Womens_Day_Special_Jukebox.wav,f8107f6ffd549f22bb0eabfc78f6d88b527d221244ecd2e2249d8d6e155f8059,30.000000,included,
334,Navrasa,Bollywood,Bollywood,15,Bollywood\India\Bollywood\Bollywood_Dhamaka_-_90s_Love_Songs_Bollywood_Evergreen_90s_Love_Songs_90s_Hits_Hindi_Songs_Audio_Jukebox.wav,C:\Genrogram\data\expanded_raw\Bollywood\India\Bollywood\Bollywood_Dhamaka_-_90s_Love_Songs_Bollywood_Evergreen_90s_Love_Songs_90s_Hits_Hindi_Songs_Audio_Jukebox.wav,6c79947216466a040e0c235291fa80d07201db0c3427426cdf3f41dbca6b4b65,30.000000,included,
335,Navrasa,Bollywood,Bollywood,15,Bollywood\India\Bollywood\Bollywood_Hits_-_Non_Stop_Bollywood_Party_Songs_Video_Jukebox_Dance_Songs_Party_Songs_Hindi_Party_On_My_Mind.wav,C:\Genrogram\data\expanded_raw\Bollywood\India\Bollywood\Bollywood_Hits_-_Non_Stop_Bollywood_Party_Songs_Video_Jukebox_Dance_Songs_Party_Songs_Hindi_Party_On_My_Mind.wav,9b4fae60a36687e4bc1344a02c983da4191c388f1e070224ac6af8b8f756c6ff,30.000000,included,
336,Navrasa,Bollywood,Bollywood,15,Bollywood\India\Bollywood\Bollywood_Soulstrings_-_Hindi_Love_Songs_90s_Best_Bollywood_Romantic_Hits.wav,C:\Genrogram\data\expanded_raw\Bollywood\India\Bollywood\Bollywood_Soulstrings_-_Hindi_Love_Songs_90s_Best_Bollywood_Romantic_Hits.wav,1b509654b30d021a24de0cf757fe04a71f725ef30be9c055e2e9337ad9d0facd,30.000000,included,
337,Navrasa,Bollywood,Bollywood,15,Bollywood\India\Bollywood\DJ_Arjun_Official_-_BEST_Bollywood_Techno_Party_DJ_Arjun_Live_Set_Sunday_Groove_EP_24_MASHUP_2025_BEST_TECHNO.wav,C:\Genrogram\data\expanded_raw\Bollywood\India\Bollywood\DJ_Arjun_Official_-_BEST_Bollywood_Techno_Party_DJ_Arjun_Live_Set_Sunday_Groove_EP_24_MASHUP_2025_BEST_TECHNO.wav,548fd4350ddce5108f0281cda5bccee47212739ff44ddb0706629b00b0dba7ea,30.000000,included,
338,Navrasa,Bollywood,Bollywood,15,Bollywood\India\Bollywood\DJ_NYK_-_DJ_NYK_Bollywood_Sunset_Mix_Italy_at_Vernazza_Cinque_Terre_2023.wav,C:\Genrogram\data\expanded_raw\Bollywood\India\Bollywood\DJ_NYK_-_DJ_NYK_Bollywood_Sunset_Mix_Italy_at_Vernazza_Cinque_Terre_2023.wav,7fb4be308d35332fd45535a0de08f7084ec91d6256ab05bfd3e18d836ae04166,30.000000,included,
339,Navrasa,Bollywood,Bollywood,15,Bollywood\India\Bollywood\DJ_RAV_UK_-_Bollywood_Mashup_2025_Bollywood_Songs_2025_Bollywood_Original_Songs_Bollywood_Mix_2025.wav,C:\Genrogram\data\expanded_raw\Bollywood\India\Bollywood\DJ_RAV_UK_-_Bollywood_Mashup_2025_Bollywood_Songs_2025_Bollywood_Original_Songs_Bollywood_Mix_2025.wav,ce9616b7629abfa1de11a4077602fea23869778058f658ac19eeec4b45ba38c5,30.000000,included,
340,Navrasa,Bollywood,Bollywood,15,Bollywood\India\Bollywood\DJ_RAV_UK_-_Bollywood_Original_Songs_Mashup_2024_Bollywood_Mashup_2024_Bollywood_Mix_2024_Bollywood_Songs.wav,C:\Genrogram\data\expanded_raw\Bollywood\India\Bollywood\DJ_RAV_UK_-_Bollywood_Original_Songs_Mashup_2024_Bollywood_Mashup_2024_Bollywood_Mix_2024_Bollywood_Songs.wav,3cf4b62cef5f4841cd3590c993904b667f6f44dbae614cc094b2a51d3ca449cb,30.000000,included,
341,Navrasa,Bollywood,Bollywood,15,Bollywood\India\Bollywood\DJ_Rhythm_Vibes_-_Best_Bollywood_Item_Songs_Hindi_Party_Dance_Hits_Video_Jukebox.wav,C:\Genrogram\data\expanded_raw\Bollywood\India\Bollywood\DJ_Rhythm_Vibes_-_Best_Bollywood_Item_Songs_Hindi_Party_Dance_Hits_Video_Jukebox.wav,a0f5054afa9f032f54c2cfe308ae72853509dccb25b017cec848363e93bcf2d9,30.000000,included,
342,Navrasa,Bollywood,Bollywood,15,Bollywood\India\Bollywood\DJ_Ryo_-_Old_Indian_Mix_Old_Is_Gold.wav,C:\Genrogram\data\expanded_raw\Bollywood\India\Bollywood\DJ_Ryo_-_Old_Indian_Mix_Old_Is_Gold.wav,dcc35d3158678d509b1f9c1899f16f6fc5a07cf26148e128c6f5dfa1fe65b0e6,30.000000,included,
343,Navrasa,Bollywood,Bollywood,15,Bollywood\India\Bollywood\Deep_Inside_-_BEST_BOLLYWOOD_INSTRUMENTAL_RELAXING_COLLECTION.wav,C:\Genrogram\data\expanded_raw\Bollywood\India\Bollywood\Deep_Inside_-_BEST_BOLLYWOOD_INSTRUMENTAL_RELAXING_COLLECTION.wav,062a9b44a084c49390be0dbcda8fea5203cf2ff4820b0a1a82eec93a0772a8e8,30.000000,included,
344,Navrasa,Bollywood,Bollywood,15,Bollywood\India\Bollywood\DilSeRetroMelody_-_90s_Old_Hindi_Songs_Best_Bollywood_Romantic_Love_Songs_Collection.wav,C:\Genrogram\data\expanded_raw\Bollywood\India\Bollywood\DilSeRetroMelody_-_90s_Old_Hindi_Songs_Best_Bollywood_Romantic_Love_Songs_Collection.wav,fc674826aa893d9f5cd0c22fbcbf32f262b08415d3f8a560ac4eb0f9ed36f6d8,30.000000,included,
345,Navrasa,Bollywood,Bollywood,15,Bollywood\India\Bollywood\EFE_BONANZA_3_-_Top_5_Remake_Songs_That_Beat_the_Original_Versions_shorts_explore_trendingnow.wav,C:\Genrogram\data\expanded_raw\Bollywood\India\Bollywood\EFE_BONANZA_3_-_Top_5_Remake_Songs_That_Beat_the_Original_Versions_shorts_explore_trendingnow.wav,a8176b5fc0d7a5b7813f197c7b7b4c46fbbfaba876d56d52afdbc5b39ee9afe6,3.200136,included,
346,Navrasa,Bollywood,Bollywood,15,Bollywood\India\Bollywood\Ekram_Pradhan_-_Koi_Aur_Nahi.wav,C:\Genrogram\data\expanded_raw\Bollywood\India\Bollywood\Ekram_Pradhan_-_Koi_Aur_Nahi.wav,46319c3a949c0b230c0034f461965862da1edadfce954aca71a946440af16714,30.000000,included,
347,Navrasa,Bollywood,Bollywood,15,Bollywood\India\Bollywood\Faheem_Abdullah_-_Saiyaara.wav,C:\Genrogram\data\expanded_raw\Bollywood\India\Bollywood\Faheem_Abdullah_-_Saiyaara.wav,4f5993b4ce0bb53439bd58e70d3c66ae0403db657382c67651903b136bcf3065,30.000000,included,
348,Navrasa,Bollywood,Bollywood,15,Bollywood\India\Bollywood\Feel_Arijit_Songs_-_Romantic_Love_Songs_Best_Bollywood_Audio_Jukebox_Heart_Touching_Hits_2025.wav,C:\Genrogram\data\expanded_raw\Bollywood\India\Bollywood\Feel_Arijit_Songs_-_Romantic_Love_Songs_Best_Bollywood_Audio_Jukebox_Heart_Touching_Hits_2025.wav,ae94db8ab7a92b8545c7d01fe553fa17771776ba18b5d2a88533bd9d05a7cfff,30.000000,included,
349,Navrasa,Bollywood,Bollywood,15,Bollywood\India\Bollywood\Gillz_Guitar_-_Hits_of_Lata_Mangeshkar_music_instrumental_india_hindisong_bollywoodmusic_latamangeshkar.wav,C:\Genrogram\data\expanded_raw\Bollywood\India\Bollywood\Gillz_Guitar_-_Hits_of_Lata_Mangeshkar_music_instrumental_india_hindisong_bollywoodmusic_latamangeshkar.wav,af7fbe8ee633ea720d59e2120dacbbe00ea484bdceddca6d3d2fbfb75a6972d3,30.000000,included,
350,Navrasa,Bollywood,Bollywood,15,Bollywood\India\Bollywood\Grow_Music_-_New_Popular_Songs_Top_Trending_Romantic_Songs_New_Songs_2025_Latest_Hindi_Love_Songs_Jukebox.wav,C:\Genrogram\data\expanded_raw\Bollywood\India\Bollywood\Grow_Music_-_New_Popular_Songs_Top_Trending_Romantic_Songs_New_Songs_2025_Latest_Hindi_Love_Songs_Jukebox.wav,b73dadfc300db61a682785c1fa0c0c2485df1bcf74e4e8d54422999fe13395ad,30.000000,included,
351,Navrasa,Bollywood,Bollywood,15,Bollywood\India\Bollywood\Gulap_Rwt_-_Jubin_Nautiyal_All_Time_Best_Bollywood_Songs_Superhit_Romantic_Love_Song.wav,C:\Genrogram\data\expanded_raw\Bollywood\India\Bollywood\Gulap_Rwt_-_Jubin_Nautiyal_All_Time_Best_Bollywood_Songs_Superhit_Romantic_Love_Song.wav,a7e0ca2084e79ead746b082c83b83dca21f102aaf960c0f2c7554576fda29074,30.000000,included,
352,Navrasa,Bollywood,Bollywood,15,Bollywood\India\Bollywood\HINDI_FUSION_WAVES_-_New_Hindi_Songs_2025_Best_Bollywood_Romantic_Hits_Arijit_Singh_Jubin_Nautiyal_Atif_Aslam.wav,C:\Genrogram\data\expanded_raw\Bollywood\India\Bollywood\HINDI_FUSION_WAVES_-_New_Hindi_Songs_2025_Best_Bollywood_Romantic_Hits_Arijit_Singh_Jubin_Nautiyal_Atif_Aslam.wav,1188abfa5eff6145e47e1c1df09c46bc2d6bc3248420f2f7cf43038139039adc,30.000000,included,
353,Navrasa,Bollywood,Bollywood,15,Bollywood\India\Bollywood\HINDI_FUSION_WAVES_-_New_Hindi_Songs_2025_Best_of_Arijit_Singh_Jubin_Nautiyal_Atif_Aslam_Darshan_Raval.wav,C:\Genrogram\data\expanded_raw\Bollywood\India\Bollywood\HINDI_FUSION_WAVES_-_New_Hindi_Songs_2025_Best_of_Arijit_Singh_Jubin_Nautiyal_Atif_Aslam_Darshan_Raval.wav,22cb9d37a62972305c2ae576c2b27be8a5c2a4a0d456c35d30eff26fdf56acbe,30.000000,included,
354,Navrasa,Bollywood,Bollywood,15,Bollywood\India\Bollywood\Hero_And_King_Of_Jhankar_Studio_-_O_Mere_Dil_Ke_Chain_Jhankar_Beats.wav,C:\Genrogram\data\expanded_raw\Bollywood\India\Bollywood\Hero_And_King_Of_Jhankar_Studio_-_O_Mere_Dil_Ke_Chain_Jhankar_Beats.wav,07a450f4730f2f7cf23bf659bef949e2c4939b851b42d8796a0bcb54de46314b,30.000000,included,
355,Navrasa,Bollywood,Bollywood,15,Bollywood\India\Bollywood\Hindi_Bollywood_Romantic_Songs_-_The_Love_Mashup_2020_Best_Of_Bollywood_Mashup_Songs_Mashup_SongsNew_Hindi_Song.wav,C:\Genrogram\data\expanded_raw\Bollywood\India\Bollywood\Hindi_Bollywood_Romantic_Songs_-_The_Love_Mashup_2020_Best_Of_Bollywood_Mashup_Songs_Mashup_SongsNew_Hindi_Song.wav,d72091a0682e8a239c73800462fb99a141d4e431c1a644861852620f5333b1c1,30.000000,included,
356,Navrasa,Bollywood,Bollywood,15,Bollywood\India\Bollywood\Hindi_Love_Vibes_-_New_Hindi_Songs_2025_Best_Bollywood_Romantic_Love_Songs_Hindi_Love_Vibes.wav,C:\Genrogram\data\expanded_raw\Bollywood\India\Bollywood\Hindi_Love_Vibes_-_New_Hindi_Songs_2025_Best_Bollywood_Romantic_Love_Songs_Hindi_Love_Vibes.wav,76349f13b68ad9d17b0121f1798c89118627c13e8a49777192172e0022e1633c,30.000000,included,
357,Navrasa,Bollywood,Bollywood,15,Bollywood\India\Bollywood\Itz_dhruv_-_Lag_Ja_Gale_Se_Phir_Lofi.wav,C:\Genrogram\data\expanded_raw\Bollywood\India\Bollywood\Itz_dhruv_-_Lag_Ja_Gale_Se_Phir_Lofi.wav,4b6c42f5dc2b5059524ffad9c928e2ea89b5401b4144aee875447642d3b8d243,30.000000,included,
358,Navrasa,Bollywood,Bollywood,15,Bollywood\India\Bollywood\Jasmin_Walia_-_T_Series_Top_15_Most_Searched_Bollywood_Songs_2018_Video_Jukebox.wav,C:\Genrogram\data\expanded_raw\Bollywood\India\Bollywood\Jasmin_Walia_-_T_Series_Top_15_Most_Searched_Bollywood_Songs_2018_Video_Jukebox.wav,2722c88f382a299c18f3d3abb61d52c0074b4f8f406a49692e70646d5ae84793,30.000000,included,
359,Navrasa,Bollywood,Bollywood,15,Bollywood\India\Bollywood\Jonita_Gandhi_Umesh_Verma_Arijit_Singh_-_What_Jhumka_Remix.wav,C:\Genrogram\data\expanded_raw\Bollywood\India\Bollywood\Jonita_Gandhi_Umesh_Verma_Arijit_Singh_-_What_Jhumka_Remix.wav,6ae0bda66eb000b0923b30ef2f9342795b0e6f997488adea7efe56797dc5a98e,30.000000,included,
360,Navrasa,Bollywood,Bollywood,15,Bollywood\India\Bollywood\Karan_Aujla_-_Tauba_Tauba.wav,C:\Genrogram\data\expanded_raw\Bollywood\India\Bollywood\Karan_Aujla_-_Tauba_Tauba.wav,ac5e0ce9ffa800d8084425d88e7a54836575b3637b531e6597e7a0606f6daf8b,30.000000,included,
361,Navrasa,Bollywood,Bollywood,15,Bollywood\India\Bollywood\Kavita_Krishnamurthy_-_Dola_Re_Dola_Re.wav,C:\Genrogram\data\expanded_raw\Bollywood\India\Bollywood\Kavita_Krishnamurthy_-_Dola_Re_Dola_Re.wav,b66ee629f488fc374e512dbf1050e928a67c6e6a07f39ae8b6ec7163a30787fd,30.000000,included,
362,Navrasa,Bollywood,Bollywood,15,Bollywood\India\Bollywood\Komal_Sikka_-_Top_5_Bollywood_Hits_Of_Each_Year_2000_2009.wav,C:\Genrogram\data\expanded_raw\Bollywood\India\Bollywood\Komal_Sikka_-_Top_5_Bollywood_Hits_Of_Each_Year_2000_2009.wav,17a67e9079ed84d31efebdb4f058ba33326701c815b7f2126cf0311d57590fb5,30.000000,included,
363,Navrasa,Bollywood,Bollywood,15,Bollywood\India\Bollywood\Love_king_-_New_Song_2025_Best_Bollywood_Song_Romantic_Song_Love_Song_Romantic_Song_Heart_Touching_Song.wav,C:\Genrogram\data\expanded_raw\Bollywood\India\Bollywood\Love_king_-_New_Song_2025_Best_Bollywood_Song_Romantic_Song_Love_Song_Romantic_Song_Heart_Touching_Song.wav,930d92412e895bd9426e922c92304360b4707890e94041a7546488a756ef194d,30.000000,included,
364,Navrasa,Bollywood,Bollywood,15,Bollywood\India\Bollywood\MLOBD_-_Udit_Narayan_Top_10_Super_hit_Songs_Most_Popular.wav,C:\Genrogram\data\expanded_raw\Bollywood\India\Bollywood\MLOBD_-_Udit_Narayan_Top_10_Super_hit_Songs_Most_Popular.wav,7573e798ad1c0438c7c55e8059eb4995087f7ab0dba3bcf2dfc6e27a77ce444a,0.135102,included,
365,Navrasa,Bollywood,Bollywood,15,Bollywood\India\Bollywood\Manan_mp3_-_Best_Of_Arijit_Singh_Arijit_Singh_hits_song_30min_of_NonStop_Bollywood_Sad_Songs_SlowedReverb.wav,C:\Genrogram\data\expanded_raw\Bollywood\India\Bollywood\Manan_mp3_-_Best_Of_Arijit_Singh_Arijit_Singh_hits_song_30min_of_NonStop_Bollywood_Sad_Songs_SlowedReverb.wav,3429e94f6d3c731ed7a7ad82171d53b11171131ccc29781b0653033c9f64a803,30.000000,included,
366,Navrasa,Bollywood,Bollywood,15,Bollywood\India\Bollywood\Mandeep_Dildaar_-_90S_Old_Hindi_Songs_90s_Love_Song_Udit_Narayan_Alka_Yagnik_Kumar_Sanu_Sonu_Nigam.wav,C:\Genrogram\data\expanded_raw\Bollywood\India\Bollywood\Mandeep_Dildaar_-_90S_Old_Hindi_Songs_90s_Love_Song_Udit_Narayan_Alka_Yagnik_Kumar_Sanu_Sonu_Nigam.wav,00315a02dbd521bc1541049dc6ed0d7609cbeaa77bd679dbfb81223c7af36eed,30.000000,included,
367,Navrasa,Bollywood,Bollywood,15,Bollywood\India\Bollywood\Ollywood_Music_-_Hey_Jagare_Full_Video_OdiaJagannath_Bhajan_SatyaChiku_Rahul_Sourav_Bharadwaj_ManojMK_I.wav,C:\Genrogram\data\expanded_raw\Bollywood\India\Bollywood\Ollywood_Music_-_Hey_Jagare_Full_Video_OdiaJagannath_Bhajan_SatyaChiku_Rahul_Sourav_Bharadwaj_ManojMK_I.wav,d409d00cd0fce78ba92d6fcc0c5d72218a5677c6ef4d4e9787c89d60e104686a,30.000000,included,
368,Navrasa,Bollywood,Bollywood,15,Bollywood\India\Bollywood\Remix_By_AD7_-_Best_Romantic_Bollywood_Hits_Heart_Touching_Love_Song_Playlist.wav,C:\Genrogram\data\expanded_raw\Bollywood\India\Bollywood\Remix_By_AD7_-_Best_Romantic_Bollywood_Hits_Heart_Touching_Love_Song_Playlist.wav,980fb03dcba925dc4ecc9eea1b10cb75ad85123d8ac4c418619a1255289d175a,30.000000,included,
369,Navrasa,Bollywood,Bollywood,15,Bollywood\India\Bollywood\Remix_By_AD7_-_Best_Romantic_Bollywood_Songs_Heart_Touching_True_Love_Hits.wav,C:\Genrogram\data\expanded_raw\Bollywood\India\Bollywood\Remix_By_AD7_-_Best_Romantic_Bollywood_Songs_Heart_Touching_True_Love_Hits.wav,8b640e03f83850a6f368a04e7885088ed7c9494cd5775900b3b10d04b2bc6694,30.000000,included,
370,Navrasa,Bollywood,Bollywood,15,Bollywood\India\Bollywood\Romance_Sur_-_Best_Romantic_Bollywood_Songs_Heart_Touching_True_Love_Hits_2026.wav,C:\Genrogram\data\expanded_raw\Bollywood\India\Bollywood\Romance_Sur_-_Best_Romantic_Bollywood_Songs_Heart_Touching_True_Love_Hits_2026.wav,dbce59d52ea42d83c3f4fe6d72d3b6770295a279cee9d719b1e7922063a50474,30.000000,included,
371,Navrasa,Bollywood,Bollywood,15,Bollywood\India\Bollywood\Romantic_Gaane_-_NON_STOP_Old_Hindi_Songs_Playlist_Lata_Mangeshkar_Kishore_Kumar_Mohd_Rafi_Mukesh_Asha_Bhosle.wav,C:\Genrogram\data\expanded_raw\Bollywood\India\Bollywood\Romantic_Gaane_-_NON_STOP_Old_Hindi_Songs_Playlist_Lata_Mangeshkar_Kishore_Kumar_Mohd_Rafi_Mukesh_Asha_Bhosle.wav,4d1b69c4f97852d75389b846ac0343f3a38d945e5a304b89c89121634706689d,30.000000,included,
372,Navrasa,Bollywood,Bollywood,15,Bollywood\India\Bollywood\Sanam_Creates_-_Top_100_Best_Bollywood_Songs_19901999_10_Songs_Per_Year.wav,C:\Genrogram\data\expanded_raw\Bollywood\India\Bollywood\Sanam_Creates_-_Top_100_Best_Bollywood_Songs_19901999_10_Songs_Per_Year.wav,d996a3acc96d6ea366b4cadcf6a459d242b2e2dabfbfbcb068d9c249a7b6f27f,30.000000,included,
373,Navrasa,Bollywood,Bollywood,15,Bollywood\India\Bollywood\Sanam_Creates_-_Top_100_Best_Bollywood_Songs_20002009_10_Songs_Per_Year.wav,C:\Genrogram\data\expanded_raw\Bollywood\India\Bollywood\Sanam_Creates_-_Top_100_Best_Bollywood_Songs_20002009_10_Songs_Per_Year.wav,c3b88c17b0bc994e16cf2dbb73c54ef497582cc1d984eeff5c450247bcf6bfd7,30.000000,included,
374,Navrasa,Bollywood,Bollywood,15,Bollywood\India\Bollywood\Sanam_Verse_-_Best_of_Bollywood_1990_2024_5_Songs_Per_Year_Sanam_Verse.wav,C:\Genrogram\data\expanded_raw\Bollywood\India\Bollywood\Sanam_Verse_-_Best_of_Bollywood_1990_2024_5_Songs_Per_Year_Sanam_Verse.wav,142cb2fd2d3447081df2ff050b31bb0c40956afd00fb1792e2b9e7986f508951,30.000000,included,
375,Navrasa,Bollywood,Bollywood,15,Bollywood\India\Bollywood\Sanam_Verse_-_Best_of_Bollywood_1990_2024_Part_2_5_Songs_Per_Year_Sanam_Verse.wav,C:\Genrogram\data\expanded_raw\Bollywood\India\Bollywood\Sanam_Verse_-_Best_of_Bollywood_1990_2024_Part_2_5_Songs_Per_Year_Sanam_Verse.wav,b3a2f56793900ae6404cda0296dead020289030d671eab00c2a63c8af28b3841,30.000000,included,
376,Navrasa,Bollywood,Bollywood,15,Bollywood\India\Bollywood\SangeetVerse_-_BBCs_Top_100_Greatest_Bollywood_Songs_of_All_Time_1940_2010.wav,C:\Genrogram\data\expanded_raw\Bollywood\India\Bollywood\SangeetVerse_-_BBCs_Top_100_Greatest_Bollywood_Songs_of_All_Time_1940_2010.wav,ae7776d73750aa8c7560f1a252972d17843799f0339698c15e2d6d1f58cf8b17,30.000000,included,
377,Navrasa,Bollywood,Bollywood,15,Bollywood\India\Bollywood\SangeetVerse_-_These_Bollywood_Songs_Instant_Dance_Mode.wav,C:\Genrogram\data\expanded_raw\Bollywood\India\Bollywood\SangeetVerse_-_These_Bollywood_Songs_Instant_Dance_Mode.wav,a9b75a70fcd1e5273985a22bc7e7a6fc66d2ce600fb7745cb347b2c7848f455a,0.077052,included,
378,Navrasa,Bollywood,Bollywood,15,Bollywood\India\Bollywood\Shaan_Subhro_Ganguly_Jyotica_Tangri_-_100M_Blockbusters_Video_Jukebox_Aaj_Ki_Raat_Tauba_Tauba_Aayi_Nai_Morni_Paani_Paani.wav,C:\Genrogram\data\expanded_raw\Bollywood\India\Bollywood\Shaan_Subhro_Ganguly_Jyotica_Tangri_-_100M_Blockbusters_Video_Jukebox_Aaj_Ki_Raat_Tauba_Tauba_Aayi_Nai_Morni_Paani_Paani.wav,5aafe626a4c44d3c94566f3ee805d81068d55857c340bb7024b5d37896c0d416,30.000000,included,
379,Navrasa,Bollywood,Bollywood,15,Bollywood\India\Bollywood\Shido_Lofi_-_POV_Its_9XM_Wali_Subah_2010s_Bollywood_Playlist.wav,C:\Genrogram\data\expanded_raw\Bollywood\India\Bollywood\Shido_Lofi_-_POV_Its_9XM_Wali_Subah_2010s_Bollywood_Playlist.wav,a2f0dcfafd360d5b93d530437cec73909ccd881b4fbf61e6cf5377439a3ef763,30.000000,included,
380,Navrasa,Bollywood,Bollywood,15,Bollywood\India\Bollywood\Shilpa_Rao_-_Ghafoor.wav,C:\Genrogram\data\expanded_raw\Bollywood\India\Bollywood\Shilpa_Rao_-_Ghafoor.wav,1882fda314c37da1e8bc5645f78105a14794cf8ee2d7793bdf3d373b26913197,30.000000,included,
381,Navrasa,Bollywood,Bollywood,15,Bollywood\India\Bollywood\Sid_Guldekar_-_9XM_Wali_Subah_Mashup_Sid_Guldekar_Best_of_2000s_2010s_Bollywood_Songs_Nonstop_Jukebox.wav,C:\Genrogram\data\expanded_raw\Bollywood\India\Bollywood\Sid_Guldekar_-_9XM_Wali_Subah_Mashup_Sid_Guldekar_Best_of_2000s_2010s_Bollywood_Songs_Nonstop_Jukebox.wav,5fb4aeab1dd3f19eceffdc16c7ee009393315fbdf97e7332e0158dcff95c266b,30.000000,included,
382,Navrasa,Bollywood,Bollywood,15,Bollywood\India\Bollywood\Sonu_Nigam_-_Bijuria.wav,C:\Genrogram\data\expanded_raw\Bollywood\India\Bollywood\Sonu_Nigam_-_Bijuria.wav,6d3a38d6dcdd6d630d93e473a7b17e5b1f416abdfed10c798d817f1900fb276b,30.000000,included,
383,Navrasa,Bollywood,Bollywood,15,Bollywood\India\Bollywood\Sonu_Nigam_-_Pardesiya.wav,C:\Genrogram\data\expanded_raw\Bollywood\India\Bollywood\Sonu_Nigam_-_Pardesiya.wav,4c1c40fe06d60c8f6901f2117058af6efd527671f0a70a891a1654d2e40e08ae,30.000000,included,
384,Navrasa,Bollywood,Bollywood,15,Bollywood\India\Bollywood\Sony_Music_India_-_2000s_Dance_Hits_Best_of_Bollywood_Dance_Songs_Evergreen_Bollywood_Songs.wav,C:\Genrogram\data\expanded_raw\Bollywood\India\Bollywood\Sony_Music_India_-_2000s_Dance_Hits_Best_of_Bollywood_Dance_Songs_Evergreen_Bollywood_Songs.wav,981bb783a475cdbf32a633577ebd6f473028708a598a928fcb6a271c25a877e4,30.000000,included,
385,Navrasa,Bollywood,Bollywood,15,Bollywood\India\Bollywood\Sony_Music_India_-_Best_of_Bollywood_Dance_Bangers_All_Time_Superhit_Party_Songs_Dance_Hits_2025.wav,C:\Genrogram\data\expanded_raw\Bollywood\India\Bollywood\Sony_Music_India_-_Best_of_Bollywood_Dance_Bangers_All_Time_Superhit_Party_Songs_Dance_Hits_2025.wav,f56126f1d79ff86dd6971be78b4ce5577a7bfee295a65a101defee5e4720fa76,30.000000,included,
386,Navrasa,Bollywood,Bollywood,15,Bollywood\India\Bollywood\Sony_Music_India_-_Bollywood_Dance_Hits_Chikni_Chameli_Radha_Nadiyon_Paar_Dance_Basanti_Best_Party_Songs.wav,C:\Genrogram\data\expanded_raw\Bollywood\India\Bollywood\Sony_Music_India_-_Bollywood_Dance_Hits_Chikni_Chameli_Radha_Nadiyon_Paar_Dance_Basanti_Best_Party_Songs.wav,669eedb33791957460a6d647279dee2430e99dc052c692f62e361d92b30cf838,30.000000,included,
387,Navrasa,Bollywood,Bollywood,15,Bollywood\India\Bollywood\Sony_Music_India_-_Bollywood_Nostalgic_Hit_Songs_Bollywood_Love_Songs_2000s_Best_Songs_Evergreen_Hindi_Songs.wav,C:\Genrogram\data\expanded_raw\Bollywood\India\Bollywood\Sony_Music_India_-_Bollywood_Nostalgic_Hit_Songs_Bollywood_Love_Songs_2000s_Best_Songs_Evergreen_Hindi_Songs.wav,bf2b0fa0cae49a2bbfc611616a82a05567f78b7f70ef7341bb849c522404b924,30.000000,included,
388,Navrasa,Bollywood,Bollywood,15,Bollywood\India\Bollywood\Sony_Music_India_-_Feel_Good_Hindi_Songs_Audio_Jukebox_Tere_Bina_Bahara_Hawayein_Evergreen_Feel_Good_Hits.wav,C:\Genrogram\data\expanded_raw\Bollywood\India\Bollywood\Sony_Music_India_-_Feel_Good_Hindi_Songs_Audio_Jukebox_Tere_Bina_Bahara_Hawayein_Evergreen_Feel_Good_Hits.wav,c45f1818c104fe4ba399c87c7ddc2c569453e30688166dc5d2520c6da20060cc,30.000000,included,
389,Navrasa,Bollywood,Bollywood,15,Bollywood\India\Bollywood\Sony_Music_India_-_Malhari_Full_Video_Song_Bajirao_Mastani_Ranveer_Singh_Vishal_Dadlani_Sanjay_Leela_Bhansali.wav,C:\Genrogram\data\expanded_raw\Bollywood\India\Bollywood\Sony_Music_India_-_Malhari_Full_Video_Song_Bajirao_Mastani_Ranveer_Singh_Vishal_Dadlani_Sanjay_Leela_Bhansali.wav,7637ab3eb82485722a2e56f6c110ad8738beb1a552a17601d835cd2e1ab24483,30.000000,included,
390,Navrasa,Bollywood,Bollywood,15,Bollywood\India\Bollywood\Sony_Music_India_-_Soulful_Evergreen_Melodies_Best_of_Bollywood_Love_Songs_Audio_Jukebox.wav,C:\Genrogram\data\expanded_raw\Bollywood\India\Bollywood\Sony_Music_India_-_Soulful_Evergreen_Melodies_Best_of_Bollywood_Love_Songs_Audio_Jukebox.wav,9e81abb2f2e60bccb1c65c78d2435a9e8b25443850523e471f44358f6bb89d10,30.000000,included,
391,Navrasa,Bollywood,Bollywood,15,Bollywood\India\Bollywood\Sony_Music_India_-_TOP_20_ICONIC_Bollywood_Songs_2_Hours_NonStop_Best_Hindi_Love_Songs_Romantic_Hindi_Hits.wav,C:\Genrogram\data\expanded_raw\Bollywood\India\Bollywood\Sony_Music_India_-_TOP_20_ICONIC_Bollywood_Songs_2_Hours_NonStop_Best_Hindi_Love_Songs_Romantic_Hindi_Hits.wav,ac756e48b53a5d5db1eae2292a39a3ac9d2e950ede95e88b0a3ed831bb4f52b2,30.000000,included,
392,Navrasa,Bollywood,Bollywood,15,Bollywood\India\Bollywood\Sony_Music_India_-_Top_10_Bollywood_Hit_Songs_Ultimate_Video_Jukebox.wav,C:\Genrogram\data\expanded_raw\Bollywood\India\Bollywood\Sony_Music_India_-_Top_10_Bollywood_Hit_Songs_Ultimate_Video_Jukebox.wav,04facb3a03e8354c15d736caaebef153693084a5b39961e5afed791db6e79230,30.000000,included,
393,Navrasa,Bollywood,Bollywood,15,Bollywood\India\Bollywood\Sony_Music_India_-_Top_30_Romantic_Hindi_Songs_Audio_Jukebox_Bollywood_Love_Songs_Evergreen_Melodies.wav,C:\Genrogram\data\expanded_raw\Bollywood\India\Bollywood\Sony_Music_India_-_Top_30_Romantic_Hindi_Songs_Audio_Jukebox_Bollywood_Love_Songs_Evergreen_Melodies.wav,ac8c260a8eb7ad4870bebe8f2a6fdad59f79b0865897a4b861ea0c4042e4dde3,30.000000,included,
394,Navrasa,Bollywood,Bollywood,15,Bollywood\India\Bollywood\Strumm_Sound_-_Mood_Music_20_Soft_Bollywood_Instrumentals_Jukebox_I_Hindi_Romantic_Song_Instrumental.wav,C:\Genrogram\data\expanded_raw\Bollywood\India\Bollywood\Strumm_Sound_-_Mood_Music_20_Soft_Bollywood_Instrumentals_Jukebox_I_Hindi_Romantic_Song_Instrumental.wav,aedb0a31596b3a3f66ffa6a455f91a5563fc353872150f02bf072a3cb5a2e58c,30.000000,included,
395,Navrasa,Bollywood,Bollywood,15,Bollywood\India\Bollywood\Sunix_Thakor_-_2000S_Bollywood_Party_Mashup_DJ_Bhav_London_Sunix_Thakor_Bollywood_Dance_Mashup.wav,C:\Genrogram\data\expanded_raw\Bollywood\India\Bollywood\Sunix_Thakor_-_2000S_Bollywood_Party_Mashup_DJ_Bhav_London_Sunix_Thakor_Bollywood_Dance_Mashup.wav,37822a137333ecefcd3bb366668b7354c973c1889a9fce783a3c36b62199068e,30.000000,included,
396,Navrasa,Bollywood,Bollywood,15,Bollywood\India\Bollywood\SurTaal_Music_-_Bollywood_Unwind_Best_Collection_of_Hit_Hindi_Songs.wav,C:\Genrogram\data\expanded_raw\Bollywood\India\Bollywood\SurTaal_Music_-_Bollywood_Unwind_Best_Collection_of_Hit_Hindi_Songs.wav,913f315e2f048ee1a884f8eea826c244da27ef91a2088ed0025b63622ccee947,30.000000,included,
397,Navrasa,Bollywood,Bollywood,15,Bollywood\India\Bollywood\Sur_Sagara_-_Best_Emraan_Hashmi_Songs_Best_of_Emraan_Hashmi_Songs_bollywood_romantic_songs_Melody_songs.wav,C:\Genrogram\data\expanded_raw\Bollywood\India\Bollywood\Sur_Sagara_-_Best_Emraan_Hashmi_Songs_Best_of_Emraan_Hashmi_Songs_bollywood_romantic_songs_Melody_songs.wav,5f43513ba5e0f5143bd873d9a90feba9993ff0991852929785a49f5c5d9a416b,30.000000,included,
398,Navrasa,Bollywood,Bollywood,15,Bollywood\India\Bollywood\Syam_Guptta_-_Top_5_Remake_Songs_Original__Remake__Most_famous_Remake_Songs_explore.wav,C:\Genrogram\data\expanded_raw\Bollywood\India\Bollywood\Syam_Guptta_-_Top_5_Remake_Songs_Original__Remake__Most_famous_Remake_Songs_explore.wav,0b4acfe5bc71d52d928914b3105ee270c385894e8c1278f3cf00b47a18b01fc0,3.966395,included,
399,Navrasa,Bollywood,Bollywood,15,Bollywood\India\Bollywood\T_Series_-_Best_Mashups_of_Bollywood_Aashiqui_2_Mashup_Ek_Villain_Mashup_Best_Mashup_2014.wav,C:\Genrogram\data\expanded_raw\Bollywood\India\Bollywood\T_Series_-_Best_Mashups_of_Bollywood_Aashiqui_2_Mashup_Ek_Villain_Mashup_Best_Mashup_2014.wav,aa6059a00688e4056f03fafc63e2d75cbc1814d739d21d87406afd03204949ad,30.000000,included,
400,Navrasa,Bollywood,Bollywood,15,Bollywood\India\Bollywood\T_Series_-_Bollywood_Dance_Hits_Video_Jukebox_Non_Stop_Party_Songs_Bollywood_Dance_Songs_T_Series.wav,C:\Genrogram\data\expanded_raw\Bollywood\India\Bollywood\T_Series_-_Bollywood_Dance_Hits_Video_Jukebox_Non_Stop_Party_Songs_Bollywood_Dance_Songs_T_Series.wav,490b0f9667b6fb656ff50f7b6ba97e9719df782c02919d84b9840d41f632832f,30.000000,included,
401,Navrasa,Bollywood,Bollywood,15,Bollywood\India\Bollywood\T_Series_-_Evergreen_Hits_of_KK_Audio_Jukebox_Remembering_the_Golden_Voice_T_Series_Bhushan_Kumar.wav,C:\Genrogram\data\expanded_raw\Bollywood\India\Bollywood\T_Series_-_Evergreen_Hits_of_KK_Audio_Jukebox_Remembering_the_Golden_Voice_T_Series_Bhushan_Kumar.wav,c33736e623365573ec37015b035289c45d04cf0013a4e40586a9ad5bafcbc6a7,30.000000,included,
402,Navrasa,Bollywood,Bollywood,15,Bollywood\India\Bollywood\T_Series_-_Most_Romantic_Songs_Of_Bollywood_2013_Hindi_Valentine_Jukebox_Top_Romantic_Tracks.wav,C:\Genrogram\data\expanded_raw\Bollywood\India\Bollywood\T_Series_-_Most_Romantic_Songs_Of_Bollywood_2013_Hindi_Valentine_Jukebox_Top_Romantic_Tracks.wav,8ecf46efe457bb35130ec6ba1d9ba9024fa9a61fe93995962b8d73cb363566df,30.000000,included,
403,Navrasa,Bollywood,Bollywood,15,Bollywood\India\Bollywood\T_Series_-_NON_STOP_SUPER_HIT_BOLLYWOOD_SONGS_VIDEO_JUKEBOX_ARIJIT_SINGH_YO_YO_HONEY_SINGH_BADSHAH.wav,C:\Genrogram\data\expanded_raw\Bollywood\India\Bollywood\T_Series_-_NON_STOP_SUPER_HIT_BOLLYWOOD_SONGS_VIDEO_JUKEBOX_ARIJIT_SINGH_YO_YO_HONEY_SINGH_BADSHAH.wav,dc57a52334f184e12de206de7cb9870ac49c644d1d2df3299e912e27324af2c5,30.000000,included,
404,Navrasa,Bollywood,Bollywood,15,Bollywood\India\Bollywood\T_Series_-_OFFICIAL_Best_ITEM_SONGS_of_Bollywood_Devil_Song_Ghagra_Fevicol.wav,C:\Genrogram\data\expanded_raw\Bollywood\India\Bollywood\T_Series_-_OFFICIAL_Best_ITEM_SONGS_of_Bollywood_Devil_Song_Ghagra_Fevicol.wav,565bfd97c1138b410913c4655b95bea70a189447b9c7c03d065b3497550255c0,30.000000,included,
405,Navrasa,Bollywood,Bollywood,15,Bollywood\India\Bollywood\T_Series_-_OFFICIAL_Best_Soothing_Songs_of_Bollywood_Soothing_Music.wav,C:\Genrogram\data\expanded_raw\Bollywood\India\Bollywood\T_Series_-_OFFICIAL_Best_Soothing_Songs_of_Bollywood_Soothing_Music.wav,be808b913b6bf90f11ce422e2867dd44a827df5b245b1855d7945f63d8351821,30.000000,included,
406,Navrasa,Bollywood,Bollywood,15,Bollywood\India\Bollywood\T_Series_-_THE_BOLLYWOOD_DANCE_PARTY_2025_NONSTOP_2_HOUR_JUKEBOX_DIWALI_DHAMAKA_2025.wav,C:\Genrogram\data\expanded_raw\Bollywood\India\Bollywood\T_Series_-_THE_BOLLYWOOD_DANCE_PARTY_2025_NONSTOP_2_HOUR_JUKEBOX_DIWALI_DHAMAKA_2025.wav,eb695bb6a6f788d79dc030482ccfb18da9a4473f5f6acd95b5c8673444becb26,30.000000,included,
407,Navrasa,Bollywood,Bollywood,15,Bollywood\India\Bollywood\T_Series_Bollywood_Classics_-_2000s_Best_Bollywood_Dance_Tracks_Audio_Jukebox_Bollywood_2000s_Hindi_Songs_2000_to_2010.wav,C:\Genrogram\data\expanded_raw\Bollywood\India\Bollywood\T_Series_Bollywood_Classics_-_2000s_Best_Bollywood_Dance_Tracks_Audio_Jukebox_Bollywood_2000s_Hindi_Songs_2000_to_2010.wav,0051f2cf3b8b9c88d4f2cfc56fcc437767cb0672312867b4a941b4ba168abd6f,30.000000,included,
408,Navrasa,Bollywood,Bollywood,15,Bollywood\India\Bollywood\Tech_Youtube_India_-_Audio_Jukebox_Instrumental_Hindi_Songs_30_Soulful_Melodies_Flute_Version_Sujit_DJ_and_music.wav,C:\Genrogram\data\expanded_raw\Bollywood\India\Bollywood\Tech_Youtube_India_-_Audio_Jukebox_Instrumental_Hindi_Songs_30_Soulful_Melodies_Flute_Version_Sujit_DJ_and_music.wav,260976dd78103f889261335eeec2d28980c225d2b43e611f4091f11515fe138d,30.000000,included,
409,Navrasa,Bollywood,Bollywood,15,Bollywood\India\Bollywood\Timeless_Tunes_-_Forever_Love_Mix_Bollywood_Romantic_Lofi_Songs_1_Hour_Chill_Relaxing_Playlist_Lofi_Mashup.wav,C:\Genrogram\data\expanded_raw\Bollywood\India\Bollywood\Timeless_Tunes_-_Forever_Love_Mix_Bollywood_Romantic_Lofi_Songs_1_Hour_Chill_Relaxing_Playlist_Lofi_Mashup.wav,8c6ce8c489bd47790dbccbba9b13da0eaccdc7f46d0025588735333baa6e5b8e,30.000000,included,
410,Navrasa,Bollywood,Bollywood,15,Bollywood\India\Bollywood\Timeless_Tunes_-_Nonstop_House_Party_Mix_2025_3_hours_nonstop_Taras_Kala_Chashma_Sauda_Khara_Khara_More.wav,C:\Genrogram\data\expanded_raw\Bollywood\India\Bollywood\Timeless_Tunes_-_Nonstop_House_Party_Mix_2025_3_hours_nonstop_Taras_Kala_Chashma_Sauda_Khara_Khara_More.wav,ed0d74bc15c52a5592f05e2b4557842fb45b652325b911ed25eb398119dcb865,30.000000,included,
411,Navrasa,Bollywood,Bollywood,15,Bollywood\India\Bollywood\Timeless_Tunes_-_Weekend_Vibes_40_Min_Non_Stop_Hits_Tu_Meri_Bang_Bang_Kho_Gaye_Hum_Kahan_Kala_Chashma_More.wav,C:\Genrogram\data\expanded_raw\Bollywood\India\Bollywood\Timeless_Tunes_-_Weekend_Vibes_40_Min_Non_Stop_Hits_Tu_Meri_Bang_Bang_Kho_Gaye_Hum_Kahan_Kala_Chashma_More.wav,0ac55ff9319a73adb3d1e97c6094830bbc770c2afb42b2193ed265753cf662f7,30.000000,included,
412,Navrasa,Bollywood,Bollywood,15,Bollywood\India\Bollywood\Tips_Official_-_90s_Hits_Hindi_Songs_Hindi_Gana_Sadabahar_Hindi_Gane_90s_Hindi_Love_Songs_Old_Songs_Jukebox.wav,C:\Genrogram\data\expanded_raw\Bollywood\India\Bollywood\Tips_Official_-_90s_Hits_Hindi_Songs_Hindi_Gana_Sadabahar_Hindi_Gane_90s_Hindi_Love_Songs_Old_Songs_Jukebox.wav,43f136d26d8c366e2b8a83134f49d4857fae7f3d569a8fdc5323637c2a5789ed,30.000000,included,
413,Navrasa,Bollywood,Bollywood,15,Bollywood\India\Bollywood\Tips_Official_-_90s_Love_Songs_Bollywood_Evergreen_90s_Love_Songs_90s_Hits_Hindi_Songs_Old_Songs_Jukebox.wav,C:\Genrogram\data\expanded_raw\Bollywood\India\Bollywood\Tips_Official_-_90s_Love_Songs_Bollywood_Evergreen_90s_Love_Songs_90s_Hits_Hindi_Songs_Old_Songs_Jukebox.wav,29bad01f7e947b8d69e9b2a271c62814b34123328a3ad7d067e699e74dd5a98b,30.000000,included,
414,Navrasa,Bollywood,Bollywood,15,Bollywood\India\Bollywood\Tips_Official_-_Best_Of_90s_Hits_Hindi_Songs_Collection_90s_Evergreen_Songs_Hindi_Love_Songs_Jukebox.wav,C:\Genrogram\data\expanded_raw\Bollywood\India\Bollywood\Tips_Official_-_Best_Of_90s_Hits_Hindi_Songs_Collection_90s_Evergreen_Songs_Hindi_Love_Songs_Jukebox.wav,3c39504c76364c3787d93be5810f67c3aad7a174832061dc4e7449242b634e36,30.000000,included,
415,Navrasa,Bollywood,Bollywood,15,Bollywood\India\Bollywood\Tips_Official_-_Best_of_90s_Bollywood_Hits_Audio_Jukebox_Hindi_Romantic_Songs_90s_Hindi_Gaane_90s_Hits.wav,C:\Genrogram\data\expanded_raw\Bollywood\India\Bollywood\Tips_Official_-_Best_of_90s_Bollywood_Hits_Audio_Jukebox_Hindi_Romantic_Songs_90s_Hindi_Gaane_90s_Hits.wav,8ed0518ae598d626e2b37c34d1020477b39624bec9863478ad49dd5188a778be,30.000000,included,
416,Navrasa,Bollywood,Bollywood,15,Bollywood\India\Bollywood\Tips_Official_-_Bollywood_90s_Romantic_Songs_Video_Jukebox_Hindi_Love_Songs_Tips_Official_90s_Hits.wav,C:\Genrogram\data\expanded_raw\Bollywood\India\Bollywood\Tips_Official_-_Bollywood_90s_Romantic_Songs_Video_Jukebox_Hindi_Love_Songs_Tips_Official_90s_Hits.wav,afa9ee9b77d19f4ae9eb0d17d49b89302310ee18d182bcaf3dd1c13779de890b,30.000000,included,
417,Navrasa,Bollywood,Bollywood,15,Bollywood\India\Bollywood\Tips_Official_-_Bollywood_Love_Songs_Bollywood_Romantic_Songs_2000s_Hindi_Hits_90s_Hindi_Songs_Video_Jukebox.wav,C:\Genrogram\data\expanded_raw\Bollywood\India\Bollywood\Tips_Official_-_Bollywood_Love_Songs_Bollywood_Romantic_Songs_2000s_Hindi_Hits_90s_Hindi_Songs_Video_Jukebox.wav,5640465a85a94b4bd9adf7e776e6a76c1cd3c0429a3b4d9abc2531cdaa827158,30.000000,included,
418,Navrasa,Bollywood,Bollywood,15,Bollywood\India\Bollywood\Tips_Official_-_Bollywood_New_Hit_Songs_Hindi_Songs_Bollywood_Romantic_Songs_Video_Jukebox_Latest_Hindi_Songs.wav,C:\Genrogram\data\expanded_raw\Bollywood\India\Bollywood\Tips_Official_-_Bollywood_New_Hit_Songs_Hindi_Songs_Bollywood_Romantic_Songs_Video_Jukebox_Latest_Hindi_Songs.wav,bd34315014bdd7a328859046c56edfee55aa5855626b171e033c8067575fb9cf,30.000000,included,
419,Navrasa,Bollywood,Bollywood,15,Bollywood\India\Bollywood\Tips_Official_-_Bollywood_Party_Mix_2026_Dance_Songs_Non_Stop_Party_Songs_Party_Songs_Playlist_Hindi_Songs.wav,C:\Genrogram\data\expanded_raw\Bollywood\India\Bollywood\Tips_Official_-_Bollywood_Party_Mix_2026_Dance_Songs_Non_Stop_Party_Songs_Party_Songs_Playlist_Hindi_Songs.wav,97370b3b49aa6229a9691009200193fa364029cca615ea78ea7d08d1f0b6a2bd,30.000000,included,
420,Navrasa,Bollywood,Bollywood,15,Bollywood\India\Bollywood\Tips_Official_-_Bollywood_Party_Songs_Playlist_Dance_Hits_Non_Stop_Party_Songs_New_Year_Party_Songs_2026.wav,C:\Genrogram\data\expanded_raw\Bollywood\India\Bollywood\Tips_Official_-_Bollywood_Party_Songs_Playlist_Dance_Hits_Non_Stop_Party_Songs_New_Year_Party_Songs_2026.wav,549f5230b164c03e7fd0ee29bc97e77074eb3916f201b2a04308e841fa71bd85,30.000000,included,
421,Navrasa,Bollywood,Bollywood,15,Bollywood\India\Bollywood\Tips_Official_-_Non_Stop_90s_Hits_Evergreen_Romantic_Hits_90s_Hits_Hindi_Songs_90s_Love_Songs_Jukebox.wav,C:\Genrogram\data\expanded_raw\Bollywood\India\Bollywood\Tips_Official_-_Non_Stop_90s_Hits_Evergreen_Romantic_Hits_90s_Hits_Hindi_Songs_90s_Love_Songs_Jukebox.wav,c0e2ee4bd71e37c2ff29090ad2f43a341475bc77a269201c911127ed94fd0abd,30.000000,included,
422,Navrasa,Bollywood,Bollywood,15,Bollywood\India\Bollywood\Utkarsh_Patel_-_2021_Best_Bollywood_Indian_Wedding_Dance_Performance_Coca_Cola_Bole_Chudiyan_O_Saki_Sakhi.wav,C:\Genrogram\data\expanded_raw\Bollywood\India\Bollywood\Utkarsh_Patel_-_2021_Best_Bollywood_Indian_Wedding_Dance_Performance_Coca_Cola_Bole_Chudiyan_O_Saki_Sakhi.wav,99dd46a0914e9273c6429483a1f3b48d251055e3a1391e437747a3690d9eb709,30.000000,included,
423,Navrasa,Bollywood,Bollywood,15,Bollywood\India\Bollywood\Utkarsh_Patel_-_2021_Best_Bollywood_Indian_Wedding_Dance_Performance_Sauda_Khara_Khara_Coca_Cola_Sweetheart.wav,C:\Genrogram\data\expanded_raw\Bollywood\India\Bollywood\Utkarsh_Patel_-_2021_Best_Bollywood_Indian_Wedding_Dance_Performance_Sauda_Khara_Khara_Coca_Cola_Sweetheart.wav,555b623b5ae642e07c7bb9e351dcf26d6616a263362cede275447f3697104cad,30.000000,included,
424,Navrasa,Bollywood,Bollywood,15,Bollywood\India\Bollywood\Utsav_Unfiltered_-_Best_of_2000s_Bollywood_Songs.wav,C:\Genrogram\data\expanded_raw\Bollywood\India\Bollywood\Utsav_Unfiltered_-_Best_of_2000s_Bollywood_Songs.wav,8bba45aac87a4dfb6282542fd33417f06de32a8dcb1e52015bec0f5737474918,30.000000,included,
425,Navrasa,Bollywood,Bollywood,15,Bollywood\India\Bollywood\VDj_Royal_-_Best_of_2025_Bollywood_Romantic_Mashups_YEAR_END_SPECIAL_VDj_Royal.wav,C:\Genrogram\data\expanded_raw\Bollywood\India\Bollywood\VDj_Royal_-_Best_of_2025_Bollywood_Romantic_Mashups_YEAR_END_SPECIAL_VDj_Royal.wav,f33bc00a1560079c7eed07aadc52903b19263d9c6f633c6ffb8f107e7ec7bd37,30.000000,included,
426,Navrasa,Bollywood,Bollywood,15,Bollywood\India\Bollywood\VDj_Royal_-_Best_of_2025_Love_Songs_Mashups_Part_3_Romantic_Hits_Nonstop_Jukebox_Dvj_Sahil_VDj_Royal.wav,C:\Genrogram\data\expanded_raw\Bollywood\India\Bollywood\VDj_Royal_-_Best_of_2025_Love_Songs_Mashups_Part_3_Romantic_Hits_Nonstop_Jukebox_Dvj_Sahil_VDj_Royal.wav,e557a814090487dc0802604dd7d830b92dd60c7367ae8a53b2e94c23fc17eef0,30.000000,included,
427,Navrasa,Bollywood,Bollywood,15,Bollywood\India\Bollywood\VDj_Royal_-_Long_Road_Trip_Love_Mashup_Jukebox_Long_Drive_Songs_Nonstop_VDj_Royal.wav,C:\Genrogram\data\expanded_raw\Bollywood\India\Bollywood\VDj_Royal_-_Long_Road_Trip_Love_Mashup_Jukebox_Long_Drive_Songs_Nonstop_VDj_Royal.wav,76b6d8d514fea16bd9cec3f289d6b67897c8ea0110d6967133c4e04851faa771,30.000000,included,
428,Navrasa,Bollywood,Bollywood,15,Bollywood\India\Bollywood\YRF_-_Top_Bollywood_Dance_Bangers_Best_Hindi_Dance_Hits_Best_Bollywood_Party_Songs_Of_All_Time.wav,C:\Genrogram\data\expanded_raw\Bollywood\India\Bollywood\YRF_-_Top_Bollywood_Dance_Bangers_Best_Hindi_Dance_Hits_Best_Bollywood_Party_Songs_Of_All_Time.wav,0a5491cc4bbc996da44161e3698eed086e850db00d661708ca85bcf4d33c5757,30.000000,included,
429,Navrasa,Bollywood,Bollywood,15,Bollywood\India\Bollywood\YRF_Music_-_2000s_Bollywood_Dance_Hits_Audio_Jukebox_Bollywood_2000s_Hindi_Songs_2000_to_2010.wav,C:\Genrogram\data\expanded_raw\Bollywood\India\Bollywood\YRF_Music_-_2000s_Bollywood_Dance_Hits_Audio_Jukebox_Bollywood_2000s_Hindi_Songs_2000_to_2010.wav,d06de77d976f7b9e00f15aa6ae66b8ab192cb862dac4bee072df8c6b88a7d680,30.000000,included,
430,Navrasa,Bollywood,Bollywood,15,Bollywood\India\Bollywood\YRF_Music_-_2000s_Bollywood_Hits_Audio_Jukebox_Best_Bollywood_Songs_2000_to_2010_Songs.wav,C:\Genrogram\data\expanded_raw\Bollywood\India\Bollywood\YRF_Music_-_2000s_Bollywood_Hits_Audio_Jukebox_Best_Bollywood_Songs_2000_to_2010_Songs.wav,a50266210372d12560211fbd0f4fcc11911c3ab0d970649c9c251a36658f69fe,30.000000,included,
431,Navrasa,Bollywood,Bollywood,15,Bollywood\India\Bollywood\YRF_Music_-_2000s_Bollywood_Nostalgia_Audio_Jukebox_Best_of_2000s_Bollywood_Songs_2000_to_2010_Songs.wav,C:\Genrogram\data\expanded_raw\Bollywood\India\Bollywood\YRF_Music_-_2000s_Bollywood_Nostalgia_Audio_Jukebox_Best_of_2000s_Bollywood_Songs_2000_to_2010_Songs.wav,c25608d2b8c860d68a0d957615915e4ff3760f9cad476466526bfcb778ee894b,30.000000,included,
432,Navrasa,Bollywood,Bollywood,15,Bollywood\India\Bollywood\YRF_Music_-_All_Time_Hits_of_Sunidhi_Chauhan_Audio_Jukebox_Top_Bollywood_Songs_Best_of_Sunidhi_Chauhan.wav,C:\Genrogram\data\expanded_raw\Bollywood\India\Bollywood\YRF_Music_-_All_Time_Hits_of_Sunidhi_Chauhan_Audio_Jukebox_Top_Bollywood_Songs_Best_of_Sunidhi_Chauhan.wav,ed0366f6de3f7ad4e05181e200406bd08b9f79b4bf81718c1b14ed6863f58ede,30.000000,included,
433,Navrasa,Bollywood,Bollywood,15,Bollywood\India\Bollywood\YRF_Music_-_Feel_Good_Hindi_Songs_Audio_Jukebox_Upbeat_Bollywood_Songs.wav,C:\Genrogram\data\expanded_raw\Bollywood\India\Bollywood\YRF_Music_-_Feel_Good_Hindi_Songs_Audio_Jukebox_Upbeat_Bollywood_Songs.wav,6b9bebac51fb5e71149a2a7d069d402b4de87521525fe06a984e6be15fcd2bc4,30.000000,included,
434,Navrasa,Bollywood,Bollywood,15,Bollywood\India\Bollywood\YRF_Music_-_GOAT_Dance_Hits_Audio_Jukebox_Best_Dance_Songs_Bollywood_Dance_Hits.wav,C:\Genrogram\data\expanded_raw\Bollywood\India\Bollywood\YRF_Music_-_GOAT_Dance_Hits_Audio_Jukebox_Best_Dance_Songs_Bollywood_Dance_Hits.wav,9bc778c930e110e66ffae29c5ed73cb1ba64f72bb1c867e944685c66ad12496f,30.000000,included,
435,Navrasa,Bollywood,Bollywood,15,Bollywood\India\Bollywood\YRF_Music_-_Get_Ready_With_Me_Playlist_Audio_Jukebox_Upbeat_Bollywood_Hits_Popular_Songs.wav,C:\Genrogram\data\expanded_raw\Bollywood\India\Bollywood\YRF_Music_-_Get_Ready_With_Me_Playlist_Audio_Jukebox_Upbeat_Bollywood_Hits_Popular_Songs.wav,3dbc5556a493b515fdbbc9472ebffcf68d40d12ec0f341ddad86331226ae43ae,30.000000,included,
436,Navrasa,Bollywood,Bollywood,15,Bollywood\India\Bollywood\YRF_Music_-_Greatest_2010s_Hits_Audio_Jukebox_2010_2019_Songs_Bollywood_Hit_Songs_Top_Hindi_Songs.wav,C:\Genrogram\data\expanded_raw\Bollywood\India\Bollywood\YRF_Music_-_Greatest_2010s_Hits_Audio_Jukebox_2010_2019_Songs_Bollywood_Hit_Songs_Top_Hindi_Songs.wav,0621640299273b7748bb39cfed59810f5a7777d35fb9f94ced00e02202ff050c,30.000000,included,
437,Navrasa,Bollywood,Bollywood,15,Bollywood\India\Bollywood\YRF_Music_-_Mood_Lifter_Songs_Audio_Jukebox_Feel_Good_Hindi_Songs_Uplifting_and_Energetic_Bollywood_Songs.wav,C:\Genrogram\data\expanded_raw\Bollywood\India\Bollywood\YRF_Music_-_Mood_Lifter_Songs_Audio_Jukebox_Feel_Good_Hindi_Songs_Uplifting_and_Energetic_Bollywood_Songs.wav,a02a4a05c0ef51ae4cbe52940b8e7c0bcfa25a67d08c460f210ad929b06ea4bc,30.000000,included,
438,Navrasa,Bollywood,Bollywood,15,Bollywood\India\Bollywood\YRF_Music_-_Top_20_Bollywood_Dance_Anthems_Audio_Jukebox_Party_Songs_Non_Stop_Hindi_Dance_Songs.wav,C:\Genrogram\data\expanded_raw\Bollywood\India\Bollywood\YRF_Music_-_Top_20_Bollywood_Dance_Anthems_Audio_Jukebox_Party_Songs_Non_Stop_Hindi_Dance_Songs.wav,2c8e26308b2879a4fe1c0d82290cb3a5fbfcc8f7bcfb18343799c5130213f809,30.000000,included,
439,Navrasa,Bollywood,Bollywood,15,Bollywood\India\Bollywood\YRF_Music_-_Top_20_Bollywood_Romance_Audio_Jukebox_Best_Hindi_Love_Songs_Romantic_Bollywood_Hits.wav,C:\Genrogram\data\expanded_raw\Bollywood\India\Bollywood\YRF_Music_-_Top_20_Bollywood_Romance_Audio_Jukebox_Best_Hindi_Love_Songs_Romantic_Bollywood_Hits.wav,bd5e25f917b3af5298f0ce77703d82ff5669b8efc06c9d75fed9213a4b773e57,30.000000,included,
440,Navrasa,Bollywood,Bollywood,15,Bollywood\India\Bollywood\YRF_Music_-_Top_Favourites_on_YouTube_Volume_1_Audio_Jukebox_Popular_Bollywood_Songs.wav,C:\Genrogram\data\expanded_raw\Bollywood\India\Bollywood\YRF_Music_-_Top_Favourites_on_YouTube_Volume_1_Audio_Jukebox_Popular_Bollywood_Songs.wav,4f80a6a6990b27b22898c50bc9acc69a011bd56246c8eff41b84e681c9f56aa6,30.000000,included,
441,Navrasa,Bollywood,Bollywood,15,Bollywood\India\Bollywood\YRF_Music_-_Top_Favourites_on_YouTube_Volume_2_Audio_Jukebox_Popular_Bollywood_Songs.wav,C:\Genrogram\data\expanded_raw\Bollywood\India\Bollywood\YRF_Music_-_Top_Favourites_on_YouTube_Volume_2_Audio_Jukebox_Popular_Bollywood_Songs.wav,5a58420fa903a9c81628425a234328c8cb8bbc8dcfd86a9fe40e6b71384d5aed,30.000000,included,
442,Navrasa,Bollywood,Bollywood,15,Bollywood\India\Bollywood\YRF_Music_-_Upbeat_Mornings_Audio_Jukebox_Feel_Good_Bollywood_Songs_Happy_Songs.wav,C:\Genrogram\data\expanded_raw\Bollywood\India\Bollywood\YRF_Music_-_Upbeat_Mornings_Audio_Jukebox_Feel_Good_Bollywood_Songs_Happy_Songs.wav,a012290e84f63be47b1b498eafcf9126ecf7b669d526f893e9c027c88fdd0ce6,30.000000,included,
443,Navrasa,Bollywood,Bollywood,15,Bollywood\India\Bollywood\Yo_Yo_Honey_Singh_-_Laal_Pari.wav,C:\Genrogram\data\expanded_raw\Bollywood\India\Bollywood\Yo_Yo_Honey_Singh_-_Laal_Pari.wav,62449208ca20fded4596b3e8b82e1ae6d21f669b3a81d0332e0146d3c9a7bb22,30.000000,included,
444,Navrasa,Bollywood,Bollywood,15,Bollywood\India\Bollywood\Zee_Music_Company_-_Best_Bollywood_Romantic_Songs_Full_Album_3_Hour_Non_Stop_Romantic_Songs_50_Superhit_Love_Songs.wav,C:\Genrogram\data\expanded_raw\Bollywood\India\Bollywood\Zee_Music_Company_-_Best_Bollywood_Romantic_Songs_Full_Album_3_Hour_Non_Stop_Romantic_Songs_50_Superhit_Love_Songs.wav,e3e74bb75314c5dd4ca56f6ad88106441a7ef01508a2d73f456b5336750b65ee,30.000000,included,
445,Navrasa,Bollywood,Bollywood,15,Bollywood\India\Bollywood\southattitude3_-_Popular_Bollywood_singers_without_a_Who_sang_Batter_Ja_Ranjhan_Parampara_Thakur_Krish_Mondal.wav,C:\Genrogram\data\expanded_raw\Bollywood\India\Bollywood\southattitude3_-_Popular_Bollywood_singers_without_a_Who_sang_Batter_Ja_Ranjhan_Parampara_Thakur_Krish_Mondal.wav,0e74fa1e28a250481fb292d8e2b9389c2b303b3f1ccb58c4c77047bdb3f890ea,30.000000,included,
446,GTZAN,classical,Classical,1,classical\classical.00000.wav,C:\Genrogram\data\gtzan\genres\classical\classical.00000.wav,8add3a7d1add1e157ce5de91be72372773b1ad2779742532c4f0ad1c7316f2a4,30.013333,included,
447,GTZAN,classical,Classical,1,classical\classical.00000.wav,C:\Genrogram\data\gtzan\genres\classical\classical.00000.wav,8add3a7d1add1e157ce5de91be72372773b1ad2779742532c4f0ad1c7316f2a4,30.013333,included,
448,GTZAN,classical,Classical,1,classical\classical.00001.wav,C:\Genrogram\data\gtzan\genres\classical\classical.00001.wav,aaad684f312a75873db06fa5400f7b5dc4d312e360687afad1f78b36f10eaaf6,30.013333,included,
449,GTZAN,classical,Classical,1,classical\classical.00001.wav,C:\Genrogram\data\gtzan\genres\classical\classical.00001.wav,aaad684f312a75873db06fa5400f7b5dc4d312e360687afad1f78b36f10eaaf6,30.013333,included,
450,GTZAN,classical,Classical,1,classical\classical.00002.wav,C:\Genrogram\data\gtzan\genres\classical\classical.00002.wav,7d7b5cff191c59c985901d377f3744f41254255cb433ec4a68eae0d1ef8c7367,30.013333,included,
451,GTZAN,classical,Classical,1,classical\classical.00002.wav,C:\Genrogram\data\gtzan\genres\classical\classical.00002.wav,7d7b5cff191c59c985901d377f3744f41254255cb433ec4a68eae0d1ef8c7367,30.013333,included,
452,GTZAN,classical,Classical,1,classical\classical.00003.wav,C:\Genrogram\data\gtzan\genres\classical\classical.00003.wav,adbcadf718acb88cd604ef18b3fdf7e26d5fe29368fc01e2af9506fcc0b20c72,30.013333,included,
453,GTZAN,classical,Classical,1,classical\classical.00003.wav,C:\Genrogram\data\gtzan\genres\classical\classical.00003.wav,adbcadf718acb88cd604ef18b3fdf7e26d5fe29368fc01e2af9506fcc0b20c72,30.013333,included,
454,GTZAN,classical,Classical,1,classical\classical.00004.wav,C:\Genrogram\data\gtzan\genres\classical\classical.00004.wav,66029d26a05c5322dcc7b341bc0e2aa20c9756b68d655e6145113d9d1a368c7e,30.013333,included,
455,GTZAN,classical,Classical,1,classical\classical.00004.wav,C:\Genrogram\data\gtzan\genres\classical\classical.00004.wav,66029d26a05c5322dcc7b341bc0e2aa20c9756b68d655e6145113d9d1a368c7e,30.013333,included,
456,GTZAN,classical,Classical,1,classical\classical.00005.wav,C:\Genrogram\data\gtzan\genres\classical\classical.00005.wav,dfacd31534627ad86a7b203bae91e79fe07bc45eaf66ade5ccea24d883d1094a,30.013333,included,
457,GTZAN,classical,Classical,1,classical\classical.00005.wav,C:\Genrogram\data\gtzan\genres\classical\classical.00005.wav,dfacd31534627ad86a7b203bae91e79fe07bc45eaf66ade5ccea24d883d1094a,30.013333,included,
458,GTZAN,classical,Classical,1,classical\classical.00006.wav,C:\Genrogram\data\gtzan\genres\classical\classical.00006.wav,81742bfd431396cf3cc4c89caaed0df2bbd54fa7e85ff94634425f2b5bf9b038,30.013333,included,
459,GTZAN,classical,Classical,1,classical\classical.00006.wav,C:\Genrogram\data\gtzan\genres\classical\classical.00006.wav,81742bfd431396cf3cc4c89caaed0df2bbd54fa7e85ff94634425f2b5bf9b038,30.013333,included,
460,GTZAN,classical,Classical,1,classical\classical.00007.wav,C:\Genrogram\data\gtzan\genres\classical\classical.00007.wav,a7cedfc74748c1a91919b716379be6d32545454a5f22f6d9456857e8330ed76b,30.013333,included,
461,GTZAN,classical,Classical,1,classical\classical.00007.wav,C:\Genrogram\data\gtzan\genres\classical\classical.00007.wav,a7cedfc74748c1a91919b716379be6d32545454a5f22f6d9456857e8330ed76b,30.013333,included,
462,GTZAN,classical,Classical,1,classical\classical.00008.wav,C:\Genrogram\data\gtzan\genres\classical\classical.00008.wav,52b6f4f27bf176c923236309089053c14258b39603b43b40527b87b7892df1b5,30.013333,included,
463,GTZAN,classical,Classical,1,classical\classical.00008.wav,C:\Genrogram\data\gtzan\genres\classical\classical.00008.wav,52b6f4f27bf176c923236309089053c14258b39603b43b40527b87b7892df1b5,30.013333,included,
464,GTZAN,classical,Classical,1,classical\classical.00009.wav,C:\Genrogram\data\gtzan\genres\classical\classical.00009.wav,fc07f094463665e59085c81f09b972d660fb445db28852e5fecaef72b84982ec,30.013333,included,
465,GTZAN,classical,Classical,1,classical\classical.00009.wav,C:\Genrogram\data\gtzan\genres\classical\classical.00009.wav,fc07f094463665e59085c81f09b972d660fb445db28852e5fecaef72b84982ec,30.013333,included,
466,GTZAN,classical,Classical,1,classical\classical.00010.wav,C:\Genrogram\data\gtzan\genres\classical\classical.00010.wav,2edfb850321276052720c160fc05af8696393c905939f4659ecc2fff05dfe3a9,30.013333,included,
467,GTZAN,classical,Classical,1,classical\classical.00010.wav,C:\Genrogram\data\gtzan\genres\classical\classical.00010.wav,2edfb850321276052720c160fc05af8696393c905939f4659ecc2fff05dfe3a9,30.013333,included,
468,GTZAN,classical,Classical,1,classical\classical.00011.wav,C:\Genrogram\data\gtzan\genres\classical\classical.00011.wav,e558b18a4e160598ed9d97ae06bbf0b48164c88895dac361f46c4bb3cc3ff7b8,30.013333,included,
469,GTZAN,classical,Classical,1,classical\classical.00011.wav,C:\Genrogram\data\gtzan\genres\classical\classical.00011.wav,e558b18a4e160598ed9d97ae06bbf0b48164c88895dac361f46c4bb3cc3ff7b8,30.013333,included,
470,GTZAN,classical,Classical,1,classical\classical.00012.wav,C:\Genrogram\data\gtzan\genres\classical\classical.00012.wav,3b9051bb099e35da5440d962c2d624ccd4b1a8897c505a8b258b73eafac47648,30.013333,included,
471,GTZAN,classical,Classical,1,classical\classical.00012.wav,C:\Genrogram\data\gtzan\genres\classical\classical.00012.wav,3b9051bb099e35da5440d962c2d624ccd4b1a8897c505a8b258b73eafac47648,30.013333,included,
472,GTZAN,classical,Classical,1,classical\classical.00013.wav,C:\Genrogram\data\gtzan\genres\classical\classical.00013.wav,519745fbcd927f1764414a00be322370476410a3e052a0a0364bb5f88500266e,30.013333,included,
473,GTZAN,classical,Classical,1,classical\classical.00013.wav,C:\Genrogram\data\gtzan\genres\classical\classical.00013.wav,519745fbcd927f1764414a00be322370476410a3e052a0a0364bb5f88500266e,30.013333,included,
474,GTZAN,classical,Classical,1,classical\classical.00014.wav,C:\Genrogram\data\gtzan\genres\classical\classical.00014.wav,817bb6596ef1c4b17a38ab4bbc725eefd5958b207164dbe64b9a5ed75fe527ac,30.013333,included,
475,GTZAN,classical,Classical,1,classical\classical.00014.wav,C:\Genrogram\data\gtzan\genres\classical\classical.00014.wav,817bb6596ef1c4b17a38ab4bbc725eefd5958b207164dbe64b9a5ed75fe527ac,30.013333,included,
476,GTZAN,classical,Classical,1,classical\classical.00015.wav,C:\Genrogram\data\gtzan\genres\classical\classical.00015.wav,0384db19238e72f9cafabf7d434b1b0d03c65d1ef4a4caf2a6c53f95fe832aa3,30.013333,included,
477,GTZAN,classical,Classical,1,classical\classical.00015.wav,C:\Genrogram\data\gtzan\genres\classical\classical.00015.wav,0384db19238e72f9cafabf7d434b1b0d03c65d1ef4a4caf2a6c53f95fe832aa3,30.013333,included,
478,GTZAN,classical,Classical,1,classical\classical.00016.wav,C:\Genrogram\data\gtzan\genres\classical\classical.00016.wav,128154b808a8325efb7846ea6c5d81e4431b333e2c498dcbefe088d0b17cee63,30.013333,included,
479,GTZAN,classical,Classical,1,classical\classical.00016.wav,C:\Genrogram\data\gtzan\genres\classical\classical.00016.wav,128154b808a8325efb7846ea6c5d81e4431b333e2c498dcbefe088d0b17cee63,30.013333,included,
480,GTZAN,classical,Classical,1,classical\classical.00017.wav,C:\Genrogram\data\gtzan\genres\classical\classical.00017.wav,420ea96f58531514140e4fa927ca9274d30c8bdd11f5f84507bb481c96e3136e,30.013333,included,
481,GTZAN,classical,Classical,1,classical\classical.00017.wav,C:\Genrogram\data\gtzan\genres\classical\classical.00017.wav,420ea96f58531514140e4fa927ca9274d30c8bdd11f5f84507bb481c96e3136e,30.013333,included,
482,GTZAN,classical,Classical,1,classical\classical.00018.wav,C:\Genrogram\data\gtzan\genres\classical\classical.00018.wav,dba4261f73d5f59adff1b7ac2de31a4e7c70a2bda17ce2f1852b8f0c079d2904,30.013333,included,
483,GTZAN,classical,Classical,1,classical\classical.00018.wav,C:\Genrogram\data\gtzan\genres\classical\classical.00018.wav,dba4261f73d5f59adff1b7ac2de31a4e7c70a2bda17ce2f1852b8f0c079d2904,30.013333,included,
484,GTZAN,classical,Classical,1,classical\classical.00019.wav,C:\Genrogram\data\gtzan\genres\classical\classical.00019.wav,ed79fa1f0386e9f54f6f38931b6896a8296f5ca6b0f7537fe316e3c611e78496,30.013333,included,
485,GTZAN,classical,Classical,1,classical\classical.00019.wav,C:\Genrogram\data\gtzan\genres\classical\classical.00019.wav,ed79fa1f0386e9f54f6f38931b6896a8296f5ca6b0f7537fe316e3c611e78496,30.013333,included,
486,GTZAN,classical,Classical,1,classical\classical.00020.wav,C:\Genrogram\data\gtzan\genres\classical\classical.00020.wav,68e4373e98b7ce7e06a1c296f342342421dac1fec095914900e6b9a592e04bdd,30.013333,included,
487,GTZAN,classical,Classical,1,classical\classical.00020.wav,C:\Genrogram\data\gtzan\genres\classical\classical.00020.wav,68e4373e98b7ce7e06a1c296f342342421dac1fec095914900e6b9a592e04bdd,30.013333,included,
488,GTZAN,classical,Classical,1,classical\classical.00021.wav,C:\Genrogram\data\gtzan\genres\classical\classical.00021.wav,f58da403a4e818008cde5bf01093bc4192f6636497f1d7e1dbe827dcdfe09779,30.013333,included,
489,GTZAN,classical,Classical,1,classical\classical.00021.wav,C:\Genrogram\data\gtzan\genres\classical\classical.00021.wav,f58da403a4e818008cde5bf01093bc4192f6636497f1d7e1dbe827dcdfe09779,30.013333,included,
490,GTZAN,classical,Classical,1,classical\classical.00022.wav,C:\Genrogram\data\gtzan\genres\classical\classical.00022.wav,be7333fbd6f7941519c59bad1f45e6665bc53e0b101e7dadf5b0a1377e497f21,30.013333,included,
491,GTZAN,classical,Classical,1,classical\classical.00022.wav,C:\Genrogram\data\gtzan\genres\classical\classical.00022.wav,be7333fbd6f7941519c59bad1f45e6665bc53e0b101e7dadf5b0a1377e497f21,30.013333,included,
492,GTZAN,classical,Classical,1,classical\classical.00023.wav,C:\Genrogram\data\gtzan\genres\classical\classical.00023.wav,599c64bb16caf62c6bfa4b3bbd893691acc31b058a4a57e9c9168cf7cd91c6f3,30.013333,included,
493,GTZAN,classical,Classical,1,classical\classical.00023.wav,C:\Genrogram\data\gtzan\genres\classical\classical.00023.wav,599c64bb16caf62c6bfa4b3bbd893691acc31b058a4a57e9c9168cf7cd91c6f3,30.013333,included,
494,GTZAN,classical,Classical,1,classical\classical.00024.wav,C:\Genrogram\data\gtzan\genres\classical\classical.00024.wav,ddc5233f7e4203601c55deb8472b230652d169a1480a5798f8f67d3ded6622e5,30.013333,included,
495,GTZAN,classical,Classical,1,classical\classical.00024.wav,C:\Genrogram\data\gtzan\genres\classical\classical.00024.wav,ddc5233f7e4203601c55deb8472b230652d169a1480a5798f8f67d3ded6622e5,30.013333,included,
496,GTZAN,classical,Classical,1,classical\classical.00025.wav,C:\Genrogram\data\gtzan\genres\classical\classical.00025.wav,882f3c8060c948169185c4da34c40d19eef9de7f95bfe88a9d286e5fe6ef1824,30.013333,included,
497,GTZAN,classical,Classical,1,classical\classical.00025.wav,C:\Genrogram\data\gtzan\genres\classical\classical.00025.wav,882f3c8060c948169185c4da34c40d19eef9de7f95bfe88a9d286e5fe6ef1824,30.013333,included,
498,GTZAN,classical,Classical,1,classical\classical.00026.wav,C:\Genrogram\data\gtzan\genres\classical\classical.00026.wav,232c383d7902497d23162c78f3dc061ceb81663cf442fab19633ca1555e3f9e1,30.013333,included,
499,GTZAN,classical,Classical,1,classical\classical.00026.wav,C:\Genrogram\data\gtzan\genres\classical\classical.00026.wav,232c383d7902497d23162c78f3dc061ceb81663cf442fab19633ca1555e3f9e1,30.013333,included,
500,GTZAN,classical,Classical,1,classical\classical.00027.wav,C:\Genrogram\data\gtzan\genres\classical\classical.00027.wav,6180ec8014d27116ec0ab95d08748f62f522398141c52e2d0c9231285a74305b,30.013333,included,
501,GTZAN,classical,Classical,1,classical\classical.00027.wav,C:\Genrogram\data\gtzan\genres\classical\classical.00027.wav,6180ec8014d27116ec0ab95d08748f62f522398141c52e2d0c9231285a74305b,30.013333,included,
502,GTZAN,classical,Classical,1,classical\classical.00028.wav,C:\Genrogram\data\gtzan\genres\classical\classical.00028.wav,84847571f16a57a373a433f211db09ac24cfc6a4021d896e445ddd099a4860c4,30.013333,included,
503,GTZAN,classical,Classical,1,classical\classical.00028.wav,C:\Genrogram\data\gtzan\genres\classical\classical.00028.wav,84847571f16a57a373a433f211db09ac24cfc6a4021d896e445ddd099a4860c4,30.013333,included,
504,GTZAN,classical,Classical,1,classical\classical.00029.wav,C:\Genrogram\data\gtzan\genres\classical\classical.00029.wav,29f0150353a1dbd7a3fbb6195b862cba0ba57957d54700ecbf233607c2b7d32d,30.013333,included,
505,GTZAN,classical,Classical,1,classical\classical.00029.wav,C:\Genrogram\data\gtzan\genres\classical\classical.00029.wav,29f0150353a1dbd7a3fbb6195b862cba0ba57957d54700ecbf233607c2b7d32d,30.013333,included,
506,GTZAN,classical,Classical,1,classical\classical.00030.wav,C:\Genrogram\data\gtzan\genres\classical\classical.00030.wav,5c1c82f79519344f01c572c59447e4447246e5e7b349be3e2269b08a23b8cb55,30.013333,included,
507,GTZAN,classical,Classical,1,classical\classical.00030.wav,C:\Genrogram\data\gtzan\genres\classical\classical.00030.wav,5c1c82f79519344f01c572c59447e4447246e5e7b349be3e2269b08a23b8cb55,30.013333,included,
508,GTZAN,classical,Classical,1,classical\classical.00031.wav,C:\Genrogram\data\gtzan\genres\classical\classical.00031.wav,b2309be97a19e2973109b642abb7764b4205d9643710edd10fee098ca4cdd6d1,30.013333,included,
509,GTZAN,classical,Classical,1,classical\classical.00031.wav,C:\Genrogram\data\gtzan\genres\classical\classical.00031.wav,b2309be97a19e2973109b642abb7764b4205d9643710edd10fee098ca4cdd6d1,30.013333,included,
510,GTZAN,classical,Classical,1,classical\classical.00032.wav,C:\Genrogram\data\gtzan\genres\classical\classical.00032.wav,798a74dfcaa54a880c50a6e08841ea1e14f495db0aabed22a2da68230fbd8dc5,30.013333,included,
511,GTZAN,classical,Classical,1,classical\classical.00032.wav,C:\Genrogram\data\gtzan\genres\classical\classical.00032.wav,798a74dfcaa54a880c50a6e08841ea1e14f495db0aabed22a2da68230fbd8dc5,30.013333,included,
512,GTZAN,classical,Classical,1,classical\classical.00033.wav,C:\Genrogram\data\gtzan\genres\classical\classical.00033.wav,4c1290af1bf66e6bc7c98c3e937aaa6e4a09a4392d37f2a5873fc6fa2d24e249,30.013333,included,
513,GTZAN,classical,Classical,1,classical\classical.00033.wav,C:\Genrogram\data\gtzan\genres\classical\classical.00033.wav,4c1290af1bf66e6bc7c98c3e937aaa6e4a09a4392d37f2a5873fc6fa2d24e249,30.013333,included,
514,GTZAN,classical,Classical,1,classical\classical.00034.wav,C:\Genrogram\data\gtzan\genres\classical\classical.00034.wav,39d56dd0eb72a23fb36c7fa34a3a7e5d78608aaf10d1aed743af6afe2fa10a8a,30.013333,included,
515,GTZAN,classical,Classical,1,classical\classical.00034.wav,C:\Genrogram\data\gtzan\genres\classical\classical.00034.wav,39d56dd0eb72a23fb36c7fa34a3a7e5d78608aaf10d1aed743af6afe2fa10a8a,30.013333,included,
516,GTZAN,classical,Classical,1,classical\classical.00035.wav,C:\Genrogram\data\gtzan\genres\classical\classical.00035.wav,025a87c94f6fef5695da7b1308b85d0fbff394e3a93ec8e6db1ae10290a63804,30.013333,included,
517,GTZAN,classical,Classical,1,classical\classical.00035.wav,C:\Genrogram\data\gtzan\genres\classical\classical.00035.wav,025a87c94f6fef5695da7b1308b85d0fbff394e3a93ec8e6db1ae10290a63804,30.013333,included,
518,GTZAN,classical,Classical,1,classical\classical.00036.wav,C:\Genrogram\data\gtzan\genres\classical\classical.00036.wav,ea071f760905434719ccf05376028836b085e7b361ca3a0791de48a2b27bf917,30.013333,included,
519,GTZAN,classical,Classical,1,classical\classical.00036.wav,C:\Genrogram\data\gtzan\genres\classical\classical.00036.wav,ea071f760905434719ccf05376028836b085e7b361ca3a0791de48a2b27bf917,30.013333,included,
520,GTZAN,classical,Classical,1,classical\classical.00037.wav,C:\Genrogram\data\gtzan\genres\classical\classical.00037.wav,ed6418130e768473ff48b83859ac9c5db41b4c0282dfd6497182d49eb963efa4,30.013333,included,
521,GTZAN,classical,Classical,1,classical\classical.00037.wav,C:\Genrogram\data\gtzan\genres\classical\classical.00037.wav,ed6418130e768473ff48b83859ac9c5db41b4c0282dfd6497182d49eb963efa4,30.013333,included,
522,GTZAN,classical,Classical,1,classical\classical.00038.wav,C:\Genrogram\data\gtzan\genres\classical\classical.00038.wav,562a844ebc633b90ef571c2ebfe2e18ea02d13686fb449eb80bacb7978aa495c,30.013333,included,
523,GTZAN,classical,Classical,1,classical\classical.00038.wav,C:\Genrogram\data\gtzan\genres\classical\classical.00038.wav,562a844ebc633b90ef571c2ebfe2e18ea02d13686fb449eb80bacb7978aa495c,30.013333,included,
524,GTZAN,classical,Classical,1,classical\classical.00039.wav,C:\Genrogram\data\gtzan\genres\classical\classical.00039.wav,1c7e5d9210e85158fc29bb048bcbe246aed19252540a3142876e1ffa2035157a,30.013333,included,
525,GTZAN,classical,Classical,1,classical\classical.00039.wav,C:\Genrogram\data\gtzan\genres\classical\classical.00039.wav,1c7e5d9210e85158fc29bb048bcbe246aed19252540a3142876e1ffa2035157a,30.013333,included,
526,GTZAN,classical,Classical,1,classical\classical.00040.wav,C:\Genrogram\data\gtzan\genres\classical\classical.00040.wav,1231202b2b13cc99ecf0c1dbb8a69e4ae7968f5c0c66e7544d5acf39ac4e579b,30.013333,included,
527,GTZAN,classical,Classical,1,classical\classical.00040.wav,C:\Genrogram\data\gtzan\genres\classical\classical.00040.wav,1231202b2b13cc99ecf0c1dbb8a69e4ae7968f5c0c66e7544d5acf39ac4e579b,30.013333,included,
528,GTZAN,classical,Classical,1,classical\classical.00041.wav,C:\Genrogram\data\gtzan\genres\classical\classical.00041.wav,cfe7086d7d462da748b114e0824a20145095928f2305913508ba57e7fa5c8b86,30.013333,included,
529,GTZAN,classical,Classical,1,classical\classical.00041.wav,C:\Genrogram\data\gtzan\genres\classical\classical.00041.wav,cfe7086d7d462da748b114e0824a20145095928f2305913508ba57e7fa5c8b86,30.013333,included,
530,GTZAN,classical,Classical,1,classical\classical.00042.wav,C:\Genrogram\data\gtzan\genres\classical\classical.00042.wav,50de8768f3ae6a5d5b73d0ecf38bea65a90e573c740c9b0e7c6a47d137f81492,30.370975,included,
531,GTZAN,classical,Classical,1,classical\classical.00042.wav,C:\Genrogram\data\gtzan\genres\classical\classical.00042.wav,50de8768f3ae6a5d5b73d0ecf38bea65a90e573c740c9b0e7c6a47d137f81492,30.370975,included,
532,GTZAN,classical,Classical,1,classical\classical.00043.wav,C:\Genrogram\data\gtzan\genres\classical\classical.00043.wav,72043d2f161320846db0c57582eb4b1c1d2787f5a8151741cfe07c82bbfcef52,30.007982,included,
533,GTZAN,classical,Classical,1,classical\classical.00043.wav,C:\Genrogram\data\gtzan\genres\classical\classical.00043.wav,72043d2f161320846db0c57582eb4b1c1d2787f5a8151741cfe07c82bbfcef52,30.007982,included,
534,GTZAN,classical,Classical,1,classical\classical.00044.wav,C:\Genrogram\data\gtzan\genres\classical\classical.00044.wav,24a497f0e25a6e62794b44cc554f9f05993a39cae9d84cad59d15a37ef65327c,30.013333,included,
535,GTZAN,classical,Classical,1,classical\classical.00044.wav,C:\Genrogram\data\gtzan\genres\classical\classical.00044.wav,24a497f0e25a6e62794b44cc554f9f05993a39cae9d84cad59d15a37ef65327c,30.013333,included,
536,GTZAN,classical,Classical,1,classical\classical.00045.wav,C:\Genrogram\data\gtzan\genres\classical\classical.00045.wav,a7a8d6c3b46838690217a9f8921d5a36dfea959e9b24651b173c20fd687aeae5,30.171429,included,
537,GTZAN,classical,Classical,1,classical\classical.00045.wav,C:\Genrogram\data\gtzan\genres\classical\classical.00045.wav,a7a8d6c3b46838690217a9f8921d5a36dfea959e9b24651b173c20fd687aeae5,30.171429,included,
538,GTZAN,classical,Classical,1,classical\classical.00046.wav,C:\Genrogram\data\gtzan\genres\classical\classical.00046.wav,771b18b4e3b50529db00a3afb84e9d2461f863297cd928588a3cb6ffbbc57332,30.011791,included,
539,GTZAN,classical,Classical,1,classical\classical.00046.wav,C:\Genrogram\data\gtzan\genres\classical\classical.00046.wav,771b18b4e3b50529db00a3afb84e9d2461f863297cd928588a3cb6ffbbc57332,30.011791,included,
540,GTZAN,classical,Classical,1,classical\classical.00047.wav,C:\Genrogram\data\gtzan\genres\classical\classical.00047.wav,3ba06460c246f2517b093f94721b08252abaf5a95b269b93dbf43cc64224a35b,30.013333,included,
541,GTZAN,classical,Classical,1,classical\classical.00047.wav,C:\Genrogram\data\gtzan\genres\classical\classical.00047.wav,3ba06460c246f2517b093f94721b08252abaf5a95b269b93dbf43cc64224a35b,30.013333,included,
542,GTZAN,classical,Classical,1,classical\classical.00048.wav,C:\Genrogram\data\gtzan\genres\classical\classical.00048.wav,34b1d49eb0a13a9bce8fbc8854cddb8f4391d39d20863f902f0b4cee568b5e2e,30.091610,included,
543,GTZAN,classical,Classical,1,classical\classical.00048.wav,C:\Genrogram\data\gtzan\genres\classical\classical.00048.wav,34b1d49eb0a13a9bce8fbc8854cddb8f4391d39d20863f902f0b4cee568b5e2e,30.091610,included,
544,GTZAN,classical,Classical,1,classical\classical.00049.wav,C:\Genrogram\data\gtzan\genres\classical\classical.00049.wav,f817be1b0be22451a63a227504c7a84bf2a3ab739d05163809b1cfcb54e544fb,29.995828,included,
545,GTZAN,classical,Classical,1,classical\classical.00049.wav,C:\Genrogram\data\gtzan\genres\classical\classical.00049.wav,f817be1b0be22451a63a227504c7a84bf2a3ab739d05163809b1cfcb54e544fb,29.995828,included,
546,GTZAN,classical,Classical,1,classical\classical.00050.wav,C:\Genrogram\data\gtzan\genres\classical\classical.00050.wav,37b2cd5439860c1faef5ed03b27cba3a77316efe2b2da90ef83cf6c365d0712c,30.013333,included,
547,GTZAN,classical,Classical,1,classical\classical.00050.wav,C:\Genrogram\data\gtzan\genres\classical\classical.00050.wav,37b2cd5439860c1faef5ed03b27cba3a77316efe2b2da90ef83cf6c365d0712c,30.013333,included,
548,GTZAN,classical,Classical,1,classical\classical.00051.wav,C:\Genrogram\data\gtzan\genres\classical\classical.00051.wav,529f84176f8e05feb59b151db3a07b3347c6cd9fa945b77c3f7b1da18a409ac0,29.992925,included,
549,GTZAN,classical,Classical,1,classical\classical.00051.wav,C:\Genrogram\data\gtzan\genres\classical\classical.00051.wav,529f84176f8e05feb59b151db3a07b3347c6cd9fa945b77c3f7b1da18a409ac0,29.992925,included,
550,GTZAN,classical,Classical,1,classical\classical.00052.wav,C:\Genrogram\data\gtzan\genres\classical\classical.00052.wav,c628337457c9312255852202638175737923a4f759e6cc7d06d4e81464737560,30.013333,included,
551,GTZAN,classical,Classical,1,classical\classical.00052.wav,C:\Genrogram\data\gtzan\genres\classical\classical.00052.wav,c628337457c9312255852202638175737923a4f759e6cc7d06d4e81464737560,30.013333,included,
552,GTZAN,classical,Classical,1,classical\classical.00053.wav,C:\Genrogram\data\gtzan\genres\classical\classical.00053.wav,5e1f7b255a7ace030f9df66c87c884fa48505875e5e181940ebbbb4b1d3604a3,30.390930,included,
553,GTZAN,classical,Classical,1,classical\classical.00053.wav,C:\Genrogram\data\gtzan\genres\classical\classical.00053.wav,5e1f7b255a7ace030f9df66c87c884fa48505875e5e181940ebbbb4b1d3604a3,30.390930,included,
554,GTZAN,classical,Classical,1,classical\classical.00054.wav,C:\Genrogram\data\gtzan\genres\classical\classical.00054.wav,537002609c6146b9a43f7e7b9577e888a8413935bd92ce417db7cb7e493932ca,30.488980,included,
555,GTZAN,classical,Classical,1,classical\classical.00054.wav,C:\Genrogram\data\gtzan\genres\classical\classical.00054.wav,537002609c6146b9a43f7e7b9577e888a8413935bd92ce417db7cb7e493932ca,30.488980,included,
556,GTZAN,classical,Classical,1,classical\classical.00055.wav,C:\Genrogram\data\gtzan\genres\classical\classical.00055.wav,8446a3040e824981c3385d36efe3d55893a44afc2e822981141da20e28b4f671,30.013333,included,
557,GTZAN,classical,Classical,1,classical\classical.00055.wav,C:\Genrogram\data\gtzan\genres\classical\classical.00055.wav,8446a3040e824981c3385d36efe3d55893a44afc2e822981141da20e28b4f671,30.013333,included,
558,GTZAN,classical,Classical,1,classical\classical.00056.wav,C:\Genrogram\data\gtzan\genres\classical\classical.00056.wav,4a8faca14df7c2dfee1cfdf3d5064c8235834747142f5b723af91edf666c0540,30.071655,included,
559,GTZAN,classical,Classical,1,classical\classical.00056.wav,C:\Genrogram\data\gtzan\genres\classical\classical.00056.wav,4a8faca14df7c2dfee1cfdf3d5064c8235834747142f5b723af91edf666c0540,30.071655,included,
560,GTZAN,classical,Classical,1,classical\classical.00057.wav,C:\Genrogram\data\gtzan\genres\classical\classical.00057.wav,b0c4eba1fcb4d3532438896efb838219eb7c6bf3511be962b12071077036f233,30.013333,included,
561,GTZAN,classical,Classical,1,classical\classical.00057.wav,C:\Genrogram\data\gtzan\genres\classical\classical.00057.wav,b0c4eba1fcb4d3532438896efb838219eb7c6bf3511be962b12071077036f233,30.013333,included,
562,GTZAN,classical,Classical,1,classical\classical.00058.wav,C:\Genrogram\data\gtzan\genres\classical\classical.00058.wav,0f9352676cbf481257746afd999b13a8a8bb6116b6b9d5a2a7599bbb427714c9,30.013333,included,
563,GTZAN,classical,Classical,1,classical\classical.00058.wav,C:\Genrogram\data\gtzan\genres\classical\classical.00058.wav,0f9352676cbf481257746afd999b13a8a8bb6116b6b9d5a2a7599bbb427714c9,30.013333,included,
564,GTZAN,classical,Classical,1,classical\classical.00059.wav,C:\Genrogram\data\gtzan\genres\classical\classical.00059.wav,1571f6b178ab8f2fa03da8a3a9458cdcc1ab62a3e9c56827cee55a953b1f5508,30.013333,included,
565,GTZAN,classical,Classical,1,classical\classical.00059.wav,C:\Genrogram\data\gtzan\genres\classical\classical.00059.wav,1571f6b178ab8f2fa03da8a3a9458cdcc1ab62a3e9c56827cee55a953b1f5508,30.013333,included,
566,GTZAN,classical,Classical,1,classical\classical.00060.wav,C:\Genrogram\data\gtzan\genres\classical\classical.00060.wav,13d5cd62e393c194bdbc91cdf4bff74f6c981d895442f8dfeb072b1457ce2927,30.013333,included,
567,GTZAN,classical,Classical,1,classical\classical.00060.wav,C:\Genrogram\data\gtzan\genres\classical\classical.00060.wav,13d5cd62e393c194bdbc91cdf4bff74f6c981d895442f8dfeb072b1457ce2927,30.013333,included,
568,GTZAN,classical,Classical,1,classical\classical.00061.wav,C:\Genrogram\data\gtzan\genres\classical\classical.00061.wav,0a1d6893cd000f8ccac0401d2c5ac5f156c56bf11221dafb11c9f9bde8a1f879,30.013333,included,
569,GTZAN,classical,Classical,1,classical\classical.00061.wav,C:\Genrogram\data\gtzan\genres\classical\classical.00061.wav,0a1d6893cd000f8ccac0401d2c5ac5f156c56bf11221dafb11c9f9bde8a1f879,30.013333,included,
570,GTZAN,classical,Classical,1,classical\classical.00062.wav,C:\Genrogram\data\gtzan\genres\classical\classical.00062.wav,489880db2fe4c6740db5f28e45431e7249c3c59db6e4203810a107d621f7a593,30.013333,included,
571,GTZAN,classical,Classical,1,classical\classical.00062.wav,C:\Genrogram\data\gtzan\genres\classical\classical.00062.wav,489880db2fe4c6740db5f28e45431e7249c3c59db6e4203810a107d621f7a593,30.013333,included,
572,GTZAN,classical,Classical,1,classical\classical.00063.wav,C:\Genrogram\data\gtzan\genres\classical\classical.00063.wav,f7914a3233436f10976b6e665007154e66dbdc665e671b00c96aa2fa9f0aae61,30.013333,included,
573,GTZAN,classical,Classical,1,classical\classical.00063.wav,C:\Genrogram\data\gtzan\genres\classical\classical.00063.wav,f7914a3233436f10976b6e665007154e66dbdc665e671b00c96aa2fa9f0aae61,30.013333,included,
574,GTZAN,classical,Classical,1,classical\classical.00064.wav,C:\Genrogram\data\gtzan\genres\classical\classical.00064.wav,ac9ec268df4ac42aa9418b3d8ba081eddac64456fbb075e0ff28da07555fb25e,30.013333,included,
575,GTZAN,classical,Classical,1,classical\classical.00064.wav,C:\Genrogram\data\gtzan\genres\classical\classical.00064.wav,ac9ec268df4ac42aa9418b3d8ba081eddac64456fbb075e0ff28da07555fb25e,30.013333,included,
576,GTZAN,classical,Classical,1,classical\classical.00065.wav,C:\Genrogram\data\gtzan\genres\classical\classical.00065.wav,16a9a952e4cd58ac0ca6009a6542341fb912c90b0e680dbdd3ef090abf736dc6,30.013333,included,
577,GTZAN,classical,Classical,1,classical\classical.00065.wav,C:\Genrogram\data\gtzan\genres\classical\classical.00065.wav,16a9a952e4cd58ac0ca6009a6542341fb912c90b0e680dbdd3ef090abf736dc6,30.013333,included,
578,GTZAN,classical,Classical,1,classical\classical.00066.wav,C:\Genrogram\data\gtzan\genres\classical\classical.00066.wav,d8aefe8e6464e29339c704c24e5faee8a01bfe437cc47dbce8846037aaae65c9,30.013333,included,
579,GTZAN,classical,Classical,1,classical\classical.00066.wav,C:\Genrogram\data\gtzan\genres\classical\classical.00066.wav,d8aefe8e6464e29339c704c24e5faee8a01bfe437cc47dbce8846037aaae65c9,30.013333,included,
580,GTZAN,classical,Classical,1,classical\classical.00067.wav,C:\Genrogram\data\gtzan\genres\classical\classical.00067.wav,4be8805c72ebc59c411548e15d6608f57ed2eeb0524c60d3bf561892eeeeebe3,30.013333,included,
581,GTZAN,classical,Classical,1,classical\classical.00067.wav,C:\Genrogram\data\gtzan\genres\classical\classical.00067.wav,4be8805c72ebc59c411548e15d6608f57ed2eeb0524c60d3bf561892eeeeebe3,30.013333,included,
582,GTZAN,classical,Classical,1,classical\classical.00068.wav,C:\Genrogram\data\gtzan\genres\classical\classical.00068.wav,ee9ed59363a81262ef1f3129566fdb31ff96bc26fcee635b52ddb5d2c217f765,30.013333,included,
583,GTZAN,classical,Classical,1,classical\classical.00068.wav,C:\Genrogram\data\gtzan\genres\classical\classical.00068.wav,ee9ed59363a81262ef1f3129566fdb31ff96bc26fcee635b52ddb5d2c217f765,30.013333,included,
584,GTZAN,classical,Classical,1,classical\classical.00069.wav,C:\Genrogram\data\gtzan\genres\classical\classical.00069.wav,5116325eb5e76e4ad8c522d23af5acb2acf7c9be1f436cdf3a86ab0c5560f7e2,30.013333,included,
585,GTZAN,classical,Classical,1,classical\classical.00069.wav,C:\Genrogram\data\gtzan\genres\classical\classical.00069.wav,5116325eb5e76e4ad8c522d23af5acb2acf7c9be1f436cdf3a86ab0c5560f7e2,30.013333,included,
586,GTZAN,classical,Classical,1,classical\classical.00070.wav,C:\Genrogram\data\gtzan\genres\classical\classical.00070.wav,8376608df88947de8412cd31dcbc3fcda54a4a440e8fd242742ae12c0e86bacf,30.013333,included,
587,GTZAN,classical,Classical,1,classical\classical.00070.wav,C:\Genrogram\data\gtzan\genres\classical\classical.00070.wav,8376608df88947de8412cd31dcbc3fcda54a4a440e8fd242742ae12c0e86bacf,30.013333,included,
588,GTZAN,classical,Classical,1,classical\classical.00071.wav,C:\Genrogram\data\gtzan\genres\classical\classical.00071.wav,a2fdc975e7d66d373cfadc9b89b7eec0f3bf0f20c26ff7775ad75d3604527320,30.013333,included,
589,GTZAN,classical,Classical,1,classical\classical.00071.wav,C:\Genrogram\data\gtzan\genres\classical\classical.00071.wav,a2fdc975e7d66d373cfadc9b89b7eec0f3bf0f20c26ff7775ad75d3604527320,30.013333,included,
590,GTZAN,classical,Classical,1,classical\classical.00072.wav,C:\Genrogram\data\gtzan\genres\classical\classical.00072.wav,c7f8e5cebbece16fdbeef4a8f915d3dcb6a7de1197cc06b8a801b87b2c6a099c,30.013333,included,
591,GTZAN,classical,Classical,1,classical\classical.00072.wav,C:\Genrogram\data\gtzan\genres\classical\classical.00072.wav,c7f8e5cebbece16fdbeef4a8f915d3dcb6a7de1197cc06b8a801b87b2c6a099c,30.013333,included,
592,GTZAN,classical,Classical,1,classical\classical.00073.wav,C:\Genrogram\data\gtzan\genres\classical\classical.00073.wav,41c9b8ee1a1424f77dc27a0302e38f87eba376a2a2fda68bb2861fc38913817c,30.013333,included,
593,GTZAN,classical,Classical,1,classical\classical.00073.wav,C:\Genrogram\data\gtzan\genres\classical\classical.00073.wav,41c9b8ee1a1424f77dc27a0302e38f87eba376a2a2fda68bb2861fc38913817c,30.013333,included,
594,GTZAN,classical,Classical,1,classical\classical.00074.wav,C:\Genrogram\data\gtzan\genres\classical\classical.00074.wav,0b241f75e72bfdc21eea4a02b6af5470788b2c4aa20af7ba4c522c832a45d6e7,30.013333,included,
595,GTZAN,classical,Classical,1,classical\classical.00074.wav,C:\Genrogram\data\gtzan\genres\classical\classical.00074.wav,0b241f75e72bfdc21eea4a02b6af5470788b2c4aa20af7ba4c522c832a45d6e7,30.013333,included,
596,GTZAN,classical,Classical,1,classical\classical.00075.wav,C:\Genrogram\data\gtzan\genres\classical\classical.00075.wav,d10982ffb9fe8febad301c9ff8e1c74e9d19a44301d9917c5d9215558c3dc2d9,30.013333,included,
597,GTZAN,classical,Classical,1,classical\classical.00075.wav,C:\Genrogram\data\gtzan\genres\classical\classical.00075.wav,d10982ffb9fe8febad301c9ff8e1c74e9d19a44301d9917c5d9215558c3dc2d9,30.013333,included,
598,GTZAN,classical,Classical,1,classical\classical.00076.wav,C:\Genrogram\data\gtzan\genres\classical\classical.00076.wav,e7d375eaf9511197945ea63fda140f928ba30e606c2aa7d3f0f401c04fc27263,30.013333,included,
599,GTZAN,classical,Classical,1,classical\classical.00076.wav,C:\Genrogram\data\gtzan\genres\classical\classical.00076.wav,e7d375eaf9511197945ea63fda140f928ba30e606c2aa7d3f0f401c04fc27263,30.013333,included,
600,GTZAN,classical,Classical,1,classical\classical.00077.wav,C:\Genrogram\data\gtzan\genres\classical\classical.00077.wav,938c4c9f68f02a604a2e91d4d40eddb6cbdeec218cb3b729e4e94be46dc90811,30.013333,included,
601,GTZAN,classical,Classical,1,classical\classical.00077.wav,C:\Genrogram\data\gtzan\genres\classical\classical.00077.wav,938c4c9f68f02a604a2e91d4d40eddb6cbdeec218cb3b729e4e94be46dc90811,30.013333,included,
602,GTZAN,classical,Classical,1,classical\classical.00078.wav,C:\Genrogram\data\gtzan\genres\classical\classical.00078.wav,976dc803fa6d8aa2de90e461a48c92506922619afb996bf6e264951f51ee20de,30.013333,included,
603,GTZAN,classical,Classical,1,classical\classical.00078.wav,C:\Genrogram\data\gtzan\genres\classical\classical.00078.wav,976dc803fa6d8aa2de90e461a48c92506922619afb996bf6e264951f51ee20de,30.013333,included,
604,GTZAN,classical,Classical,1,classical\classical.00079.wav,C:\Genrogram\data\gtzan\genres\classical\classical.00079.wav,1f1e57eb74b86fc240f6fb68a1c19348d42d625c79eff1fab1218db4753240f0,30.013333,included,
605,GTZAN,classical,Classical,1,classical\classical.00079.wav,C:\Genrogram\data\gtzan\genres\classical\classical.00079.wav,1f1e57eb74b86fc240f6fb68a1c19348d42d625c79eff1fab1218db4753240f0,30.013333,included,
606,GTZAN,classical,Classical,1,classical\classical.00080.wav,C:\Genrogram\data\gtzan\genres\classical\classical.00080.wav,917a267af4790baab38c31e04962d554496b90a8d46d0063da1fcf083cfbd5ef,30.013333,included,
607,GTZAN,classical,Classical,1,classical\classical.00080.wav,C:\Genrogram\data\gtzan\genres\classical\classical.00080.wav,917a267af4790baab38c31e04962d554496b90a8d46d0063da1fcf083cfbd5ef,30.013333,included,
608,GTZAN,classical,Classical,1,classical\classical.00081.wav,C:\Genrogram\data\gtzan\genres\classical\classical.00081.wav,892f02bad636815a9e6005671d8786d28bf174fe3bbeed579c204cbe5cde9011,30.013333,included,
609,GTZAN,classical,Classical,1,classical\classical.00081.wav,C:\Genrogram\data\gtzan\genres\classical\classical.00081.wav,892f02bad636815a9e6005671d8786d28bf174fe3bbeed579c204cbe5cde9011,30.013333,included,
610,GTZAN,classical,Classical,1,classical\classical.00082.wav,C:\Genrogram\data\gtzan\genres\classical\classical.00082.wav,932d5507d38079dd4df646d2b61b712b98c30e3eb188dfd8cdcac1fff3e85226,30.013333,included,
611,GTZAN,classical,Classical,1,classical\classical.00082.wav,C:\Genrogram\data\gtzan\genres\classical\classical.00082.wav,932d5507d38079dd4df646d2b61b712b98c30e3eb188dfd8cdcac1fff3e85226,30.013333,included,
612,GTZAN,classical,Classical,1,classical\classical.00083.wav,C:\Genrogram\data\gtzan\genres\classical\classical.00083.wav,17651cf1bcb4882eb88444971172676bfc0aa79ae1d66b3bac8cac6750a5e410,30.013333,included,
613,GTZAN,classical,Classical,1,classical\classical.00083.wav,C:\Genrogram\data\gtzan\genres\classical\classical.00083.wav,17651cf1bcb4882eb88444971172676bfc0aa79ae1d66b3bac8cac6750a5e410,30.013333,included,
614,GTZAN,classical,Classical,1,classical\classical.00084.wav,C:\Genrogram\data\gtzan\genres\classical\classical.00084.wav,bfd80e1e1c14a0ebd4bebebbd6be92c312740952256be3c322bb3429036b265b,30.013333,included,
615,GTZAN,classical,Classical,1,classical\classical.00084.wav,C:\Genrogram\data\gtzan\genres\classical\classical.00084.wav,bfd80e1e1c14a0ebd4bebebbd6be92c312740952256be3c322bb3429036b265b,30.013333,included,
616,GTZAN,classical,Classical,1,classical\classical.00085.wav,C:\Genrogram\data\gtzan\genres\classical\classical.00085.wav,954aecc80aee0462773d252eefd2b457b20a1d63d37cf696bbc2aded112b1bcc,30.013333,included,
617,GTZAN,classical,Classical,1,classical\classical.00085.wav,C:\Genrogram\data\gtzan\genres\classical\classical.00085.wav,954aecc80aee0462773d252eefd2b457b20a1d63d37cf696bbc2aded112b1bcc,30.013333,included,
618,GTZAN,classical,Classical,1,classical\classical.00086.wav,C:\Genrogram\data\gtzan\genres\classical\classical.00086.wav,d4410fa2af72fe1b95ce53c3473d138d7500f815620c5fc139f75a5be15d09b7,30.013333,included,
619,GTZAN,classical,Classical,1,classical\classical.00086.wav,C:\Genrogram\data\gtzan\genres\classical\classical.00086.wav,d4410fa2af72fe1b95ce53c3473d138d7500f815620c5fc139f75a5be15d09b7,30.013333,included,
620,GTZAN,classical,Classical,1,classical\classical.00087.wav,C:\Genrogram\data\gtzan\genres\classical\classical.00087.wav,f8576d75f757afb5b8f7ff3ae120563e9defe357f9698a658343ed65739c5398,30.013333,included,
621,GTZAN,classical,Classical,1,classical\classical.00087.wav,C:\Genrogram\data\gtzan\genres\classical\classical.00087.wav,f8576d75f757afb5b8f7ff3ae120563e9defe357f9698a658343ed65739c5398,30.013333,included,
622,GTZAN,classical,Classical,1,classical\classical.00088.wav,C:\Genrogram\data\gtzan\genres\classical\classical.00088.wav,c1530a439a63d0e8c84838e60c2c38a9b4661d883cdc80c303fab1e1e078d974,30.013333,included,
623,GTZAN,classical,Classical,1,classical\classical.00088.wav,C:\Genrogram\data\gtzan\genres\classical\classical.00088.wav,c1530a439a63d0e8c84838e60c2c38a9b4661d883cdc80c303fab1e1e078d974,30.013333,included,
624,GTZAN,classical,Classical,1,classical\classical.00089.wav,C:\Genrogram\data\gtzan\genres\classical\classical.00089.wav,ff72998ce6ecbea2f99da44bc98e8da35af45d6d44ddde49b8e740bc20c74637,30.013333,included,
625,GTZAN,classical,Classical,1,classical\classical.00089.wav,C:\Genrogram\data\gtzan\genres\classical\classical.00089.wav,ff72998ce6ecbea2f99da44bc98e8da35af45d6d44ddde49b8e740bc20c74637,30.013333,included,
626,GTZAN,classical,Classical,1,classical\classical.00090.wav,C:\Genrogram\data\gtzan\genres\classical\classical.00090.wav,7f2b0085632bbde2696ebb4097380d3f38cf74b33ef1826a08dfe729bfe6cd8f,30.013333,included,
627,GTZAN,classical,Classical,1,classical\classical.00090.wav,C:\Genrogram\data\gtzan\genres\classical\classical.00090.wav,7f2b0085632bbde2696ebb4097380d3f38cf74b33ef1826a08dfe729bfe6cd8f,30.013333,included,
628,GTZAN,classical,Classical,1,classical\classical.00091.wav,C:\Genrogram\data\gtzan\genres\classical\classical.00091.wav,1d2d3db74552552b80d547075d9de228520eb1e5ff07306e0676113b294e3565,30.013333,included,
629,GTZAN,classical,Classical,1,classical\classical.00091.wav,C:\Genrogram\data\gtzan\genres\classical\classical.00091.wav,1d2d3db74552552b80d547075d9de228520eb1e5ff07306e0676113b294e3565,30.013333,included,
630,GTZAN,classical,Classical,1,classical\classical.00092.wav,C:\Genrogram\data\gtzan\genres\classical\classical.00092.wav,c7ad1c7447208d28e1e10d0d8d13ac499e7eea4b29dfb82316d0d89ec128790f,30.013333,included,
631,GTZAN,classical,Classical,1,classical\classical.00092.wav,C:\Genrogram\data\gtzan\genres\classical\classical.00092.wav,c7ad1c7447208d28e1e10d0d8d13ac499e7eea4b29dfb82316d0d89ec128790f,30.013333,included,
632,GTZAN,classical,Classical,1,classical\classical.00093.wav,C:\Genrogram\data\gtzan\genres\classical\classical.00093.wav,cd3968e9a098d95be99cb8a1802eb4c656ca2fb77707ed7e60da036f0dac1591,30.013333,included,
633,GTZAN,classical,Classical,1,classical\classical.00093.wav,C:\Genrogram\data\gtzan\genres\classical\classical.00093.wav,cd3968e9a098d95be99cb8a1802eb4c656ca2fb77707ed7e60da036f0dac1591,30.013333,included,
634,GTZAN,classical,Classical,1,classical\classical.00094.wav,C:\Genrogram\data\gtzan\genres\classical\classical.00094.wav,1fc144ee75bade9466c38567b654c68fc577aaef93c46ed5acba9c7407147830,30.013333,included,
635,GTZAN,classical,Classical,1,classical\classical.00094.wav,C:\Genrogram\data\gtzan\genres\classical\classical.00094.wav,1fc144ee75bade9466c38567b654c68fc577aaef93c46ed5acba9c7407147830,30.013333,included,
636,GTZAN,classical,Classical,1,classical\classical.00095.wav,C:\Genrogram\data\gtzan\genres\classical\classical.00095.wav,b986944b9e535ef1c0aa304e05ed9f4b5b477249894cd8510e2ff54aca007a38,30.013333,included,
637,GTZAN,classical,Classical,1,classical\classical.00095.wav,C:\Genrogram\data\gtzan\genres\classical\classical.00095.wav,b986944b9e535ef1c0aa304e05ed9f4b5b477249894cd8510e2ff54aca007a38,30.013333,included,
638,GTZAN,classical,Classical,1,classical\classical.00096.wav,C:\Genrogram\data\gtzan\genres\classical\classical.00096.wav,08ef920b22c6fdee2730c75fb0437c3b0ddffccbd509199335a2764dfd070cd6,30.013333,included,
639,GTZAN,classical,Classical,1,classical\classical.00096.wav,C:\Genrogram\data\gtzan\genres\classical\classical.00096.wav,08ef920b22c6fdee2730c75fb0437c3b0ddffccbd509199335a2764dfd070cd6,30.013333,included,
640,GTZAN,classical,Classical,1,classical\classical.00097.wav,C:\Genrogram\data\gtzan\genres\classical\classical.00097.wav,4fc4c1b70a880fbef60345c28a3b9aeb6099051f8dbaea7ad1a1b6141e517813,30.013333,included,
641,GTZAN,classical,Classical,1,classical\classical.00097.wav,C:\Genrogram\data\gtzan\genres\classical\classical.00097.wav,4fc4c1b70a880fbef60345c28a3b9aeb6099051f8dbaea7ad1a1b6141e517813,30.013333,included,
642,GTZAN,classical,Classical,1,classical\classical.00098.wav,C:\Genrogram\data\gtzan\genres\classical\classical.00098.wav,cb19de582fd789ea05a0d6a2a4927336277d49a4b919a0dadb2e383070bef10c,30.013333,included,
643,GTZAN,classical,Classical,1,classical\classical.00098.wav,C:\Genrogram\data\gtzan\genres\classical\classical.00098.wav,cb19de582fd789ea05a0d6a2a4927336277d49a4b919a0dadb2e383070bef10c,30.013333,included,
644,GTZAN,classical,Classical,1,classical\classical.00099.wav,C:\Genrogram\data\gtzan\genres\classical\classical.00099.wav,6c97ee2262082a5e21233d66693bfba12d22cce077b20e2f0026767195bee787,30.013333,included,
645,GTZAN,classical,Classical,1,classical\classical.00099.wav,C:\Genrogram\data\gtzan\genres\classical\classical.00099.wav,6c97ee2262082a5e21233d66693bfba12d22cce077b20e2f0026767195bee787,30.013333,included,
646,GTZAN,country,Country,2,country\country.00000.wav,C:\Genrogram\data\gtzan\genres\country\country.00000.wav,4fb9f2f74ad041b9135e5f6b04f8cfa0093eec0ed4674c66f10babe988e9652d,30.081633,included,
647,GTZAN,country,Country,2,country\country.00000.wav,C:\Genrogram\data\gtzan\genres\country\country.00000.wav,4fb9f2f74ad041b9135e5f6b04f8cfa0093eec0ed4674c66f10babe988e9652d,30.081633,included,
648,GTZAN,country,Country,2,country\country.00001.wav,C:\Genrogram\data\gtzan\genres\country\country.00001.wav,e33e5e03de72bae531e359bf01005578f10a0d6b7677b35f1adac3d43e13c994,30.011791,included,
649,GTZAN,country,Country,2,country\country.00001.wav,C:\Genrogram\data\gtzan\genres\country\country.00001.wav,e33e5e03de72bae531e359bf01005578f10a0d6b7677b35f1adac3d43e13c994,30.011791,included,
650,GTZAN,country,Country,2,country\country.00002.wav,C:\Genrogram\data\gtzan\genres\country\country.00002.wav,568aa4d3b69ee4d6d8740a91a6b22bb3ac43a624400aca5a5b89930808608b32,30.370975,included,
651,GTZAN,country,Country,2,country\country.00002.wav,C:\Genrogram\data\gtzan\genres\country\country.00002.wav,568aa4d3b69ee4d6d8740a91a6b22bb3ac43a624400aca5a5b89930808608b32,30.370975,included,
652,GTZAN,country,Country,2,country\country.00003.wav,C:\Genrogram\data\gtzan\genres\country\country.00003.wav,ca6053908229c3b26bbd246165f1264ce977e8a9d85ea402a492a15f2307b93a,29.995828,included,
653,GTZAN,country,Country,2,country\country.00003.wav,C:\Genrogram\data\gtzan\genres\country\country.00003.wav,ca6053908229c3b26bbd246165f1264ce977e8a9d85ea402a492a15f2307b93a,29.995828,included,
654,GTZAN,country,Country,2,country\country.00004.wav,C:\Genrogram\data\gtzan\genres\country\country.00004.wav,0facccbbe5adfe8ec45ff17a751e21b72730454cd0fa39f304bf8d2cdc866a36,29.995828,included,
655,GTZAN,country,Country,2,country\country.00004.wav,C:\Genrogram\data\gtzan\genres\country\country.00004.wav,0facccbbe5adfe8ec45ff17a751e21b72730454cd0fa39f304bf8d2cdc866a36,29.995828,included,
656,GTZAN,country,Country,2,country\country.00005.wav,C:\Genrogram\data\gtzan\genres\country\country.00005.wav,cdf7594207680509928176b61e82e04f16290903c4147fc30211e7ccc2e34733,30.241270,included,
657,GTZAN,country,Country,2,country\country.00005.wav,C:\Genrogram\data\gtzan\genres\country\country.00005.wav,cdf7594207680509928176b61e82e04f16290903c4147fc30211e7ccc2e34733,30.241270,included,
658,GTZAN,country,Country,2,country\country.00006.wav,C:\Genrogram\data\gtzan\genres\country\country.00006.wav,ea5ad054b644d41c228491805cd9b871695fb8b68087c248a0e3cfc378a479cd,30.331066,included,
659,GTZAN,country,Country,2,country\country.00006.wav,C:\Genrogram\data\gtzan\genres\country\country.00006.wav,ea5ad054b644d41c228491805cd9b871695fb8b68087c248a0e3cfc378a479cd,30.331066,included,
660,GTZAN,country,Country,2,country\country.00007.wav,C:\Genrogram\data\gtzan\genres\country\country.00007.wav,e9afd6b730b8dafaa9f6c764f9b9facc4e419fa38236752670c40855683d76b0,29.981859,included,
661,GTZAN,country,Country,2,country\country.00007.wav,C:\Genrogram\data\gtzan\genres\country\country.00007.wav,e9afd6b730b8dafaa9f6c764f9b9facc4e419fa38236752670c40855683d76b0,29.981859,included,
662,GTZAN,country,Country,2,country\country.00008.wav,C:\Genrogram\data\gtzan\genres\country\country.00008.wav,dbfd35f47e913737b62baab8dc75d4e362be1e2b1a63533b1850ff1746652a7d,30.101587,included,
663,GTZAN,country,Country,2,country\country.00008.wav,C:\Genrogram\data\gtzan\genres\country\country.00008.wav,dbfd35f47e913737b62baab8dc75d4e362be1e2b1a63533b1850ff1746652a7d,30.101587,included,
664,GTZAN,country,Country,2,country\country.00009.wav,C:\Genrogram\data\gtzan\genres\country\country.00009.wav,4354050dc1674bac78058c366ed23a9ab1801120190de89c40e27b8a0d781563,30.081633,included,
665,GTZAN,country,Country,2,country\country.00009.wav,C:\Genrogram\data\gtzan\genres\country\country.00009.wav,4354050dc1674bac78058c366ed23a9ab1801120190de89c40e27b8a0d781563,30.081633,included,
666,GTZAN,country,Country,2,country\country.00010.wav,C:\Genrogram\data\gtzan\genres\country\country.00010.wav,e104f01faeb2829b21225340cc86927ab2704b65a7e490d3ed1c5ef0dc6c14db,30.013333,included,
667,GTZAN,country,Country,2,country\country.00010.wav,C:\Genrogram\data\gtzan\genres\country\country.00010.wav,e104f01faeb2829b21225340cc86927ab2704b65a7e490d3ed1c5ef0dc6c14db,30.013333,included,
668,GTZAN,country,Country,2,country\country.00011.wav,C:\Genrogram\data\gtzan\genres\country\country.00011.wav,337021f4354e880009520f5854a40fdfeddc24df798780419704c564b5601fcf,30.013333,included,
669,GTZAN,country,Country,2,country\country.00011.wav,C:\Genrogram\data\gtzan\genres\country\country.00011.wav,337021f4354e880009520f5854a40fdfeddc24df798780419704c564b5601fcf,30.013333,included,
670,GTZAN,country,Country,2,country\country.00012.wav,C:\Genrogram\data\gtzan\genres\country\country.00012.wav,ac77a065dbff6f0d86c410ffe20825197c69ad1e9bfa765785ede118b74666d6,30.013333,included,
671,GTZAN,country,Country,2,country\country.00012.wav,C:\Genrogram\data\gtzan\genres\country\country.00012.wav,ac77a065dbff6f0d86c410ffe20825197c69ad1e9bfa765785ede118b74666d6,30.013333,included,
672,GTZAN,country,Country,2,country\country.00013.wav,C:\Genrogram\data\gtzan\genres\country\country.00013.wav,fb348a10e71a0c2a1d943594a6e08da769f3aabf8bf9c2af00e5db380ebae8c5,30.013333,included,
673,GTZAN,country,Country,2,country\country.00013.wav,C:\Genrogram\data\gtzan\genres\country\country.00013.wav,fb348a10e71a0c2a1d943594a6e08da769f3aabf8bf9c2af00e5db380ebae8c5,30.013333,included,
674,GTZAN,country,Country,2,country\country.00014.wav,C:\Genrogram\data\gtzan\genres\country\country.00014.wav,fdef5d159860c54165f7b0f5d4a3edacded55a1e38963a679d5fbe77be94138b,30.013333,included,
675,GTZAN,country,Country,2,country\country.00014.wav,C:\Genrogram\data\gtzan\genres\country\country.00014.wav,fdef5d159860c54165f7b0f5d4a3edacded55a1e38963a679d5fbe77be94138b,30.013333,included,
676,GTZAN,country,Country,2,country\country.00015.wav,C:\Genrogram\data\gtzan\genres\country\country.00015.wav,ab5f47e29af9f1857b0ad1008cc0653314868f3fd2874cd5f8e655c16ccd2647,30.013333,included,
677,GTZAN,country,Country,2,country\country.00015.wav,C:\Genrogram\data\gtzan\genres\country\country.00015.wav,ab5f47e29af9f1857b0ad1008cc0653314868f3fd2874cd5f8e655c16ccd2647,30.013333,included,
678,GTZAN,country,Country,2,country\country.00016.wav,C:\Genrogram\data\gtzan\genres\country\country.00016.wav,7537fb0cde5f837c7aa4e86709a4d396f6163939330ef119699b5037bf951f38,30.013333,included,
679,GTZAN,country,Country,2,country\country.00016.wav,C:\Genrogram\data\gtzan\genres\country\country.00016.wav,7537fb0cde5f837c7aa4e86709a4d396f6163939330ef119699b5037bf951f38,30.013333,included,
680,GTZAN,country,Country,2,country\country.00017.wav,C:\Genrogram\data\gtzan\genres\country\country.00017.wav,25841ed1a4a8e62ea4003982d54a7a10a18d85ee9c6ba7fd4a4f36ba3af23852,30.013333,included,
681,GTZAN,country,Country,2,country\country.00017.wav,C:\Genrogram\data\gtzan\genres\country\country.00017.wav,25841ed1a4a8e62ea4003982d54a7a10a18d85ee9c6ba7fd4a4f36ba3af23852,30.013333,included,
682,GTZAN,country,Country,2,country\country.00018.wav,C:\Genrogram\data\gtzan\genres\country\country.00018.wav,fd81380bc999638ab3bd205f6baf39032d7638144024c0b7a332a42e5c35cf0d,30.013333,included,
683,GTZAN,country,Country,2,country\country.00018.wav,C:\Genrogram\data\gtzan\genres\country\country.00018.wav,fd81380bc999638ab3bd205f6baf39032d7638144024c0b7a332a42e5c35cf0d,30.013333,included,
684,GTZAN,country,Country,2,country\country.00019.wav,C:\Genrogram\data\gtzan\genres\country\country.00019.wav,f4ab876de875f86b8d80864deca84a393d2930edca6578223106309fc4c3f326,30.013333,included,
685,GTZAN,country,Country,2,country\country.00019.wav,C:\Genrogram\data\gtzan\genres\country\country.00019.wav,f4ab876de875f86b8d80864deca84a393d2930edca6578223106309fc4c3f326,30.013333,included,
686,GTZAN,country,Country,2,country\country.00020.wav,C:\Genrogram\data\gtzan\genres\country\country.00020.wav,1ad5886871ba35bb8808e2b1409e0aedd4803dc459dc84bbc691e4acf07a7e19,30.013333,included,
687,GTZAN,country,Country,2,country\country.00020.wav,C:\Genrogram\data\gtzan\genres\country\country.00020.wav,1ad5886871ba35bb8808e2b1409e0aedd4803dc459dc84bbc691e4acf07a7e19,30.013333,included,
688,GTZAN,country,Country,2,country\country.00021.wav,C:\Genrogram\data\gtzan\genres\country\country.00021.wav,5d3b744944c98818316432a71bb84a9b06123795816c34401476a522dd99e8bf,30.013333,included,
689,GTZAN,country,Country,2,country\country.00021.wav,C:\Genrogram\data\gtzan\genres\country\country.00021.wav,5d3b744944c98818316432a71bb84a9b06123795816c34401476a522dd99e8bf,30.013333,included,
690,GTZAN,country,Country,2,country\country.00022.wav,C:\Genrogram\data\gtzan\genres\country\country.00022.wav,4da0700d0dcfae6e32bd4512106ad37a7a5e032239c584824ed56492a155ce89,30.013333,included,
691,GTZAN,country,Country,2,country\country.00022.wav,C:\Genrogram\data\gtzan\genres\country\country.00022.wav,4da0700d0dcfae6e32bd4512106ad37a7a5e032239c584824ed56492a155ce89,30.013333,included,
692,GTZAN,country,Country,2,country\country.00023.wav,C:\Genrogram\data\gtzan\genres\country\country.00023.wav,522fc76eab88cf2144fea2cb364b46cda385c921afe8c50595502fc7fab8ddec,30.013333,included,
693,GTZAN,country,Country,2,country\country.00023.wav,C:\Genrogram\data\gtzan\genres\country\country.00023.wav,522fc76eab88cf2144fea2cb364b46cda385c921afe8c50595502fc7fab8ddec,30.013333,included,
694,GTZAN,country,Country,2,country\country.00024.wav,C:\Genrogram\data\gtzan\genres\country\country.00024.wav,e7680e318291adb859397843f456364fd0c72f41e6cbe3f9dfb3f7e23864c41c,30.013333,included,
695,GTZAN,country,Country,2,country\country.00024.wav,C:\Genrogram\data\gtzan\genres\country\country.00024.wav,e7680e318291adb859397843f456364fd0c72f41e6cbe3f9dfb3f7e23864c41c,30.013333,included,
696,GTZAN,country,Country,2,country\country.00025.wav,C:\Genrogram\data\gtzan\genres\country\country.00025.wav,5d283bd778fc491036a08e7338fb338afa481bf97f54fb32a00a051b1abb4759,30.013333,included,
697,GTZAN,country,Country,2,country\country.00025.wav,C:\Genrogram\data\gtzan\genres\country\country.00025.wav,5d283bd778fc491036a08e7338fb338afa481bf97f54fb32a00a051b1abb4759,30.013333,included,
698,GTZAN,country,Country,2,country\country.00026.wav,C:\Genrogram\data\gtzan\genres\country\country.00026.wav,8055465313634ca994caff255d52d720862fc2b14173d8e78a9283927c49c611,30.013333,included,
699,GTZAN,country,Country,2,country\country.00026.wav,C:\Genrogram\data\gtzan\genres\country\country.00026.wav,8055465313634ca994caff255d52d720862fc2b14173d8e78a9283927c49c611,30.013333,included,
700,GTZAN,country,Country,2,country\country.00027.wav,C:\Genrogram\data\gtzan\genres\country\country.00027.wav,645e326e709d096ef603e906c730637d39851558db532503df6a33ede955f56f,30.013333,included,
701,GTZAN,country,Country,2,country\country.00027.wav,C:\Genrogram\data\gtzan\genres\country\country.00027.wav,645e326e709d096ef603e906c730637d39851558db532503df6a33ede955f56f,30.013333,included,
702,GTZAN,country,Country,2,country\country.00028.wav,C:\Genrogram\data\gtzan\genres\country\country.00028.wav,247ea76469207c07b9d9b8959a89d04c034739686f80830be6f33d1233d8f85f,30.013333,included,
703,GTZAN,country,Country,2,country\country.00028.wav,C:\Genrogram\data\gtzan\genres\country\country.00028.wav,247ea76469207c07b9d9b8959a89d04c034739686f80830be6f33d1233d8f85f,30.013333,included,
704,GTZAN,country,Country,2,country\country.00029.wav,C:\Genrogram\data\gtzan\genres\country\country.00029.wav,66d4265706c9d34af925d005010a9ab8dedcad87156fd9f977c5eb7508bb31b9,30.013333,included,
705,GTZAN,country,Country,2,country\country.00029.wav,C:\Genrogram\data\gtzan\genres\country\country.00029.wav,66d4265706c9d34af925d005010a9ab8dedcad87156fd9f977c5eb7508bb31b9,30.013333,included,
706,GTZAN,country,Country,2,country\country.00030.wav,C:\Genrogram\data\gtzan\genres\country\country.00030.wav,d0c70ea77638fcf030a27018678cac700e4709a9713cc919574eff3fb3775e74,30.013333,included,
707,GTZAN,country,Country,2,country\country.00030.wav,C:\Genrogram\data\gtzan\genres\country\country.00030.wav,d0c70ea77638fcf030a27018678cac700e4709a9713cc919574eff3fb3775e74,30.013333,included,
708,GTZAN,country,Country,2,country\country.00031.wav,C:\Genrogram\data\gtzan\genres\country\country.00031.wav,fb99205cc54237a0462c593bb472af9ad977806495671d5aa1e231aca9885ccc,30.013333,included,
709,GTZAN,country,Country,2,country\country.00031.wav,C:\Genrogram\data\gtzan\genres\country\country.00031.wav,fb99205cc54237a0462c593bb472af9ad977806495671d5aa1e231aca9885ccc,30.013333,included,
710,GTZAN,country,Country,2,country\country.00032.wav,C:\Genrogram\data\gtzan\genres\country\country.00032.wav,22b7cee72810275e909118b8f1e0d9445fc56846988a589d91186de9ac7ca75e,30.013333,included,
711,GTZAN,country,Country,2,country\country.00032.wav,C:\Genrogram\data\gtzan\genres\country\country.00032.wav,22b7cee72810275e909118b8f1e0d9445fc56846988a589d91186de9ac7ca75e,30.013333,included,
712,GTZAN,country,Country,2,country\country.00033.wav,C:\Genrogram\data\gtzan\genres\country\country.00033.wav,4e39eec2ba0e562767ece814a2ba7d375fc4d84b883ba1a79df7f045bde127f9,30.013333,included,
713,GTZAN,country,Country,2,country\country.00033.wav,C:\Genrogram\data\gtzan\genres\country\country.00033.wav,4e39eec2ba0e562767ece814a2ba7d375fc4d84b883ba1a79df7f045bde127f9,30.013333,included,
714,GTZAN,country,Country,2,country\country.00034.wav,C:\Genrogram\data\gtzan\genres\country\country.00034.wav,b928ccf321dd104178b71c38b4aba82f665ba388d810b9fd05eff40cb79e9f7b,30.013333,included,
715,GTZAN,country,Country,2,country\country.00034.wav,C:\Genrogram\data\gtzan\genres\country\country.00034.wav,b928ccf321dd104178b71c38b4aba82f665ba388d810b9fd05eff40cb79e9f7b,30.013333,included,
716,GTZAN,country,Country,2,country\country.00035.wav,C:\Genrogram\data\gtzan\genres\country\country.00035.wav,b7859199bfbf3d541e9491fb08c01c6a7948764d7cbe55f0b5403e51b0a33fa3,30.013333,included,
717,GTZAN,country,Country,2,country\country.00035.wav,C:\Genrogram\data\gtzan\genres\country\country.00035.wav,b7859199bfbf3d541e9491fb08c01c6a7948764d7cbe55f0b5403e51b0a33fa3,30.013333,included,
718,GTZAN,country,Country,2,country\country.00036.wav,C:\Genrogram\data\gtzan\genres\country\country.00036.wav,55623e3cfa78d8da9a1f2e47f8272f6a8c72ddd96854b9ca153b7981362dbbaf,30.013333,included,
719,GTZAN,country,Country,2,country\country.00036.wav,C:\Genrogram\data\gtzan\genres\country\country.00036.wav,55623e3cfa78d8da9a1f2e47f8272f6a8c72ddd96854b9ca153b7981362dbbaf,30.013333,included,
720,GTZAN,country,Country,2,country\country.00037.wav,C:\Genrogram\data\gtzan\genres\country\country.00037.wav,03a7d88511d7a51ce9cc483b6b74fc486a9617d56d17a5aad55177915378b2e5,30.013333,included,
721,GTZAN,country,Country,2,country\country.00037.wav,C:\Genrogram\data\gtzan\genres\country\country.00037.wav,03a7d88511d7a51ce9cc483b6b74fc486a9617d56d17a5aad55177915378b2e5,30.013333,included,
722,GTZAN,country,Country,2,country\country.00038.wav,C:\Genrogram\data\gtzan\genres\country\country.00038.wav,b2d3b9f6f35613b6d8901edf2609c871de510bab1d4ec92f1cf6cdbe56c63c4a,30.013333,included,
723,GTZAN,country,Country,2,country\country.00038.wav,C:\Genrogram\data\gtzan\genres\country\country.00038.wav,b2d3b9f6f35613b6d8901edf2609c871de510bab1d4ec92f1cf6cdbe56c63c4a,30.013333,included,
724,GTZAN,country,Country,2,country\country.00039.wav,C:\Genrogram\data\gtzan\genres\country\country.00039.wav,78fbbcd34a424faee3a7160f6c8fa5cc3ac07a8a6782230fd5f2b4a4023e28e3,30.013333,included,
725,GTZAN,country,Country,2,country\country.00039.wav,C:\Genrogram\data\gtzan\genres\country\country.00039.wav,78fbbcd34a424faee3a7160f6c8fa5cc3ac07a8a6782230fd5f2b4a4023e28e3,30.013333,included,
726,GTZAN,country,Country,2,country\country.00040.wav,C:\Genrogram\data\gtzan\genres\country\country.00040.wav,10266db6f2132dec0b4899dc76a45acd86cef179594a37034e7414f33a578d32,30.013333,included,
727,GTZAN,country,Country,2,country\country.00040.wav,C:\Genrogram\data\gtzan\genres\country\country.00040.wav,10266db6f2132dec0b4899dc76a45acd86cef179594a37034e7414f33a578d32,30.013333,included,
728,GTZAN,country,Country,2,country\country.00041.wav,C:\Genrogram\data\gtzan\genres\country\country.00041.wav,057fd26f4afd487c8248ad6c3bdcfd4e217345423ad0365d9d5de1b89b2e7918,30.013333,included,
729,GTZAN,country,Country,2,country\country.00041.wav,C:\Genrogram\data\gtzan\genres\country\country.00041.wav,057fd26f4afd487c8248ad6c3bdcfd4e217345423ad0365d9d5de1b89b2e7918,30.013333,included,
730,GTZAN,country,Country,2,country\country.00042.wav,C:\Genrogram\data\gtzan\genres\country\country.00042.wav,40f4e938f902c4c5097d5daf3190c8437fdbab5ba7befa8b5eda3b4574d8513f,30.013333,included,
731,GTZAN,country,Country,2,country\country.00042.wav,C:\Genrogram\data\gtzan\genres\country\country.00042.wav,40f4e938f902c4c5097d5daf3190c8437fdbab5ba7befa8b5eda3b4574d8513f,30.013333,included,
732,GTZAN,country,Country,2,country\country.00043.wav,C:\Genrogram\data\gtzan\genres\country\country.00043.wav,588353a3b12fae88b5106cd561d6a1028fffa5818557ccf37d387f8bb679a654,30.013333,included,
733,GTZAN,country,Country,2,country\country.00043.wav,C:\Genrogram\data\gtzan\genres\country\country.00043.wav,588353a3b12fae88b5106cd561d6a1028fffa5818557ccf37d387f8bb679a654,30.013333,included,
734,GTZAN,country,Country,2,country\country.00044.wav,C:\Genrogram\data\gtzan\genres\country\country.00044.wav,eb0b9faa834d8f68da0842238b865e8183e9f3bfdc9d5ac74f4a3761ed5b8933,30.013333,included,
735,GTZAN,country,Country,2,country\country.00044.wav,C:\Genrogram\data\gtzan\genres\country\country.00044.wav,eb0b9faa834d8f68da0842238b865e8183e9f3bfdc9d5ac74f4a3761ed5b8933,30.013333,included,
736,GTZAN,country,Country,2,country\country.00045.wav,C:\Genrogram\data\gtzan\genres\country\country.00045.wav,3a7c1fc7e4fec1f19be9cfe3b045f9e4e0fbb9cb369c1f16664faa552adf7346,30.013333,included,
737,GTZAN,country,Country,2,country\country.00045.wav,C:\Genrogram\data\gtzan\genres\country\country.00045.wav,3a7c1fc7e4fec1f19be9cfe3b045f9e4e0fbb9cb369c1f16664faa552adf7346,30.013333,included,
738,GTZAN,country,Country,2,country\country.00046.wav,C:\Genrogram\data\gtzan\genres\country\country.00046.wav,376d3f6b07c7313298a793ee5faa8f865af03439629c16912e5ed82eb1a0edf4,30.013333,included,
739,GTZAN,country,Country,2,country\country.00046.wav,C:\Genrogram\data\gtzan\genres\country\country.00046.wav,376d3f6b07c7313298a793ee5faa8f865af03439629c16912e5ed82eb1a0edf4,30.013333,included,
740,GTZAN,country,Country,2,country\country.00047.wav,C:\Genrogram\data\gtzan\genres\country\country.00047.wav,971662593bff0ac2828f8ee674836e2e3313f38ad71deceabfb4e9e379fe8a56,30.013333,included,
741,GTZAN,country,Country,2,country\country.00047.wav,C:\Genrogram\data\gtzan\genres\country\country.00047.wav,971662593bff0ac2828f8ee674836e2e3313f38ad71deceabfb4e9e379fe8a56,30.013333,included,
742,GTZAN,country,Country,2,country\country.00048.wav,C:\Genrogram\data\gtzan\genres\country\country.00048.wav,cd574e96ccd5c78b3f1908ae98e1cb49fd599e421e08f5978a7bd809a2e85880,30.013333,included,
743,GTZAN,country,Country,2,country\country.00048.wav,C:\Genrogram\data\gtzan\genres\country\country.00048.wav,cd574e96ccd5c78b3f1908ae98e1cb49fd599e421e08f5978a7bd809a2e85880,30.013333,included,
744,GTZAN,country,Country,2,country\country.00049.wav,C:\Genrogram\data\gtzan\genres\country\country.00049.wav,7021d56085838687d8aa22e7bef61113aed0eddaa8cdbdce66364d2661929124,30.013333,included,
745,GTZAN,country,Country,2,country\country.00049.wav,C:\Genrogram\data\gtzan\genres\country\country.00049.wav,7021d56085838687d8aa22e7bef61113aed0eddaa8cdbdce66364d2661929124,30.013333,included,
746,GTZAN,country,Country,2,country\country.00050.wav,C:\Genrogram\data\gtzan\genres\country\country.00050.wav,e0b29e78a1f2c2c1ea3100c4bcf20e9e9f6b28e716f73536f87385a750e4d889,30.013333,included,
747,GTZAN,country,Country,2,country\country.00050.wav,C:\Genrogram\data\gtzan\genres\country\country.00050.wav,e0b29e78a1f2c2c1ea3100c4bcf20e9e9f6b28e716f73536f87385a750e4d889,30.013333,included,
748,GTZAN,country,Country,2,country\country.00051.wav,C:\Genrogram\data\gtzan\genres\country\country.00051.wav,f15c03bd8c6c883732893685bdc798eb6c2a875cb0f2f1bc163f1ab67e7a1af0,30.013333,included,
749,GTZAN,country,Country,2,country\country.00051.wav,C:\Genrogram\data\gtzan\genres\country\country.00051.wav,f15c03bd8c6c883732893685bdc798eb6c2a875cb0f2f1bc163f1ab67e7a1af0,30.013333,included,
750,GTZAN,country,Country,2,country\country.00052.wav,C:\Genrogram\data\gtzan\genres\country\country.00052.wav,227724b7b9714f83779594af46e3f3fad5f63493389a5c7bf742a62ec289963a,30.013333,included,
751,GTZAN,country,Country,2,country\country.00052.wav,C:\Genrogram\data\gtzan\genres\country\country.00052.wav,227724b7b9714f83779594af46e3f3fad5f63493389a5c7bf742a62ec289963a,30.013333,included,
752,GTZAN,country,Country,2,country\country.00053.wav,C:\Genrogram\data\gtzan\genres\country\country.00053.wav,ccf888ec00d131259c528f2f0f503150c3d0e0d7ad9d689f9906a2fefad65f22,30.013333,included,
753,GTZAN,country,Country,2,country\country.00053.wav,C:\Genrogram\data\gtzan\genres\country\country.00053.wav,ccf888ec00d131259c528f2f0f503150c3d0e0d7ad9d689f9906a2fefad65f22,30.013333,included,
754,GTZAN,country,Country,2,country\country.00054.wav,C:\Genrogram\data\gtzan\genres\country\country.00054.wav,1e90bc4ea6682f079c09c9bde68ff6ae44f6c414a4fb59992fec33b1801203e7,30.013333,included,
755,GTZAN,country,Country,2,country\country.00054.wav,C:\Genrogram\data\gtzan\genres\country\country.00054.wav,1e90bc4ea6682f079c09c9bde68ff6ae44f6c414a4fb59992fec33b1801203e7,30.013333,included,
756,GTZAN,country,Country,2,country\country.00055.wav,C:\Genrogram\data\gtzan\genres\country\country.00055.wav,46685f21e101c9cbe6cc5f684eac59d19a3999b5001598bf7eb9c190baa5a9b0,30.013333,included,
757,GTZAN,country,Country,2,country\country.00055.wav,C:\Genrogram\data\gtzan\genres\country\country.00055.wav,46685f21e101c9cbe6cc5f684eac59d19a3999b5001598bf7eb9c190baa5a9b0,30.013333,included,
758,GTZAN,country,Country,2,country\country.00056.wav,C:\Genrogram\data\gtzan\genres\country\country.00056.wav,752a526937057cd2d6871213367aa6cbd502c4b73cc6508eb82dc799c62835a0,30.013333,included,
759,GTZAN,country,Country,2,country\country.00056.wav,C:\Genrogram\data\gtzan\genres\country\country.00056.wav,752a526937057cd2d6871213367aa6cbd502c4b73cc6508eb82dc799c62835a0,30.013333,included,
760,GTZAN,country,Country,2,country\country.00057.wav,C:\Genrogram\data\gtzan\genres\country\country.00057.wav,53283f9c4365c693044614700b51532bb11e232d9211387bf9ff3c7b9f33ddf4,30.013333,included,
761,GTZAN,country,Country,2,country\country.00057.wav,C:\Genrogram\data\gtzan\genres\country\country.00057.wav,53283f9c4365c693044614700b51532bb11e232d9211387bf9ff3c7b9f33ddf4,30.013333,included,
762,GTZAN,country,Country,2,country\country.00058.wav,C:\Genrogram\data\gtzan\genres\country\country.00058.wav,7947db2d191df2394b6b20cf0b0c6bc3d0981d0196b13b22af7ed8f9c5e21008,30.013333,included,
763,GTZAN,country,Country,2,country\country.00058.wav,C:\Genrogram\data\gtzan\genres\country\country.00058.wav,7947db2d191df2394b6b20cf0b0c6bc3d0981d0196b13b22af7ed8f9c5e21008,30.013333,included,
764,GTZAN,country,Country,2,country\country.00059.wav,C:\Genrogram\data\gtzan\genres\country\country.00059.wav,1db2d7fbd26a227901ac1ef6370f210d8f0d6a7b9652cc5539758d18e8fe778e,30.013333,included,
765,GTZAN,country,Country,2,country\country.00059.wav,C:\Genrogram\data\gtzan\genres\country\country.00059.wav,1db2d7fbd26a227901ac1ef6370f210d8f0d6a7b9652cc5539758d18e8fe778e,30.013333,included,
766,GTZAN,country,Country,2,country\country.00060.wav,C:\Genrogram\data\gtzan\genres\country\country.00060.wav,60987a975054360b09a9b467298fa6136afb7f584e8196816da014b709a58f1d,30.013333,included,
767,GTZAN,country,Country,2,country\country.00060.wav,C:\Genrogram\data\gtzan\genres\country\country.00060.wav,60987a975054360b09a9b467298fa6136afb7f584e8196816da014b709a58f1d,30.013333,included,
768,GTZAN,country,Country,2,country\country.00061.wav,C:\Genrogram\data\gtzan\genres\country\country.00061.wav,5fa314cb4c28aaa6cb0a10ed74e44f6a9b2d01595a8c3637c499d8512faf35fd,30.013333,included,
769,GTZAN,country,Country,2,country\country.00061.wav,C:\Genrogram\data\gtzan\genres\country\country.00061.wav,5fa314cb4c28aaa6cb0a10ed74e44f6a9b2d01595a8c3637c499d8512faf35fd,30.013333,included,
770,GTZAN,country,Country,2,country\country.00062.wav,C:\Genrogram\data\gtzan\genres\country\country.00062.wav,3f4ceef7ce032d2b3a7dc759932ba5c78636c2870484fd6fc83206cff2d88fb0,30.013333,included,
771,GTZAN,country,Country,2,country\country.00062.wav,C:\Genrogram\data\gtzan\genres\country\country.00062.wav,3f4ceef7ce032d2b3a7dc759932ba5c78636c2870484fd6fc83206cff2d88fb0,30.013333,included,
772,GTZAN,country,Country,2,country\country.00063.wav,C:\Genrogram\data\gtzan\genres\country\country.00063.wav,dcf1629e0a02320c46214b6655180ff4d2637cc7bdf34417a864be9746b3052c,30.013333,included,
773,GTZAN,country,Country,2,country\country.00063.wav,C:\Genrogram\data\gtzan\genres\country\country.00063.wav,dcf1629e0a02320c46214b6655180ff4d2637cc7bdf34417a864be9746b3052c,30.013333,included,
774,GTZAN,country,Country,2,country\country.00064.wav,C:\Genrogram\data\gtzan\genres\country\country.00064.wav,737be49a53473df6c2d37e0f4ff5bb87798d37066314301a4dc37f946f31ebd0,30.013333,included,
775,GTZAN,country,Country,2,country\country.00064.wav,C:\Genrogram\data\gtzan\genres\country\country.00064.wav,737be49a53473df6c2d37e0f4ff5bb87798d37066314301a4dc37f946f31ebd0,30.013333,included,
776,GTZAN,country,Country,2,country\country.00065.wav,C:\Genrogram\data\gtzan\genres\country\country.00065.wav,df92e7b155b3f04f32f4baaf0cd578de747a8d775251bc1b07823fd2d4ea6df5,30.013333,included,
777,GTZAN,country,Country,2,country\country.00065.wav,C:\Genrogram\data\gtzan\genres\country\country.00065.wav,df92e7b155b3f04f32f4baaf0cd578de747a8d775251bc1b07823fd2d4ea6df5,30.013333,included,
778,GTZAN,country,Country,2,country\country.00066.wav,C:\Genrogram\data\gtzan\genres\country\country.00066.wav,2bab9bbb1d6c13a3c486ea203d2e581e593c5e9a287d7c174a58fae484c61db5,30.013333,included,
779,GTZAN,country,Country,2,country\country.00066.wav,C:\Genrogram\data\gtzan\genres\country\country.00066.wav,2bab9bbb1d6c13a3c486ea203d2e581e593c5e9a287d7c174a58fae484c61db5,30.013333,included,
780,GTZAN,country,Country,2,country\country.00067.wav,C:\Genrogram\data\gtzan\genres\country\country.00067.wav,38cf6488dc343ddf8bb41450fe9b14f3ad7de28568ef83e3b44c853d5a7c3e15,30.013333,included,
781,GTZAN,country,Country,2,country\country.00067.wav,C:\Genrogram\data\gtzan\genres\country\country.00067.wav,38cf6488dc343ddf8bb41450fe9b14f3ad7de28568ef83e3b44c853d5a7c3e15,30.013333,included,
782,GTZAN,country,Country,2,country\country.00068.wav,C:\Genrogram\data\gtzan\genres\country\country.00068.wav,941983e6ca8b481ef632210ca18e329ff559c5b7eabc52436f5de7810c728ae8,30.013333,included,
783,GTZAN,country,Country,2,country\country.00068.wav,C:\Genrogram\data\gtzan\genres\country\country.00068.wav,941983e6ca8b481ef632210ca18e329ff559c5b7eabc52436f5de7810c728ae8,30.013333,included,
784,GTZAN,country,Country,2,country\country.00069.wav,C:\Genrogram\data\gtzan\genres\country\country.00069.wav,56a322de19939b9258176f3b37cb5eb7d7d4b2f904ef276188b8e30a98bb981c,30.013333,included,
785,GTZAN,country,Country,2,country\country.00069.wav,C:\Genrogram\data\gtzan\genres\country\country.00069.wav,56a322de19939b9258176f3b37cb5eb7d7d4b2f904ef276188b8e30a98bb981c,30.013333,included,
786,GTZAN,country,Country,2,country\country.00070.wav,C:\Genrogram\data\gtzan\genres\country\country.00070.wav,09ba4d9a8be6fba6c11fd5943051ca5dbd2f8eaf7eda294aedcd8a5d4051bde5,30.013333,included,
787,GTZAN,country,Country,2,country\country.00070.wav,C:\Genrogram\data\gtzan\genres\country\country.00070.wav,09ba4d9a8be6fba6c11fd5943051ca5dbd2f8eaf7eda294aedcd8a5d4051bde5,30.013333,included,
788,GTZAN,country,Country,2,country\country.00071.wav,C:\Genrogram\data\gtzan\genres\country\country.00071.wav,1537830d93df855db2d79e77fc9977da88fedcb917e0468bc666f096a03aff2a,30.013333,included,
789,GTZAN,country,Country,2,country\country.00071.wav,C:\Genrogram\data\gtzan\genres\country\country.00071.wav,1537830d93df855db2d79e77fc9977da88fedcb917e0468bc666f096a03aff2a,30.013333,included,
790,GTZAN,country,Country,2,country\country.00072.wav,C:\Genrogram\data\gtzan\genres\country\country.00072.wav,4246ecab475005637fa92955e7ca06d9b42dd89f05f0ac6b30556cfb82db72f5,30.013333,included,
791,GTZAN,country,Country,2,country\country.00072.wav,C:\Genrogram\data\gtzan\genres\country\country.00072.wav,4246ecab475005637fa92955e7ca06d9b42dd89f05f0ac6b30556cfb82db72f5,30.013333,included,
792,GTZAN,country,Country,2,country\country.00073.wav,C:\Genrogram\data\gtzan\genres\country\country.00073.wav,af8dd996881cabbbf384522b1363e62f0c0c3bfef8fdfb850d33005715887eac,30.013333,included,
793,GTZAN,country,Country,2,country\country.00073.wav,C:\Genrogram\data\gtzan\genres\country\country.00073.wav,af8dd996881cabbbf384522b1363e62f0c0c3bfef8fdfb850d33005715887eac,30.013333,included,
794,GTZAN,country,Country,2,country\country.00074.wav,C:\Genrogram\data\gtzan\genres\country\country.00074.wav,b3d275b9a0737dbab755e2e043e07d22baab142e5deca7464ad4052ce9c5e9c0,30.013333,included,
795,GTZAN,country,Country,2,country\country.00074.wav,C:\Genrogram\data\gtzan\genres\country\country.00074.wav,b3d275b9a0737dbab755e2e043e07d22baab142e5deca7464ad4052ce9c5e9c0,30.013333,included,
796,GTZAN,country,Country,2,country\country.00075.wav,C:\Genrogram\data\gtzan\genres\country\country.00075.wav,83a2b76d9d303b9413e684758749d59bee406c027ac18aa952b03cc7609282a2,30.013333,included,
797,GTZAN,country,Country,2,country\country.00075.wav,C:\Genrogram\data\gtzan\genres\country\country.00075.wav,83a2b76d9d303b9413e684758749d59bee406c027ac18aa952b03cc7609282a2,30.013333,included,
798,GTZAN,country,Country,2,country\country.00076.wav,C:\Genrogram\data\gtzan\genres\country\country.00076.wav,94c69b038a5d262f0569b8ab3f911fb0b6120327335edf1a559e13806192c451,30.013333,included,
799,GTZAN,country,Country,2,country\country.00076.wav,C:\Genrogram\data\gtzan\genres\country\country.00076.wav,94c69b038a5d262f0569b8ab3f911fb0b6120327335edf1a559e13806192c451,30.013333,included,
800,GTZAN,country,Country,2,country\country.00077.wav,C:\Genrogram\data\gtzan\genres\country\country.00077.wav,ad9523bcd0f6de0c51579ee3faadca8c54ea61dbc1643f51d4540c6271e34857,30.013333,included,
801,GTZAN,country,Country,2,country\country.00077.wav,C:\Genrogram\data\gtzan\genres\country\country.00077.wav,ad9523bcd0f6de0c51579ee3faadca8c54ea61dbc1643f51d4540c6271e34857,30.013333,included,
802,GTZAN,country,Country,2,country\country.00078.wav,C:\Genrogram\data\gtzan\genres\country\country.00078.wav,0816ee07785c85bdbe94f545f0c18747c295691b51c8e4f32f5985a15007474b,30.013333,included,
803,GTZAN,country,Country,2,country\country.00078.wav,C:\Genrogram\data\gtzan\genres\country\country.00078.wav,0816ee07785c85bdbe94f545f0c18747c295691b51c8e4f32f5985a15007474b,30.013333,included,
804,GTZAN,country,Country,2,country\country.00079.wav,C:\Genrogram\data\gtzan\genres\country\country.00079.wav,71288b1cca3a1aa7a3f65f70ed8b3a01550b939e7d0af0348a2ed1715bbcdbcb,30.013333,included,
805,GTZAN,country,Country,2,country\country.00079.wav,C:\Genrogram\data\gtzan\genres\country\country.00079.wav,71288b1cca3a1aa7a3f65f70ed8b3a01550b939e7d0af0348a2ed1715bbcdbcb,30.013333,included,
806,GTZAN,country,Country,2,country\country.00080.wav,C:\Genrogram\data\gtzan\genres\country\country.00080.wav,900d88fe3e223ca211ce3cc85b994297514e51658534cab8bbaf5aa41d32f744,30.013333,included,
807,GTZAN,country,Country,2,country\country.00080.wav,C:\Genrogram\data\gtzan\genres\country\country.00080.wav,900d88fe3e223ca211ce3cc85b994297514e51658534cab8bbaf5aa41d32f744,30.013333,included,
808,GTZAN,country,Country,2,country\country.00081.wav,C:\Genrogram\data\gtzan\genres\country\country.00081.wav,c0805a1328ba013a76470aff6b74c36cba386a19901b0825f01306e3a5693269,30.013333,included,
809,GTZAN,country,Country,2,country\country.00081.wav,C:\Genrogram\data\gtzan\genres\country\country.00081.wav,c0805a1328ba013a76470aff6b74c36cba386a19901b0825f01306e3a5693269,30.013333,included,
810,GTZAN,country,Country,2,country\country.00082.wav,C:\Genrogram\data\gtzan\genres\country\country.00082.wav,79928a2c86e161164d61260c5bfcef8bcc7af3f1562c457bd52adb5623d9c95b,30.013333,included,
811,GTZAN,country,Country,2,country\country.00082.wav,C:\Genrogram\data\gtzan\genres\country\country.00082.wav,79928a2c86e161164d61260c5bfcef8bcc7af3f1562c457bd52adb5623d9c95b,30.013333,included,
812,GTZAN,country,Country,2,country\country.00083.wav,C:\Genrogram\data\gtzan\genres\country\country.00083.wav,9032a9bd56554ddac04a19e681a3ca968b6ace889ec8495772ecf5bc9300dbe3,30.013333,included,
813,GTZAN,country,Country,2,country\country.00083.wav,C:\Genrogram\data\gtzan\genres\country\country.00083.wav,9032a9bd56554ddac04a19e681a3ca968b6ace889ec8495772ecf5bc9300dbe3,30.013333,included,
814,GTZAN,country,Country,2,country\country.00084.wav,C:\Genrogram\data\gtzan\genres\country\country.00084.wav,caf1c0deba3bf38470af3b23410bf672e901f0fdeb16e90da2113f8abb71d83b,30.013333,included,
815,GTZAN,country,Country,2,country\country.00084.wav,C:\Genrogram\data\gtzan\genres\country\country.00084.wav,caf1c0deba3bf38470af3b23410bf672e901f0fdeb16e90da2113f8abb71d83b,30.013333,included,
816,GTZAN,country,Country,2,country\country.00085.wav,C:\Genrogram\data\gtzan\genres\country\country.00085.wav,87f6f5c45b7cad482fbb7d564072f30236aed9b7f0727e6c2c80d88942bbe317,30.013333,included,
817,GTZAN,country,Country,2,country\country.00085.wav,C:\Genrogram\data\gtzan\genres\country\country.00085.wav,87f6f5c45b7cad482fbb7d564072f30236aed9b7f0727e6c2c80d88942bbe317,30.013333,included,
818,GTZAN,country,Country,2,country\country.00086.wav,C:\Genrogram\data\gtzan\genres\country\country.00086.wav,5e3c4e503de072bf51512deb1dbce9312735b26ddb83c5f97cc68f9faee14975,30.013333,included,
819,GTZAN,country,Country,2,country\country.00086.wav,C:\Genrogram\data\gtzan\genres\country\country.00086.wav,5e3c4e503de072bf51512deb1dbce9312735b26ddb83c5f97cc68f9faee14975,30.013333,included,
820,GTZAN,country,Country,2,country\country.00087.wav,C:\Genrogram\data\gtzan\genres\country\country.00087.wav,31e6c900db6eeccd53b1f2b38093823df22b9c34f4959fc35ce584815cab628c,30.013333,included,
821,GTZAN,country,Country,2,country\country.00087.wav,C:\Genrogram\data\gtzan\genres\country\country.00087.wav,31e6c900db6eeccd53b1f2b38093823df22b9c34f4959fc35ce584815cab628c,30.013333,included,
822,GTZAN,country,Country,2,country\country.00088.wav,C:\Genrogram\data\gtzan\genres\country\country.00088.wav,5ca04aa432fbdccac665e4e42f4df70ee5c2c395427cb7e50a3ab8d48c315414,30.013333,included,
823,GTZAN,country,Country,2,country\country.00088.wav,C:\Genrogram\data\gtzan\genres\country\country.00088.wav,5ca04aa432fbdccac665e4e42f4df70ee5c2c395427cb7e50a3ab8d48c315414,30.013333,included,
824,GTZAN,country,Country,2,country\country.00089.wav,C:\Genrogram\data\gtzan\genres\country\country.00089.wav,de68f15a3d2cd4ed5d44cacf064892035b179f84714b30ec23ff38627c045021,30.013333,included,
825,GTZAN,country,Country,2,country\country.00089.wav,C:\Genrogram\data\gtzan\genres\country\country.00089.wav,de68f15a3d2cd4ed5d44cacf064892035b179f84714b30ec23ff38627c045021,30.013333,included,
826,GTZAN,country,Country,2,country\country.00090.wav,C:\Genrogram\data\gtzan\genres\country\country.00090.wav,fd8cb34d813082c9af7d8574ac330b2da8e4d958f36a02f9a690e8ec17c8fff8,30.013333,included,
827,GTZAN,country,Country,2,country\country.00090.wav,C:\Genrogram\data\gtzan\genres\country\country.00090.wav,fd8cb34d813082c9af7d8574ac330b2da8e4d958f36a02f9a690e8ec17c8fff8,30.013333,included,
828,GTZAN,country,Country,2,country\country.00091.wav,C:\Genrogram\data\gtzan\genres\country\country.00091.wav,e9c1742a2dab1d37006d8fbdae4155502aeb11874537b5c6c065085cd8a1e527,30.013333,included,
829,GTZAN,country,Country,2,country\country.00091.wav,C:\Genrogram\data\gtzan\genres\country\country.00091.wav,e9c1742a2dab1d37006d8fbdae4155502aeb11874537b5c6c065085cd8a1e527,30.013333,included,
830,GTZAN,country,Country,2,country\country.00092.wav,C:\Genrogram\data\gtzan\genres\country\country.00092.wav,805d1666a9a51a259505d74e94c876a30e614d26e0d43e2429cbb54d4291fbbe,30.013333,included,
831,GTZAN,country,Country,2,country\country.00092.wav,C:\Genrogram\data\gtzan\genres\country\country.00092.wav,805d1666a9a51a259505d74e94c876a30e614d26e0d43e2429cbb54d4291fbbe,30.013333,included,
832,GTZAN,country,Country,2,country\country.00093.wav,C:\Genrogram\data\gtzan\genres\country\country.00093.wav,4879989c86f02506f77b14735409f5af9813a0bd55b5ace39c77c57ff8222854,30.013333,included,
833,GTZAN,country,Country,2,country\country.00093.wav,C:\Genrogram\data\gtzan\genres\country\country.00093.wav,4879989c86f02506f77b14735409f5af9813a0bd55b5ace39c77c57ff8222854,30.013333,included,
834,GTZAN,country,Country,2,country\country.00094.wav,C:\Genrogram\data\gtzan\genres\country\country.00094.wav,f405e5064ab76ccef6a59e21be5104e2cbec6304cea2c12f7e08ea98759a150b,30.013333,included,
835,GTZAN,country,Country,2,country\country.00094.wav,C:\Genrogram\data\gtzan\genres\country\country.00094.wav,f405e5064ab76ccef6a59e21be5104e2cbec6304cea2c12f7e08ea98759a150b,30.013333,included,
836,GTZAN,country,Country,2,country\country.00095.wav,C:\Genrogram\data\gtzan\genres\country\country.00095.wav,0f17b8421bd8edb94111b99ec568e5a4a335a0551ff0500a9fd9575172ac8d27,30.013333,included,
837,GTZAN,country,Country,2,country\country.00095.wav,C:\Genrogram\data\gtzan\genres\country\country.00095.wav,0f17b8421bd8edb94111b99ec568e5a4a335a0551ff0500a9fd9575172ac8d27,30.013333,included,
838,GTZAN,country,Country,2,country\country.00096.wav,C:\Genrogram\data\gtzan\genres\country\country.00096.wav,35b77af200059d3de739b79559a84980f15f062ae9c101147f64b9bf42ad0ea0,30.013333,included,
839,GTZAN,country,Country,2,country\country.00096.wav,C:\Genrogram\data\gtzan\genres\country\country.00096.wav,35b77af200059d3de739b79559a84980f15f062ae9c101147f64b9bf42ad0ea0,30.013333,included,
840,GTZAN,country,Country,2,country\country.00097.wav,C:\Genrogram\data\gtzan\genres\country\country.00097.wav,7eca19575c1a124538dc4210867aa5aacd829b379ca9f68704920387942bd25f,30.013333,included,
841,GTZAN,country,Country,2,country\country.00097.wav,C:\Genrogram\data\gtzan\genres\country\country.00097.wav,7eca19575c1a124538dc4210867aa5aacd829b379ca9f68704920387942bd25f,30.013333,included,
842,GTZAN,country,Country,2,country\country.00098.wav,C:\Genrogram\data\gtzan\genres\country\country.00098.wav,2209911a9c65edc47001e7e2abc80c3f95ee6d9cbbbfcc9ac039af95ba5d6587,30.013333,included,
843,GTZAN,country,Country,2,country\country.00098.wav,C:\Genrogram\data\gtzan\genres\country\country.00098.wav,2209911a9c65edc47001e7e2abc80c3f95ee6d9cbbbfcc9ac039af95ba5d6587,30.013333,included,
844,GTZAN,country,Country,2,country\country.00099.wav,C:\Genrogram\data\gtzan\genres\country\country.00099.wav,dd704789061e0554cf7ff23a6eb9e86afefa3f67985900868e28ba77ed6a43ba,30.013333,included,
845,GTZAN,country,Country,2,country\country.00099.wav,C:\Genrogram\data\gtzan\genres\country\country.00099.wav,dd704789061e0554cf7ff23a6eb9e86afefa3f67985900868e28ba77ed6a43ba,30.013333,included,
846,Navrasa,Desi_Hip-Hop,Desi Hip-Hop,16,Desi_Hip-Hop\India\Desi_Hip-Hop\1_Liner_-_FIRE_1_Liner_x_Rajkamal_Jangir_Rajasthani_Marwadi_Dark_Desi_Hip_Hop_Pro_X_Studios.wav,C:\Genrogram\data\expanded_raw\Desi_Hip-Hop\India\Desi_Hip-Hop\1_Liner_-_FIRE_1_Liner_x_Rajkamal_Jangir_Rajasthani_Marwadi_Dark_Desi_Hip_Hop_Pro_X_Studios.wav,2c92adf88df13bd1e6ca78896ecb83becf8a827b0607e60c8dc3572aa45fc9ce,30.000000,included,
847,Navrasa,Desi_Hip-Hop,Desi Hip-Hop,16,Desi_Hip-Hop\India\Desi_Hip-Hop\AI_Music_Melody_-_Trending_Hits_Pop_Rap_Music_Collection_2025_Best_of_2025_Playlist.wav,C:\Genrogram\data\expanded_raw\Desi_Hip-Hop\India\Desi_Hip-Hop\AI_Music_Melody_-_Trending_Hits_Pop_Rap_Music_Collection_2025_Best_of_2025_Playlist.wav,a6c4b66c13091a42783328a49cc7cf3a2c8c41c7b2d7f30b73c8b84d12c1eb4b,30.000000,included,
848,Navrasa,Desi_Hip-Hop,Desi Hip-Hop,16,Desi_Hip-Hop\India\Desi_Hip-Hop\Aman_De_Singh_-_Top_10_Desi_Hip_Hop_Rap_Songs_of_July_2018_India_UK_Pakistan_Bangladesh.wav,C:\Genrogram\data\expanded_raw\Desi_Hip-Hop\India\Desi_Hip-Hop\Aman_De_Singh_-_Top_10_Desi_Hip_Hop_Rap_Songs_of_July_2018_India_UK_Pakistan_Bangladesh.wav,59f207cde36eadbfdfa31e2d1315d8c691fe00246bd2d45af12fd79c3823eca6,30.000000,included,
849,Navrasa,Desi_Hip-Hop,Desi Hip-Hop,16,Desi_Hip-Hop\India\Desi_Hip-Hop\AminJaz_-_AminJaz_Barber_Shop_Desi_Hip_Hop_Set.wav,C:\Genrogram\data\expanded_raw\Desi_Hip-Hop\India\Desi_Hip-Hop\AminJaz_-_AminJaz_Barber_Shop_Desi_Hip_Hop_Set.wav,07d48697e3a9aebd0c13246b523f705c65a63bd3d5aaf42766b3f91d975cb428,30.000000,included,
850,Navrasa,Desi_Hip-Hop,Desi Hip-Hop,16,Desi_Hip-Hop\India\Desi_Hip-Hop\BAAP_OF_INSPIRATION_-_Buri_Aadat_New_Hindi_Rap_2025_Emotional_Heartbreak_Rap_Song_Underground_Desi_Hip_Hop.wav,C:\Genrogram\data\expanded_raw\Desi_Hip-Hop\India\Desi_Hip-Hop\BAAP_OF_INSPIRATION_-_Buri_Aadat_New_Hindi_Rap_2025_Emotional_Heartbreak_Rap_Song_Underground_Desi_Hip_Hop.wav,394e1d710b62bc6dc68463026d29d7322e383c7964e705888be697d9782c7a34,30.000000,included,
851,Navrasa,Desi_Hip-Hop,Desi Hip-Hop,16,Desi_Hip-Hop\India\Desi_Hip-Hop\BOHEMIA_-_Zamana_Jali.wav,C:\Genrogram\data\expanded_raw\Desi_Hip-Hop\India\Desi_Hip-Hop\BOHEMIA_-_Zamana_Jali.wav,ad891314616256ac16ee6fdd946f2e85df97fb36b131de17acf91e460cfd9563,30.000000,included,
852,Navrasa,Desi_Hip-Hop,Desi Hip-Hop,16,Desi_Hip-Hop\India\Desi_Hip-Hop\Badshah_-_Boht_Tej.wav,C:\Genrogram\data\expanded_raw\Desi_Hip-Hop\India\Desi_Hip-Hop\Badshah_-_Boht_Tej.wav,70b29206330227da82db3c35ec3d71c867efb0535e5e13b6671f99481f4d0d8b,30.000000,included,
853,Navrasa,Desi_Hip-Hop,Desi Hip-Hop,16,Desi_Hip-Hop\India\Desi_Hip-Hop\Bali_-_Sunn_Na.wav,C:\Genrogram\data\expanded_raw\Desi_Hip-Hop\India\Desi_Hip-Hop\Bali_-_Sunn_Na.wav,8d62f8ca7aa7dcaa0c33cb38d2eb01efe8415b233d02977798fb419bade2506c,30.000000,included,
854,Navrasa,Desi_Hip-Hop,Desi Hip-Hop,16,Desi_Hip-Hop\India\Desi_Hip-Hop\Bandzo3rd_-_Shashkay_Bandzo3rd_ISHAANX_Desi_Hip_Hop_Official_Music_Video_2025.wav,C:\Genrogram\data\expanded_raw\Desi_Hip-Hop\India\Desi_Hip-Hop\Bandzo3rd_-_Shashkay_Bandzo3rd_ISHAANX_Desi_Hip_Hop_Official_Music_Video_2025.wav,25b65ca0215943e7097f9ad78848463d8abeeca9506cb07c800c4ee767ee520e,30.000000,included,
855,Navrasa,Desi_Hip-Hop,Desi Hip-Hop,16,Desi_Hip-Hop\India\Desi_Hip-Hop\Beats_Banter_-_OG_SHEZ_Besharam_Hyderabad_Desi_Hip_Hop_South_Asian_Edits_Global_Sound.wav,C:\Genrogram\data\expanded_raw\Desi_Hip-Hop\India\Desi_Hip-Hop\Beats_Banter_-_OG_SHEZ_Besharam_Hyderabad_Desi_Hip_Hop_South_Asian_Edits_Global_Sound.wav,ac50ec15ebee18e7b2f1195cd5748c9ba45a32cf08f3474ff5720ff59cc0e680,30.000000,included,
856,Navrasa,Desi_Hip-Hop,Desi Hip-Hop,16,Desi_Hip-Hop\India\Desi_Hip-Hop\Blazze_Music_-_Bohemia_Desi_Hip_Hop_King_MegaMix_By_Rosh_Blazze_Tribute_To_The_Punjabi_Rapstar_2024.wav,C:\Genrogram\data\expanded_raw\Desi_Hip-Hop\India\Desi_Hip-Hop\Blazze_Music_-_Bohemia_Desi_Hip_Hop_King_MegaMix_By_Rosh_Blazze_Tribute_To_The_Punjabi_Rapstar_2024.wav,bcb9103d6f74758a157dca71dec8c84c12d5515c685ab8eb6aefd0d09eb55b60,30.000000,included,
857,Navrasa,Desi_Hip-Hop,Desi Hip-Hop,16,Desi_Hip-Hop\India\Desi_Hip-Hop\Blazze_Music_-_STILL_BOH_Megamix_Wiz_Khalifa_X_Bohemia_By_Rosh_Blazze_Desi_Hip_Hop_Rap_Mega_Mashup_2023.wav,C:\Genrogram\data\expanded_raw\Desi_Hip-Hop\India\Desi_Hip-Hop\Blazze_Music_-_STILL_BOH_Megamix_Wiz_Khalifa_X_Bohemia_By_Rosh_Blazze_Desi_Hip_Hop_Rap_Mega_Mashup_2023.wav,0f4b8645a542c54db1d0be8bb6f7e146b3b9cfd4aa020be20c3bb6ef1c7be135,30.000000,included,
858,Navrasa,Desi_Hip-Hop,Desi Hip-Hop,16,Desi_Hip-Hop\India\Desi_Hip-Hop\Bohemia_-_Desi_Hip_Hop_BOHEMIA_Full_Song_Deep_Jandu_Geet_MP3.wav,C:\Genrogram\data\expanded_raw\Desi_Hip-Hop\India\Desi_Hip-Hop\Bohemia_-_Desi_Hip_Hop_BOHEMIA_Full_Song_Deep_Jandu_Geet_MP3.wav,421225e96891904f910e9a213db0a040c90a4f796617ee1b769928551443d52d,30.000000,included,
859,Navrasa,Desi_Hip-Hop,Desi Hip-Hop,16,Desi_Hip-Hop\India\Desi_Hip-Hop\DESI_TRILL_-_MR_RAMBO.wav,C:\Genrogram\data\expanded_raw\Desi_Hip-Hop\India\Desi_Hip-Hop\DESI_TRILL_-_MR_RAMBO.wav,60ec7b6e94cbd3416038e83cd3c53c02718d43b779eabbc96fdb073ddf0c4e86,30.000000,included,
860,Navrasa,Desi_Hip-Hop,Desi Hip-Hop,16,Desi_Hip-Hop\India\Desi_Hip-Hop\DEVEL_-_Hustler_Mindset.wav,C:\Genrogram\data\expanded_raw\Desi_Hip-Hop\India\Desi_Hip-Hop\DEVEL_-_Hustler_Mindset.wav,09ee48c0c12f7728cf1374d6702c46c669a8b764687d0ce7f2d21d708b641c55,30.000000,included,
861,Navrasa,Desi_Hip-Hop,Desi Hip-Hop,16,Desi_Hip-Hop\India\Desi_Hip-Hop\DIVINE_-_359_AM.wav,C:\Genrogram\data\expanded_raw\Desi_Hip-Hop\India\Desi_Hip-Hop\DIVINE_-_359_AM.wav,a1c106622a17ad3b07e19210f4b5f4a218a86033f9b7e3776fb1f0a61f4b7a8a,30.000000,included,
862,Navrasa,Desi_Hip-Hop,Desi Hip-Hop,16,Desi_Hip-Hop\India\Desi_Hip-Hop\DIVINE_-_Azadi.wav,C:\Genrogram\data\expanded_raw\Desi_Hip-Hop\India\Desi_Hip-Hop\DIVINE_-_Azadi.wav,11d4bc961062d6434bb40f165e8919a3d120e2c33d16624b19ab77d9cff15e27,30.000000,included,
863,Navrasa,Desi_Hip-Hop,Desi Hip-Hop,16,Desi_Hip-Hop\India\Desi_Hip-Hop\DIVINE_-_Farak.wav,C:\Genrogram\data\expanded_raw\Desi_Hip-Hop\India\Desi_Hip-Hop\DIVINE_-_Farak.wav,322211b45a2694c6279b3104f736ea6fec4bd86c8649d4fdfac012cde4792d7c,30.000000,included,
864,Navrasa,Desi_Hip-Hop,Desi Hip-Hop,16,Desi_Hip-Hop\India\Desi_Hip-Hop\DIVINE_-_Kaam_25.wav,C:\Genrogram\data\expanded_raw\Desi_Hip-Hop\India\Desi_Hip-Hop\DIVINE_-_Kaam_25.wav,632978fe1c806066ae720e8a37f6629cd884d0509aaa4a6d24fb1e7d9a7bebd1,30.000000,included,
865,Navrasa,Desi_Hip-Hop,Desi Hip-Hop,16,Desi_Hip-Hop\India\Desi_Hip-Hop\DIVINE_-_Mirchi_feat_Phenom_MC_Altaf_Stylo_G.wav,C:\Genrogram\data\expanded_raw\Desi_Hip-Hop\India\Desi_Hip-Hop\DIVINE_-_Mirchi_feat_Phenom_MC_Altaf_Stylo_G.wav,6a324a1721b272f6fdbb99cf41e9449c35409984d2d85a3116d8c6e84e80d0cb,30.000000,included,
866,Navrasa,Desi_Hip-Hop,Desi Hip-Hop,16,Desi_Hip-Hop\India\Desi_Hip-Hop\DJ_Indiana_-_Desi_Hip_Hop_Party_Hits_2025_Nonstop_Indian_Hip_Hop_DJ_Set_Trending_Desi_Rap_Mashup_HipHop_Mix.wav,C:\Genrogram\data\expanded_raw\Desi_Hip-Hop\India\Desi_Hip-Hop\DJ_Indiana_-_Desi_Hip_Hop_Party_Hits_2025_Nonstop_Indian_Hip_Hop_DJ_Set_Trending_Desi_Rap_Mashup_HipHop_Mix.wav,5cd19777d58694d92b412c6c6812251e000554d0eacb5b990b934bdfbdd86ac0,30.000000,included,
867,Navrasa,Desi_Hip-Hop,Desi Hip-Hop,16,Desi_Hip-Hop\India\Desi_Hip-Hop\DJ_RAV_UK_-_BEST_HINDI_RAP_SONGS_MIX_2024_HINDI_RAP_SONGS_EMIWAY_DIVINE_RAFTAAR_IKKA_BADSHAH_KRNA.wav,C:\Genrogram\data\expanded_raw\Desi_Hip-Hop\India\Desi_Hip-Hop\DJ_RAV_UK_-_BEST_HINDI_RAP_SONGS_MIX_2024_HINDI_RAP_SONGS_EMIWAY_DIVINE_RAFTAAR_IKKA_BADSHAH_KRNA.wav,8bee0ef1f2644043daa83b8c1f2dc9b74b21dae1d445f88fccc34f6116634f17,30.000000,included,
868,Navrasa,Desi_Hip-Hop,Desi Hip-Hop,16,Desi_Hip-Hop\India\Desi_Hip-Hop\DNM_Music_-_Parde_Mein_Rehne_Do_Desi_Hip_Hop_Remix_Shikar_Trap_Drill_Mix.wav,C:\Genrogram\data\expanded_raw\Desi_Hip-Hop\India\Desi_Hip-Hop\DNM_Music_-_Parde_Mein_Rehne_Do_Desi_Hip_Hop_Remix_Shikar_Trap_Drill_Mix.wav,a55f2e9e300ef6e9bc6e652acef06f2f3a98a6934c53f626c7d660f3f2a3bfa6,30.000000,included,
869,Navrasa,Desi_Hip-Hop,Desi Hip-Hop,16,Desi_Hip-Hop\India\Desi_Hip-Hop\DNM_Music_-_Ye_Parda_Hata_Do_Desi_Hip_Hop_Remix_Ek_Phool_Do_Mali_Trap_Drill_Mix.wav,C:\Genrogram\data\expanded_raw\Desi_Hip-Hop\India\Desi_Hip-Hop\DNM_Music_-_Ye_Parda_Hata_Do_Desi_Hip_Hop_Remix_Ek_Phool_Do_Mali_Trap_Drill_Mix.wav,e342dddfa3aa285e6c52f0da7b7cdae0232b68e58adc5aa86bd0b394d979cc51,30.000000,included,
870,Navrasa,Desi_Hip-Hop,Desi Hip-Hop,16,Desi_Hip-Hop\India\Desi_Hip-Hop\Dada_Music_Group_-_DESI_HIP_HOP_OG_Version_BOHEMIA_ft_JHIND_Produced_by_TIGAHOOD.wav,C:\Genrogram\data\expanded_raw\Desi_Hip-Hop\India\Desi_Hip-Hop\Dada_Music_Group_-_DESI_HIP_HOP_OG_Version_BOHEMIA_ft_JHIND_Produced_by_TIGAHOOD.wav,ace6ecd07962b1f365d1395466e33b1abfe7ea434a2f1a46ae1dd8c64fc18010,30.000000,included,
871,Navrasa,Desi_Hip-Hop,Desi Hip-Hop,16,Desi_Hip-Hop\India\Desi_Hip-Hop\Deep_Jandu_-_Bombay_to_Punjab.wav,C:\Genrogram\data\expanded_raw\Desi_Hip-Hop\India\Desi_Hip-Hop\Deep_Jandu_-_Bombay_to_Punjab.wav,e1fa7cb21b60f4b43ea8c9edeb8c08345bba2427a1b62a1a81c681e485cf367c,30.000000,included,
872,Navrasa,Desi_Hip-Hop,Desi Hip-Hop,16,Desi_Hip-Hop\India\Desi_Hip-Hop\Deep_Kalsi_-_Google_Pay.wav,C:\Genrogram\data\expanded_raw\Desi_Hip-Hop\India\Desi_Hip-Hop\Deep_Kalsi_-_Google_Pay.wav,ba66742c50231cf4508c6a046668cc708561abcbc9804ab74a019bc7bd0bf3d9,30.000000,included,
873,Navrasa,Desi_Hip-Hop,Desi Hip-Hop,16,Desi_Hip-Hop\India\Desi_Hip-Hop\DesiHipHop_-_FreestyleFriday_GNIE_Desi_Hip_Hop_Inc.wav,C:\Genrogram\data\expanded_raw\Desi_Hip-Hop\India\Desi_Hip-Hop\DesiHipHop_-_FreestyleFriday_GNIE_Desi_Hip_Hop_Inc.wav,8e931898e4769d15a746ea25cc49f4738fdba79da9162020965504c5bb7af47e,30.000000,included,
874,Navrasa,Desi_Hip-Hop,Desi Hip-Hop,16,Desi_Hip-Hop\India\Desi_Hip-Hop\DesiHipHop_-_Rich_or_Famous_B3_Official_Video_DesiHipHop_Inc.wav,C:\Genrogram\data\expanded_raw\Desi_Hip-Hop\India\Desi_Hip-Hop\DesiHipHop_-_Rich_or_Famous_B3_Official_Video_DesiHipHop_Inc.wav,7da850baa803209621fdb7238c8d233df6ea31c9c5b1bd47cde33c8c1827de24,30.000000,included,
875,Navrasa,Desi_Hip-Hop,Desi Hip-Hop,16,Desi_Hip-Hop\India\Desi_Hip-Hop\DesiHipHop_-_Royal_Bengal_Cypher_Desi_Hip_Hop_Cypher_DHHCyphers.wav,C:\Genrogram\data\expanded_raw\Desi_Hip-Hop\India\Desi_Hip-Hop\DesiHipHop_-_Royal_Bengal_Cypher_Desi_Hip_Hop_Cypher_DHHCyphers.wav,06ec92aeb266a39ac6050f6b3db6523e987bf8ef87da5b4ca820d6e89c0751db,30.000000,included,
876,Navrasa,Desi_Hip-Hop,Desi Hip-Hop,16,Desi_Hip-Hop\India\Desi_Hip-Hop\Desi_King_-_Understand_Music_Video_Harsh_Prajapati_Aryan_Rajput_Desi_King_New_Haryanvi_Song.wav,C:\Genrogram\data\expanded_raw\Desi_Hip-Hop\India\Desi_Hip-Hop\Desi_King_-_Understand_Music_Video_Harsh_Prajapati_Aryan_Rajput_Desi_King_New_Haryanvi_Song.wav,4f0314f5c283d2ddd928ec79d2a47a7309418e2fcc8004d9641c5859c301e8dc,30.000000,included,
877,Navrasa,Desi_Hip-Hop,Desi Hip-Hop,16,Desi_Hip-Hop\India\Desi_Hip-Hop\Emiway_Bantai_-_King_Of_Indian_Hip_Hop.wav,C:\Genrogram\data\expanded_raw\Desi_Hip-Hop\India\Desi_Hip-Hop\Emiway_Bantai_-_King_Of_Indian_Hip_Hop.wav,f81b485fe20bd7efc1a85af5cfbdffd4229e00bbad48dda6068cf3996fb9b205,30.000000,included,
878,Navrasa,Desi_Hip-Hop,Desi Hip-Hop,16,Desi_Hip-Hop\India\Desi_Hip-Hop\Emiway_Bantai_-_Machayenge.wav,C:\Genrogram\data\expanded_raw\Desi_Hip-Hop\India\Desi_Hip-Hop\Emiway_Bantai_-_Machayenge.wav,30640d360c463f80df3ea1e0c957c36a36eb8155af6608fd26979e6d16a02a62,30.000000,included,
879,Navrasa,Desi_Hip-Hop,Desi Hip-Hop,16,Desi_Hip-Hop\India\Desi_Hip-Hop\Eshan_Bhati_-_Milkman.wav,C:\Genrogram\data\expanded_raw\Desi_Hip-Hop\India\Desi_Hip-Hop\Eshan_Bhati_-_Milkman.wav,d162673e9557dcdaab296257248e51aafa82b7bbf7229da13886a9f1f019377d,30.000000,included,
880,Navrasa,Desi_Hip-Hop,Desi Hip-Hop,16,Desi_Hip-Hop\India\Desi_Hip-Hop\Eshan_Bhati_-_Western_Up.wav,C:\Genrogram\data\expanded_raw\Desi_Hip-Hop\India\Desi_Hip-Hop\Eshan_Bhati_-_Western_Up.wav,b6da35e8bb0db107af58b132ac33f9ad1d20584c148c24352e51eb0dffefd9c0,30.000000,included,
881,Navrasa,Desi_Hip-Hop,Desi Hip-Hop,16,Desi_Hip-Hop\India\Desi_Hip-Hop\Faris_Shafi_-_Introduction.wav,C:\Genrogram\data\expanded_raw\Desi_Hip-Hop\India\Desi_Hip-Hop\Faris_Shafi_-_Introduction.wav,0acc4bd4b18715d36e4cc79f096320d2f599fca861792ecff7fed85c83d7645c,30.000000,included,
882,Navrasa,Desi_Hip-Hop,Desi Hip-Hop,16,Desi_Hip-Hop\India\Desi_Hip-Hop\Faris_Shafi_-_JASHAN_E_HIP_HOP.wav,C:\Genrogram\data\expanded_raw\Desi_Hip-Hop\India\Desi_Hip-Hop\Faris_Shafi_-_JASHAN_E_HIP_HOP.wav,bffd0f4649a811f32abf55d70fa96bf197ba5f3c5962dec6c71c2c1b05d56cab,30.000000,included,
883,Navrasa,Desi_Hip-Hop,Desi Hip-Hop,16,Desi_Hip-Hop\India\Desi_Hip-Hop\French_The_Kid_-_10_Pe_10.wav,C:\Genrogram\data\expanded_raw\Desi_Hip-Hop\India\Desi_Hip-Hop\French_The_Kid_-_10_Pe_10.wav,62c0182b4d06a9db7d837e1482737f46e296a6c12c093e9a9e557d1ad2fb059c,30.000000,included,
884,Navrasa,Desi_Hip-Hop,Desi Hip-Hop,16,Desi_Hip-Hop\India\Desi_Hip-Hop\Gurinder_Gill_-_Brown_Munde.wav,C:\Genrogram\data\expanded_raw\Desi_Hip-Hop\India\Desi_Hip-Hop\Gurinder_Gill_-_Brown_Munde.wav,21f82f3085a7a96877461ece28a126c4760ce2eafcff2f6813e28f46d7d1260b,30.000000,included,
885,Navrasa,Desi_Hip-Hop,Desi Hip-Hop,16,Desi_Hip-Hop\India\Desi_Hip-Hop\Hello_AI_Creations_-_Hip_Hop_Ka_King_New_Hindi_Rap_Song_2025_Desi_Hip_Hop_by_Yo_Yo_Honey_Singh_Hello_AI_Creations.wav,C:\Genrogram\data\expanded_raw\Desi_Hip-Hop\India\Desi_Hip-Hop\Hello_AI_Creations_-_Hip_Hop_Ka_King_New_Hindi_Rap_Song_2025_Desi_Hip_Hop_by_Yo_Yo_Honey_Singh_Hello_AI_Creations.wav,079bef31ba884ecc1d65d27662d06fb3e64072d1ce394fee4b112bb0f8a3c557,30.000000,included,
886,Navrasa,Desi_Hip-Hop,Desi Hip-Hop,16,Desi_Hip-Hop\India\Desi_Hip-Hop\Intense_-_Excuses_Official_Video_AP_Dhillon_Gurinder_Gill_Intense.wav,C:\Genrogram\data\expanded_raw\Desi_Hip-Hop\India\Desi_Hip-Hop\Intense_-_Excuses_Official_Video_AP_Dhillon_Gurinder_Gill_Intense.wav,88b199d7f1daea21327815f45b83b538d168f53c52db7b99aa1d7c90e64d49f6,30.000000,included,
887,Navrasa,Desi_Hip-Hop,Desi Hip-Hop,16,Desi_Hip-Hop\India\Desi_Hip-Hop\JAS_UNIVERSE_-_RAPPPERS_FIRST_SONG_VS_RAPPERS_MOST_POPULAR_SONG_DESI_HIP_HOP_FTRAFTAARKINGKRNADIVINE_MORE.wav,C:\Genrogram\data\expanded_raw\Desi_Hip-Hop\India\Desi_Hip-Hop\JAS_UNIVERSE_-_RAPPPERS_FIRST_SONG_VS_RAPPERS_MOST_POPULAR_SONG_DESI_HIP_HOP_FTRAFTAARKINGKRNADIVINE_MORE.wav,9f99af9941513545c70d8e719a07f996bbca9c481c0de19010e4f50ee49b818b,30.000000,included,
888,Navrasa,Desi_Hip-Hop,Desi Hip-Hop,16,Desi_Hip-Hop\India\Desi_Hip-Hop\KD_DESIROCK_-_Dacoit.wav,C:\Genrogram\data\expanded_raw\Desi_Hip-Hop\India\Desi_Hip-Hop\KD_DESIROCK_-_Dacoit.wav,3c9a12e8fa9fbe4ad6438aa9d17a97171a1dcc678f53d063bad0e967d8f4e85b,30.000000,included,
889,Navrasa,Desi_Hip-Hop,Desi Hip-Hop,16,Desi_Hip-Hop\India\Desi_Hip-Hop\KD_DESIROCK_-_KMJ.wav,C:\Genrogram\data\expanded_raw\Desi_Hip-Hop\India\Desi_Hip-Hop\KD_DESIROCK_-_KMJ.wav,990589ac69715e252f2bdee83bafdb1b0dd48b26101a636627a1af3b4486a7aa,30.000000,included,
890,Navrasa,Desi_Hip-Hop,Desi Hip-Hop,16,Desi_Hip-Hop\India\Desi_Hip-Hop\KIDSHOT_-_Warm_Up.wav,C:\Genrogram\data\expanded_raw\Desi_Hip-Hop\India\Desi_Hip-Hop\KIDSHOT_-_Warm_Up.wav,21999e623059877c71452b067ad18cc2808cd0a963df79fb926eac5188e82375,30.000000,included,
891,Navrasa,Desi_Hip-Hop,Desi Hip-Hop,16,Desi_Hip-Hop\India\Desi_Hip-Hop\KING_ND_-_To_The_Top.wav,C:\Genrogram\data\expanded_raw\Desi_Hip-Hop\India\Desi_Hip-Hop\KING_ND_-_To_The_Top.wav,c3b69689b043305863222d18ef62e6cb768f15bc0f39060c16ef4da68a4fc3ae,30.000000,included,
892,Navrasa,Desi_Hip-Hop,Desi Hip-Hop,16,Desi_Hip-Hop\India\Desi_Hip-Hop\KRNA_-_Knock_Knock.wav,C:\Genrogram\data\expanded_raw\Desi_Hip-Hop\India\Desi_Hip-Hop\KRNA_-_Knock_Knock.wav,0cadbb9ece7281b38ff09e025967772afb2c7e213caf09cb07e14d830b8ee068,30.000000,included,
893,Navrasa,Desi_Hip-Hop,Desi Hip-Hop,16,Desi_Hip-Hop\India\Desi_Hip-Hop\KRNA_-_Lil_Bunty.wav,C:\Genrogram\data\expanded_raw\Desi_Hip-Hop\India\Desi_Hip-Hop\KRNA_-_Lil_Bunty.wav,39a56d56fb448d4be5ecec764592bbee2b0314a182039b945a60280fa4bc8bcb,30.000000,included,
894,Navrasa,Desi_Hip-Hop,Desi Hip-Hop,16,Desi_Hip-Hop\India\Desi_Hip-Hop\KRNA_-_Machayenge_4.wav,C:\Genrogram\data\expanded_raw\Desi_Hip-Hop\India\Desi_Hip-Hop\KRNA_-_Machayenge_4.wav,74a97884eedbd65c55e4fec4454d363f500d4eef161b3d1b5ae2b68f760b2239,30.000000,included,
895,Navrasa,Desi_Hip-Hop,Desi Hip-Hop,16,Desi_Hip-Hop\India\Desi_Hip-Hop\KRNA_-_NO_CAP_OFFICIAL_VIDEO.wav,C:\Genrogram\data\expanded_raw\Desi_Hip-Hop\India\Desi_Hip-Hop\KRNA_-_NO_CAP_OFFICIAL_VIDEO.wav,9f9e222a57bd580be946b23b7892417ed2d2a2de5a32b93f32bc98ab5e67acd3,30.000000,included,
896,Navrasa,Desi_Hip-Hop,Desi Hip-Hop,16,Desi_Hip-Hop\India\Desi_Hip-Hop\KRNA_-_Saza_E_Maut_feat_Raftaar.wav,C:\Genrogram\data\expanded_raw\Desi_Hip-Hop\India\Desi_Hip-Hop\KRNA_-_Saza_E_Maut_feat_Raftaar.wav,1adb3d1b701d14cfbb8dc5d1ae3b7939968607ddf63cbfad89b514d84ecf9d61,30.000000,included,
897,Navrasa,Desi_Hip-Hop,Desi Hip-Hop,16,Desi_Hip-Hop\India\Desi_Hip-Hop\KaanPhod_Music_-_Desi_Hip_Hop_Manj_Musik_Badshah_Raftaar_MTV_Spoken_Word.wav,C:\Genrogram\data\expanded_raw\Desi_Hip-Hop\India\Desi_Hip-Hop\KaanPhod_Music_-_Desi_Hip_Hop_Manj_Musik_Badshah_Raftaar_MTV_Spoken_Word.wav,2b9ee626b1dfcb6a2a267105cdc166c40714079af1111046360d87d8658a5767,30.000000,included,
898,Navrasa,Desi_Hip-Hop,Desi Hip-Hop,16,Desi_Hip-Hop\India\Desi_Hip-Hop\Kalamkaar_-_The_Best_Of_Desi_Hip_Hop_Audio_Jukebox.wav,C:\Genrogram\data\expanded_raw\Desi_Hip-Hop\India\Desi_Hip-Hop\Kalamkaar_-_The_Best_Of_Desi_Hip_Hop_Audio_Jukebox.wav,8f039175376e142f0a9c85f327fc0342c101bbee053505049d7209d1b3a6034b,30.000000,included,
899,Navrasa,Desi_Hip-Hop,Desi Hip-Hop,16,Desi_Hip-Hop\India\Desi_Hip-Hop\Karan_Aujla_-_52_Bars.wav,C:\Genrogram\data\expanded_raw\Desi_Hip-Hop\India\Desi_Hip-Hop\Karan_Aujla_-_52_Bars.wav,2702b8d4fa85a96edaee3cf29017fa6797409ff57cbc8a1b35bb7fb931dc35dd,30.000000,included,
900,Navrasa,Desi_Hip-Hop,Desi Hip-Hop,16,Desi_Hip-Hop\India\Desi_Hip-Hop\Karan_Aujla_-_On_Top.wav,C:\Genrogram\data\expanded_raw\Desi_Hip-Hop\India\Desi_Hip-Hop\Karan_Aujla_-_On_Top.wav,99496c02a7e1caa158a146baedfaec9b0ad98cc86c88095b7c331ed1dbc86f54,30.000000,included,
901,Navrasa,Desi_Hip-Hop,Desi Hip-Hop,16,Desi_Hip-Hop\India\Desi_Hip-Hop\King_-_Pablo.wav,C:\Genrogram\data\expanded_raw\Desi_Hip-Hop\India\Desi_Hip-Hop\King_-_Pablo.wav,5cbde10e331f3e03dc8f29bc1317551bc67e3777295294428c9f9924b5d99be0,30.000000,included,
902,Navrasa,Desi_Hip-Hop,Desi Hip-Hop,16,Desi_Hip-Hop\India\Desi_Hip-Hop\Krish_Rao_-_Desi_Hood.wav,C:\Genrogram\data\expanded_raw\Desi_Hip-Hop\India\Desi_Hip-Hop\Krish_Rao_-_Desi_Hood.wav,dd527db30e6f30195c3c00d464fe9752008345e903fcfd61cc9da635ca857e1f,30.000000,included,
903,Navrasa,Desi_Hip-Hop,Desi Hip-Hop,16,Desi_Hip-Hop\India\Desi_Hip-Hop\MC_STAN_-_Nanchaku.wav,C:\Genrogram\data\expanded_raw\Desi_Hip-Hop\India\Desi_Hip-Hop\MC_STAN_-_Nanchaku.wav,0b1d4d70782837514bd75334cba1cb3391d7b1122957b688b74b6d30a094eb09,30.000000,included,
904,Navrasa,Desi_Hip-Hop,Desi Hip-Hop,16,Desi_Hip-Hop\India\Desi_Hip-Hop\MUSAFR_-_CHHEH_FEET_MUSAFR_Prod_Smokey_beats_OFFICIAL_MUSIC_VIDEO_DESI_HIP_HOP_HINDI_RAP_2020.wav,C:\Genrogram\data\expanded_raw\Desi_Hip-Hop\India\Desi_Hip-Hop\MUSAFR_-_CHHEH_FEET_MUSAFR_Prod_Smokey_beats_OFFICIAL_MUSIC_VIDEO_DESI_HIP_HOP_HINDI_RAP_2020.wav,298f52763653dcc9e240f7f6e4bb34046e07870770379477924f1d2d29a822b8,30.000000,included,
905,Navrasa,Desi_Hip-Hop,Desi Hip-Hop,16,Desi_Hip-Hop\India\Desi_Hip-Hop\Manj_Musik_-_Desi_Hip_Hop_By_Manj_Musik_for_MTV_Spoken_Word_feat_Badshah_Sarb_Smooth_Raxstar_Humble_the_Poet.wav,C:\Genrogram\data\expanded_raw\Desi_Hip-Hop\India\Desi_Hip-Hop\Manj_Musik_-_Desi_Hip_Hop_By_Manj_Musik_for_MTV_Spoken_Word_feat_Badshah_Sarb_Smooth_Raxstar_Humble_the_Poet.wav,6f1e4e6f5d63a13330a34d6d87da2945ce45c8c9c326fd532ed92bbb5bc083cd,30.000000,included,
906,Navrasa,Desi_Hip-Hop,Desi Hip-Hop,16,Desi_Hip-Hop\India\Desi_Hip-Hop\Naezy_-_Aafat_Bombay_70.wav,C:\Genrogram\data\expanded_raw\Desi_Hip-Hop\India\Desi_Hip-Hop\Naezy_-_Aafat_Bombay_70.wav,18d0bd73184f796216a3c7ffd214decc522b093abe2cc336768928a3c6f91a18,30.000000,included,
907,Navrasa,Desi_Hip-Hop,Desi Hip-Hop,16,Desi_Hip-Hop\India\Desi_Hip-Hop\Naezy_-_Mere_Gully_Mein.wav,C:\Genrogram\data\expanded_raw\Desi_Hip-Hop\India\Desi_Hip-Hop\Naezy_-_Mere_Gully_Mein.wav,49fc6e3d3ebe26b90939aaaffc939f935ce9db1c4c62824246150a302b750f78,30.000000,included,
908,Navrasa,Desi_Hip-Hop,Desi Hip-Hop,16,Desi_Hip-Hop\India\Desi_Hip-Hop\NseeB_-_Hit_Em_Up.wav,C:\Genrogram\data\expanded_raw\Desi_Hip-Hop\India\Desi_Hip-Hop\NseeB_-_Hit_Em_Up.wav,f0ea86922eaa6b1d2dd3c752c0fea6e75945400b32566632249f58fef58cfe35,30.000000,included,
909,Navrasa,Desi_Hip-Hop,Desi Hip-Hop,16,Desi_Hip-Hop\India\Desi_Hip-Hop\PURU_-_Bhulge_Puru_Official_Music_Video.wav,C:\Genrogram\data\expanded_raw\Desi_Hip-Hop\India\Desi_Hip-Hop\PURU_-_Bhulge_Puru_Official_Music_Video.wav,d0a4ba94a5761fee8de6c1b0f03c1852c0c7d6c27c616be84afa1061438a8ca0,30.000000,included,
910,Navrasa,Desi_Hip-Hop,Desi Hip-Hop,16,Desi_Hip-Hop\India\Desi_Hip-Hop\Pardhaan_-_Gaadi.wav,C:\Genrogram\data\expanded_raw\Desi_Hip-Hop\India\Desi_Hip-Hop\Pardhaan_-_Gaadi.wav,962d1a6738b7e730f75c7f277e13bd54049c82ef34005bb9eac83a9280d8f81b,30.000000,included,
911,Navrasa,Desi_Hip-Hop,Desi Hip-Hop,16,Desi_Hip-Hop\India\Desi_Hip-Hop\Patya_the_Doc_-_GHAN_GHAN_Patya_The_Doc_x_Rohmix_x_Crayons_Marathi_Rap_2025_Pune_Hip_Hop.wav,C:\Genrogram\data\expanded_raw\Desi_Hip-Hop\India\Desi_Hip-Hop\Patya_the_Doc_-_GHAN_GHAN_Patya_The_Doc_x_Rohmix_x_Crayons_Marathi_Rap_2025_Pune_Hip_Hop.wav,1df2e7e26d7ff0f536cf20443d8dd6955c6a7320237d39163b4b8c358c8d98d5,30.000000,included,
912,Navrasa,Desi_Hip-Hop,Desi Hip-Hop,16,Desi_Hip-Hop\India\Desi_Hip-Hop\Pranay_94_-_Desi_Hip_Hop_101_1st_ever_DHH_DJ_Set_on_Y_T_DJ_Pranay_Seedhe_Maut_Badshah_Raftaar_Krna.wav,C:\Genrogram\data\expanded_raw\Desi_Hip-Hop\India\Desi_Hip-Hop\Pranay_94_-_Desi_Hip_Hop_101_1st_ever_DHH_DJ_Set_on_Y_T_DJ_Pranay_Seedhe_Maut_Badshah_Raftaar_Krna.wav,d3e9f8377ccee01ade2cfa4b18a74e54111ede49b59e34970ce41c8ecad3c67d,30.000000,included,
913,Navrasa,Desi_Hip-Hop,Desi Hip-Hop,16,Desi_Hip-Hop\India\Desi_Hip-Hop\RAGA_-_Sheher.wav,C:\Genrogram\data\expanded_raw\Desi_Hip-Hop\India\Desi_Hip-Hop\RAGA_-_Sheher.wav,b41e6d8026066154c7a110d2693b6eec919d486383b25a1e5006229ae236bbd8,30.000000,included,
914,Navrasa,Desi_Hip-Hop,Desi Hip-Hop,16,Desi_Hip-Hop\India\Desi_Hip-Hop\Raagas_Raps_-_Best_Hindi_Rap_Song_2025_Maniac_Desi_Hip_Hop_Party_Track.wav,C:\Genrogram\data\expanded_raw\Desi_Hip-Hop\India\Desi_Hip-Hop\Raagas_Raps_-_Best_Hindi_Rap_Song_2025_Maniac_Desi_Hip_Hop_Party_Track.wav,99e9fca7eb2b976d28b2d97f65f8a64006863cc965948f287d6a21cf3262ead0,30.000000,included,
915,Navrasa,Desi_Hip-Hop,Desi Hip-Hop,16,Desi_Hip-Hop\India\Desi_Hip-Hop\Raftaar_-_Aage_Chal.wav,C:\Genrogram\data\expanded_raw\Desi_Hip-Hop\India\Desi_Hip-Hop\Raftaar_-_Aage_Chal.wav,a258af7ef334d47bf4eb9dea703816a784225439d0102cfa35ef838b6e333917,30.000000,included,
916,Navrasa,Desi_Hip-Hop,Desi Hip-Hop,16,Desi_Hip-Hop\India\Desi_Hip-Hop\Raftaar_-_Desi_Hip_Hop.wav,C:\Genrogram\data\expanded_raw\Desi_Hip-Hop\India\Desi_Hip-Hop\Raftaar_-_Desi_Hip_Hop.wav,f36c5039e2874f6a658ad926079a0c5d0627f8bef8f411d0abfc9378c482f744,30.000000,included,
917,Navrasa,Desi_Hip-Hop,Desi Hip-Hop,16,Desi_Hip-Hop\India\Desi_Hip-Hop\Raftaar_-_Naachne_Ka_Shaunq.wav,C:\Genrogram\data\expanded_raw\Desi_Hip-Hop\India\Desi_Hip-Hop\Raftaar_-_Naachne_Ka_Shaunq.wav,0b0f4a34499078143cb9376aa6a57742f3ac52f418f8da464e1be97e1e8527b2,30.000000,included,
918,Navrasa,Desi_Hip-Hop,Desi Hip-Hop,16,Desi_Hip-Hop\India\Desi_Hip-Hop\Raftaar_-_SWAG_MERA_DESI_Raftaar_ft_Manj_Musik_Panasonic_Mobile_MTV_Spoken_Word.wav,C:\Genrogram\data\expanded_raw\Desi_Hip-Hop\India\Desi_Hip-Hop\Raftaar_-_SWAG_MERA_DESI_Raftaar_ft_Manj_Musik_Panasonic_Mobile_MTV_Spoken_Word.wav,0f869ce59e396ad02049d0c6a19729ce2214d66840301cdf95bae0ffadf5e4ba,30.000000,included,
919,Navrasa,Desi_Hip-Hop,Desi Hip-Hop,16,Desi_Hip-Hop\India\Desi_Hip-Hop\Raftaar_-_Sheikh_Chilli.wav,C:\Genrogram\data\expanded_raw\Desi_Hip-Hop\India\Desi_Hip-Hop\Raftaar_-_Sheikh_Chilli.wav,9f1a45c4e6590222a0362808716ad8ea8de4314dd2aaaf63670ac0b8b924defa,30.000000,included,
920,Navrasa,Desi_Hip-Hop,Desi Hip-Hop,16,Desi_Hip-Hop\India\Desi_Hip-Hop\Raftaar_-_TRAP_PRAA.wav,C:\Genrogram\data\expanded_raw\Desi_Hip-Hop\India\Desi_Hip-Hop\Raftaar_-_TRAP_PRAA.wav,ca43de1d8ece675590fe24f0f458543afca2dd3fef5c0d6d96b1bee76efa96fa,30.000000,included,
921,Navrasa,Desi_Hip-Hop,Desi Hip-Hop,16,Desi_Hip-Hop\India\Desi_Hip-Hop\Raja_Kumari_-_City_Slums_feat_DIVINE.wav,C:\Genrogram\data\expanded_raw\Desi_Hip-Hop\India\Desi_Hip-Hop\Raja_Kumari_-_City_Slums_feat_DIVINE.wav,ecd3ecf2002a27d0b6d21e2489d68a960744780598437fdf74a2fc869550e664,30.000000,included,
922,Navrasa,Desi_Hip-Hop,Desi Hip-Hop,16,Desi_Hip-Hop\India\Desi_Hip-Hop\Rap_Aera_-_Top_10_Indian_Rappers_Their_Most_Viewed_Songs_2025_Updated_List.wav,C:\Genrogram\data\expanded_raw\Desi_Hip-Hop\India\Desi_Hip-Hop\Rap_Aera_-_Top_10_Indian_Rappers_Their_Most_Viewed_Songs_2025_Updated_List.wav,786a2ba9f8e292c05294a085b493017cbeccf8e85c2aa2fa011e664f1ab4731e,9.469524,included,
923,Navrasa,Desi_Hip-Hop,Desi Hip-Hop,16,Desi_Hip-Hop\India\Desi_Hip-Hop\Rap_Beatz_-_New_Hindi_Rap_Song_Official_Music_Video_Desi_Hip_Hop_Rap_Beatz.wav,C:\Genrogram\data\expanded_raw\Desi_Hip-Hop\India\Desi_Hip-Hop\Rap_Beatz_-_New_Hindi_Rap_Song_Official_Music_Video_Desi_Hip_Hop_Rap_Beatz.wav,b798256d7ce6d68291190ad40d896213fd8bd797bb4ffc3dffb3bf8c10267cb8,30.000000,included,
924,Navrasa,Desi_Hip-Hop,Desi Hip-Hop,16,Desi_Hip-Hop\India\Desi_Hip-Hop\Rapgods_India_-_Top_10_Beat_producer_Of_Indian_Hiphop_Best_beat_producer_Of_Desi_Hip_Hop.wav,C:\Genrogram\data\expanded_raw\Desi_Hip-Hop\India\Desi_Hip-Hop\Rapgods_India_-_Top_10_Beat_producer_Of_Indian_Hiphop_Best_beat_producer_Of_Desi_Hip_Hop.wav,753617a5b62637bdf26e10de53791d8239c320b5f30505f4614ff88143236fd9,30.000000,included,
925,Navrasa,Desi_Hip-Hop,Desi Hip-Hop,16,Desi_Hip-Hop\India\Desi_Hip-Hop\Rapgods_India_-_Top_Indian_Hiphop_Albums_You_Must_Listen_Best_Desi_Hip_Hop_Albums_in_2020.wav,C:\Genrogram\data\expanded_raw\Desi_Hip-Hop\India\Desi_Hip-Hop\Rapgods_India_-_Top_Indian_Hiphop_Albums_You_Must_Listen_Best_Desi_Hip_Hop_Albums_in_2020.wav,88369f570b3ecfa0d3115011051a8b367afc741cb9a41e80df5eba0d46413bc7,30.000000,included,
926,Navrasa,Desi_Hip-Hop,Desi Hip-Hop,16,Desi_Hip-Hop\India\Desi_Hip-Hop\RayoNix_-_ADB.wav,C:\Genrogram\data\expanded_raw\Desi_Hip-Hop\India\Desi_Hip-Hop\RayoNix_-_ADB.wav,4e0ed75bfb1dd7436380c51f49fd13a9a2ef9f0ee60773695737c350ece46019,30.000000,included,
927,Navrasa,Desi_Hip-Hop,Desi Hip-Hop,16,Desi_Hip-Hop\India\Desi_Hip-Hop\Refixmusic_-_DESI_HIPHOP_AT_LATE_NIGHT_ChillLofi_Mashup_By_Refix.wav,C:\Genrogram\data\expanded_raw\Desi_Hip-Hop\India\Desi_Hip-Hop\Refixmusic_-_DESI_HIPHOP_AT_LATE_NIGHT_ChillLofi_Mashup_By_Refix.wav,b0036e1421f3ad45ab66cc573efd11bdada6ad05674bf205c62d6e3c26dbcfea,30.000000,included,
928,Navrasa,Desi_Hip-Hop,Desi Hip-Hop,16,Desi_Hip-Hop\India\Desi_Hip-Hop\Refixmusic_-_Desi_Hip_Hop_at_Late_Night_Part_3_Refix_Lo_Fi_Mashup_2023.wav,C:\Genrogram\data\expanded_raw\Desi_Hip-Hop\India\Desi_Hip-Hop\Refixmusic_-_Desi_Hip_Hop_at_Late_Night_Part_3_Refix_Lo_Fi_Mashup_2023.wav,8d6a1662ff02a0fcb3a8a75e3fc29d3c36c11a29babfa44d0ddd6398b067ff3c,30.000000,included,
929,Navrasa,Desi_Hip-Hop,Desi Hip-Hop,16,Desi_Hip-Hop\India\Desi_Hip-Hop\Refixmusic_-_Gangstas_Paradise_Feat_DHH_Part_1_ProducedRemixed_by_Refix.wav,C:\Genrogram\data\expanded_raw\Desi_Hip-Hop\India\Desi_Hip-Hop\Refixmusic_-_Gangstas_Paradise_Feat_DHH_Part_1_ProducedRemixed_by_Refix.wav,33a1b066c2618253fe756f854302588b13628f955a0ec27390ec6d0661d3e7b2,30.000000,included,
930,Navrasa,Desi_Hip-Hop,Desi Hip-Hop,16,Desi_Hip-Hop\India\Desi_Hip-Hop\RiJ_-_Kahlon_Flow.wav,C:\Genrogram\data\expanded_raw\Desi_Hip-Hop\India\Desi_Hip-Hop\RiJ_-_Kahlon_Flow.wav,b5a22aee4d2c3cfa8ba5d3c9892362516a1454d1f15134f70e3ae2361a9c6d2d,30.000000,included,
931,Navrasa,Desi_Hip-Hop,Desi Hip-Hop,16,Desi_Hip-Hop\India\Desi_Hip-Hop\Rocky_Makes_Beats_-_SOLD_INDIAN_TYPE_BEAT_DESI_CHORI_INDIAN_COMMERCIAL_RAP_BEAT_HIP_HOP_BEAT_2024.wav,C:\Genrogram\data\expanded_raw\Desi_Hip-Hop\India\Desi_Hip-Hop\Rocky_Makes_Beats_-_SOLD_INDIAN_TYPE_BEAT_DESI_CHORI_INDIAN_COMMERCIAL_RAP_BEAT_HIP_HOP_BEAT_2024.wav,6d6065c7a1d405883b2344054aff848d435d57ef299c15e7f06270cb8bd0702d,30.000000,included,
932,Navrasa,Desi_Hip-Hop,Desi Hip-Hop,16,Desi_Hip-Hop\India\Desi_Hip-Hop\Rohan_Cariappa_-_Top_10_Songs_of_2025_Indian_Hiphop_Edition.wav,C:\Genrogram\data\expanded_raw\Desi_Hip-Hop\India\Desi_Hip-Hop\Rohan_Cariappa_-_Top_10_Songs_of_2025_Indian_Hiphop_Edition.wav,1f428f7bf696dcb249e402447834bf32b3d281ef80d32d2bdae1125c53a2a21a,30.000000,included,
933,Navrasa,Desi_Hip-Hop,Desi Hip-Hop,16,Desi_Hip-Hop\India\Desi_Hip-Hop\Rudraksh_-_Rudraksh_MIC_Official_Music_Video_Hyderabadi_Rap_Desi_Hip_Hop_Music_by_Dope_DON.wav,C:\Genrogram\data\expanded_raw\Desi_Hip-Hop\India\Desi_Hip-Hop\Rudraksh_-_Rudraksh_MIC_Official_Music_Video_Hyderabadi_Rap_Desi_Hip_Hop_Music_by_Dope_DON.wav,1201298ebea82ba92777fe54e72924b5289290e9af167c486fb198072cf60395,30.000000,included,
934,Navrasa,Desi_Hip-Hop,Desi Hip-Hop,16,Desi_Hip-Hop\India\Desi_Hip-Hop\Sabi_Bhinder_-_Desi_Hood.wav,C:\Genrogram\data\expanded_raw\Desi_Hip-Hop\India\Desi_Hip-Hop\Sabi_Bhinder_-_Desi_Hood.wav,e04560455b024645f700f59082d430843835b8cacdca1873b91608df725ec36e,30.000000,included,
935,Navrasa,Desi_Hip-Hop,Desi Hip-Hop,16,Desi_Hip-Hop\India\Desi_Hip-Hop\Shubh_-_Cheques_Music_Video.wav,C:\Genrogram\data\expanded_raw\Desi_Hip-Hop\India\Desi_Hip-Hop\Shubh_-_Cheques_Music_Video.wav,88d354d574f54a6a52587682aae215d428edbf38c097d0155e795c710fa5328b,30.000000,included,
936,Navrasa,Desi_Hip-Hop,Desi Hip-Hop,16,Desi_Hip-Hop\India\Desi_Hip-Hop\Sound_Shikari_-_Bohemia_Desi_Hip_Hop_Sound_Shikari_Edit.wav,C:\Genrogram\data\expanded_raw\Desi_Hip-Hop\India\Desi_Hip-Hop\Sound_Shikari_-_Bohemia_Desi_Hip_Hop_Sound_Shikari_Edit.wav,b6c4e74b4c9ca8afd7ce36282792017bb7b0ff29f304ebcdfd4e38685980b9b4,30.000000,included,
937,Navrasa,Desi_Hip-Hop,Desi Hip-Hop,16,Desi_Hip-Hop\India\Desi_Hip-Hop\Sunix_Thakor_-_DHH_Desi_Hip_Hop_Mega_Mashup_DJ_BKS_Sunix_Thakor_Rapper_Mashup.wav,C:\Genrogram\data\expanded_raw\Desi_Hip-Hop\India\Desi_Hip-Hop\Sunix_Thakor_-_DHH_Desi_Hip_Hop_Mega_Mashup_DJ_BKS_Sunix_Thakor_Rapper_Mashup.wav,cb2e7ca2fb9d17a2fe282c2c4c4e9765a647d5382508d2f1e643fa3a19d1497b,30.000000,included,
938,Navrasa,Desi_Hip-Hop,Desi Hip-Hop,16,Desi_Hip-Hop\India\Desi_Hip-Hop\Sush_Yohan_Music_-_OLD_SKOOL_II_SUSH_YOHAN_MEGAMIX_Purple_Lamborghini_Pt_2_RAP_MEGAMIX.wav,C:\Genrogram\data\expanded_raw\Desi_Hip-Hop\India\Desi_Hip-Hop\Sush_Yohan_Music_-_OLD_SKOOL_II_SUSH_YOHAN_MEGAMIX_Purple_Lamborghini_Pt_2_RAP_MEGAMIX.wav,e944596827b52bbd4311d1334da1bdfee0541e04fa2f619345a8bcd189d810c5,30.000000,included,
939,Navrasa,Desi_Hip-Hop,Desi Hip-Hop,16,Desi_Hip-Hop\India\Desi_Hip-Hop\Sush_Yohan_Music_-_TADIPAAR_SUSH_YOHAN_RAP_MEGAMIX_Pt_3.wav,C:\Genrogram\data\expanded_raw\Desi_Hip-Hop\India\Desi_Hip-Hop\Sush_Yohan_Music_-_TADIPAAR_SUSH_YOHAN_RAP_MEGAMIX_Pt_3.wav,a1f70d84bc6a8e543e396a93cb68438db33d6427438c9b37ee907bda6aa2c358,30.000000,included,
940,Navrasa,Desi_Hip-Hop,Desi Hip-Hop,16,Desi_Hip-Hop\India\Desi_Hip-Hop\Sutra_-_INDIAN_TYPE_BEAT__FREE_FREESTYLE_RAP_BEAT_DESI_HIPHOP_INSTRUMENTAL_2026_Prod_Sutra.wav,C:\Genrogram\data\expanded_raw\Desi_Hip-Hop\India\Desi_Hip-Hop\Sutra_-_INDIAN_TYPE_BEAT__FREE_FREESTYLE_RAP_BEAT_DESI_HIPHOP_INSTRUMENTAL_2026_Prod_Sutra.wav,1b103682f5d1874f4c4ad6b99bd46ca98188e1063d5b41d5c069e1be8d3bf405,30.000000,included,
941,Navrasa,Desi_Hip-Hop,Desi Hip-Hop,16,Desi_Hip-Hop\India\Desi_Hip-Hop\T_SeriesVEVO_-_Bohemia_Desi_Hip_Hop_Official_Music_Video_Song_Latest_Punjabi_Songs_Of_2016.wav,C:\Genrogram\data\expanded_raw\Desi_Hip-Hop\India\Desi_Hip-Hop\T_SeriesVEVO_-_Bohemia_Desi_Hip_Hop_Official_Music_Video_Song_Latest_Punjabi_Songs_Of_2016.wav,8f74e7e672221d0772657308a04e7f8f891fd6b32b97d49acb97e95585009c95,30.000000,included,
942,Navrasa,Desi_Hip-Hop,Desi Hip-Hop,16,Desi_Hip-Hop\India\Desi_Hip-Hop\Tunes_Of_Dream_-_Best_Indian_Hip_Hop_Bollywood_Rap_Songs_2025_Ultimate_Desi_Rap_Mix.wav,C:\Genrogram\data\expanded_raw\Desi_Hip-Hop\India\Desi_Hip-Hop\Tunes_Of_Dream_-_Best_Indian_Hip_Hop_Bollywood_Rap_Songs_2025_Ultimate_Desi_Rap_Mix.wav,6e20fa7c50bc9ba6b6883ecdc3b2fa4b33d0e71f63f630b0f239a9f5c32279e0,30.000000,included,
943,Navrasa,Desi_Hip-Hop,Desi Hip-Hop,16,Desi_Hip-Hop\India\Desi_Hip-Hop\Tunes_Of_Dream_-_Best_Indian_Hip_Hop_Hindi_Rap_Songs_2025_Ultimate_Desi_Rap_Hits.wav,C:\Genrogram\data\expanded_raw\Desi_Hip-Hop\India\Desi_Hip-Hop\Tunes_Of_Dream_-_Best_Indian_Hip_Hop_Hindi_Rap_Songs_2025_Ultimate_Desi_Rap_Hits.wav,ecec57391c6e9919b6b2a4688670c10873d5f3415f0d10355ae5c1b822ebf2f7,30.000000,included,
944,Navrasa,Desi_Hip-Hop,Desi Hip-Hop,16,Desi_Hip-Hop\India\Desi_Hip-Hop\Tunes_Of_Dream_-_Most_Popular_Hindi_Rap_Indian_HipHop_Songs_Desi_Rap_Hits_Mashup.wav,C:\Genrogram\data\expanded_raw\Desi_Hip-Hop\India\Desi_Hip-Hop\Tunes_Of_Dream_-_Most_Popular_Hindi_Rap_Indian_HipHop_Songs_Desi_Rap_Hits_Mashup.wav,82b51a9f338943f92d8f9f01be4ef9e7dd05d561dab23c007fd4dabdcb638089,30.000000,included,
945,Navrasa,Desi_Hip-Hop,Desi Hip-Hop,16,Desi_Hip-Hop\India\Desi_Hip-Hop\Tunes_Of_Dream_-_Top_Indian_Hip_Hop_Hindi_Rap_Songs_2025_Trending_Desi_Rap_Mix.wav,C:\Genrogram\data\expanded_raw\Desi_Hip-Hop\India\Desi_Hip-Hop\Tunes_Of_Dream_-_Top_Indian_Hip_Hop_Hindi_Rap_Songs_2025_Trending_Desi_Rap_Mix.wav,8617e97cd494ba26a1bc70deed633642f4462b88561e2b2df60e95564296d07f,30.000000,included,
946,Navrasa,Desi_Hip-Hop,Desi Hip-Hop,16,Desi_Hip-Hop\India\Desi_Hip-Hop\Tunes_Of_Dream_-_Ultimate_Indian_HipHop_Mix_Evergreen_Best_Rap_Songs_of_All_Time.wav,C:\Genrogram\data\expanded_raw\Desi_Hip-Hop\India\Desi_Hip-Hop\Tunes_Of_Dream_-_Ultimate_Indian_HipHop_Mix_Evergreen_Best_Rap_Songs_of_All_Time.wav,87c1c3e7bd1f9177b438246a6fce70f9c07cad6f03649c11cefbb0223fbfd214,30.000000,included,
947,Navrasa,Desi_Hip-Hop,Desi Hip-Hop,16,Desi_Hip-Hop\India\Desi_Hip-Hop\UrbanDesi_AI_-_Best_Hindi_Rap_Songs_2025_Sad_Love_Street_Pain_Desi_Hip_Hop.wav,C:\Genrogram\data\expanded_raw\Desi_Hip-Hop\India\Desi_Hip-Hop\UrbanDesi_AI_-_Best_Hindi_Rap_Songs_2025_Sad_Love_Street_Pain_Desi_Hip_Hop.wav,40086cf6f317041597c5a80325334226a4f70981d842aa43c1ba41c074936039,30.000000,included,
948,Navrasa,Desi_Hip-Hop,Desi Hip-Hop,16,Desi_Hip-Hop\India\Desi_Hip-Hop\VIBHOR_BEATS_-_FREE_DESI_INDIAN_TYPE_BEAT_MAFIA_INDIAN_RAP_BEAT_INSTRUMENTAL_2025.wav,C:\Genrogram\data\expanded_raw\Desi_Hip-Hop\India\Desi_Hip-Hop\VIBHOR_BEATS_-_FREE_DESI_INDIAN_TYPE_BEAT_MAFIA_INDIAN_RAP_BEAT_INSTRUMENTAL_2025.wav,fd0ce6c3c725ef836e78b167a2e7d75879c66afafba5885871651811cdcce517,30.000000,included,
949,Navrasa,Desi_Hip-Hop,Desi Hip-Hop,16,Desi_Hip-Hop\India\Desi_Hip-Hop\Vibhu_Gautam_-_Desi_Hip_Hop_Mixtape_Vol_5_SUMMER.wav,C:\Genrogram\data\expanded_raw\Desi_Hip-Hop\India\Desi_Hip-Hop\Vibhu_Gautam_-_Desi_Hip_Hop_Mixtape_Vol_5_SUMMER.wav,39085def8a7bb53ac3254f5e0387963970e76b1f106eb73ae860cd64f6c80d10,30.000000,included,
950,Navrasa,Desi_Hip-Hop,Desi Hip-Hop,16,Desi_Hip-Hop\India\Desi_Hip-Hop\YRF_-_Same_Beef_Song_BOHEMIA_Ft_Sidhu_Moose_Wala_Byg_Byrd_Punjabi_Song_Rap_Song_Music_Video.wav,C:\Genrogram\data\expanded_raw\Desi_Hip-Hop\India\Desi_Hip-Hop\YRF_-_Same_Beef_Song_BOHEMIA_Ft_Sidhu_Moose_Wala_Byg_Byrd_Punjabi_Song_Rap_Song_Music_Video.wav,250b666694c63aca31259fdc483ed0548fc9adbdbf6f36c336b4092d1baac686,30.000000,included,
951,Navrasa,Desi_Hip-Hop,Desi Hip-Hop,16,Desi_Hip-Hop\India\Desi_Hip-Hop\Year_Down_-_Rx100.wav,C:\Genrogram\data\expanded_raw\Desi_Hip-Hop\India\Desi_Hip-Hop\Year_Down_-_Rx100.wav,d7ff24f89446a4d48923bbfcb505093f1df338757ea5be8cdb7fb7a514b34edd,30.000000,included,
952,Navrasa,Desi_Hip-Hop,Desi Hip-Hop,16,Desi_Hip-Hop\India\Desi_Hip-Hop\Yo_Yo_Honey_Singh_-_Issey_Kehte_Hain_Hip_Hop_From_Issey_Kehte_Hain_Hip_Hop_feat_LIL_GOLU.wav,C:\Genrogram\data\expanded_raw\Desi_Hip-Hop\India\Desi_Hip-Hop\Yo_Yo_Honey_Singh_-_Issey_Kehte_Hain_Hip_Hop_From_Issey_Kehte_Hain_Hip_Hop_feat_LIL_GOLU.wav,aaaef3484a6b8d204d7fafd6c154984ca97a4b403f4416103d2ff76f70928a57,30.000000,included,
953,Navrasa,Desi_Hip-Hop,Desi Hip-Hop,16,Desi_Hip-Hop\India\Desi_Hip-Hop\_-_SOLD_INDIAN_TYPE_BEAT_FREESTYLE_RAP_BEAT_RAPHIP_HOP_INSTRUMENTALS_2025.wav,C:\Genrogram\data\expanded_raw\Desi_Hip-Hop\India\Desi_Hip-Hop\_-_SOLD_INDIAN_TYPE_BEAT_FREESTYLE_RAP_BEAT_RAPHIP_HOP_INSTRUMENTALS_2025.wav,7184adefac35ce8d5bbec708e79295323c20bc483ed30a703e7af2a546358685,30.000000,included,
954,Navrasa,Desi_Hip-Hop,Desi Hip-Hop,16,Desi_Hip-Hop\India\Desi_Hip-Hop\__-_ZIDD_Hard_Motivational_Rap_Pawan_Bairwa_Desi_Hip_Hop_Anthem.wav,C:\Genrogram\data\expanded_raw\Desi_Hip-Hop\India\Desi_Hip-Hop\__-_ZIDD_Hard_Motivational_Rap_Pawan_Bairwa_Desi_Hip_Hop_Anthem.wav,2ec9252f80a14466761203ebc440a83f140989a5497daf0aee253d094840864c,30.000000,included,
955,Navrasa,Desi_Hip-Hop,Desi Hip-Hop,16,Desi_Hip-Hop\India\Desi_Hip-Hop\gaurav_kotecha_-_Hard_DHH_Playlist_Desi_Hip_Hop_for_Gym_Workout_Sikander_Kahlon_KRSNA_Divine_Raftaar_More.wav,C:\Genrogram\data\expanded_raw\Desi_Hip-Hop\India\Desi_Hip-Hop\gaurav_kotecha_-_Hard_DHH_Playlist_Desi_Hip_Hop_for_Gym_Workout_Sikander_Kahlon_KRSNA_Divine_Raftaar_More.wav,faad5e4a7da6848e7d65c43ab65a9007ce0e62140eb6c71bb4051498df65c8f3,30.000000,included,
956,Navrasa,Desi_Hip-Hop,Desi Hip-Hop,16,Desi_Hip-Hop\India\Desi_Hip-Hop\indi_aura_-_Punjabi_Song_2025_Midnight_Urban_Desi_Flow.wav,C:\Genrogram\data\expanded_raw\Desi_Hip-Hop\India\Desi_Hip-Hop\indi_aura_-_Punjabi_Song_2025_Midnight_Urban_Desi_Flow.wav,b8e1d5aa51d816767748237ad5d93c61a72d3d9134c6f7bf91f26cecf344b584,30.000000,included,
957,Navrasa,Desi_Hip-Hop,Desi Hip-Hop,16,Desi_Hip-Hop\India\Desi_Hip-Hop\indi_aura_-_Punjabi_Song_2025_Urban_Hip_Hop_Street_Vibes.wav,C:\Genrogram\data\expanded_raw\Desi_Hip-Hop\India\Desi_Hip-Hop\indi_aura_-_Punjabi_Song_2025_Urban_Hip_Hop_Street_Vibes.wav,401ed4dbf7b230cbad401b65c17886e98ca6ac22d12002a673767c71e2881a6e,30.000000,included,
958,GTZAN,disco,Disco,3,disco\disco.00000.wav,C:\Genrogram\data\gtzan\genres\disco\disco.00000.wav,c26556f754a48fb226edf887beae321ac3eff804e0fb5a28fd93441f41b116f2,30.121542,included,
959,GTZAN,disco,Disco,3,disco\disco.00000.wav,C:\Genrogram\data\gtzan\genres\disco\disco.00000.wav,c26556f754a48fb226edf887beae321ac3eff804e0fb5a28fd93441f41b116f2,30.121542,included,
960,GTZAN,disco,Disco,3,disco\disco.00001.wav,C:\Genrogram\data\gtzan\genres\disco\disco.00001.wav,219da45a4d2e633268962ac3ab09fa0ce6118fffa931ec16c1a007ea00afde12,30.211338,included,
961,GTZAN,disco,Disco,3,disco\disco.00001.wav,C:\Genrogram\data\gtzan\genres\disco\disco.00001.wav,219da45a4d2e633268962ac3ab09fa0ce6118fffa931ec16c1a007ea00afde12,30.211338,included,
962,GTZAN,disco,Disco,3,disco\disco.00002.wav,C:\Genrogram\data\gtzan\genres\disco\disco.00002.wav,4dcbeeae5c45edf62c2e7e62b1d6b4501bcbe20c21a40935a73e79fa18342c4f,30.013333,included,
963,GTZAN,disco,Disco,3,disco\disco.00002.wav,C:\Genrogram\data\gtzan\genres\disco\disco.00002.wav,4dcbeeae5c45edf62c2e7e62b1d6b4501bcbe20c21a40935a73e79fa18342c4f,30.013333,included,
964,GTZAN,disco,Disco,3,disco\disco.00003.wav,C:\Genrogram\data\gtzan\genres\disco\disco.00003.wav,ff93a376c596465f8c3d1edeafdc516e4056420d89eb32442b45b82744670e85,30.301134,included,
965,GTZAN,disco,Disco,3,disco\disco.00003.wav,C:\Genrogram\data\gtzan\genres\disco\disco.00003.wav,ff93a376c596465f8c3d1edeafdc516e4056420d89eb32442b45b82744670e85,30.301134,included,
966,GTZAN,disco,Disco,3,disco\disco.00004.wav,C:\Genrogram\data\gtzan\genres\disco\disco.00004.wav,eb1f4511a09b998b3824fc89560cb7f83707eeac41d96bf66fdef12fff676163,30.013333,included,
967,GTZAN,disco,Disco,3,disco\disco.00004.wav,C:\Genrogram\data\gtzan\genres\disco\disco.00004.wav,eb1f4511a09b998b3824fc89560cb7f83707eeac41d96bf66fdef12fff676163,30.013333,included,
968,GTZAN,disco,Disco,3,disco\disco.00005.wav,C:\Genrogram\data\gtzan\genres\disco\disco.00005.wav,356148e0e5b41de26a0a6024e32dec8f07bd4bf7027e3c5b69075b8c0711fc37,30.291156,included,
969,GTZAN,disco,Disco,3,disco\disco.00005.wav,C:\Genrogram\data\gtzan\genres\disco\disco.00005.wav,356148e0e5b41de26a0a6024e32dec8f07bd4bf7027e3c5b69075b8c0711fc37,30.291156,included,
970,GTZAN,disco,Disco,3,disco\disco.00006.wav,C:\Genrogram\data\gtzan\genres\disco\disco.00006.wav,006da221c19fb07d99e22306f0e03be0bd3e1bdcd31eb8e7db83db3931c2cf8b,30.007982,included,
971,GTZAN,disco,Disco,3,disco\disco.00006.wav,C:\Genrogram\data\gtzan\genres\disco\disco.00006.wav,006da221c19fb07d99e22306f0e03be0bd3e1bdcd31eb8e7db83db3931c2cf8b,30.007982,included,
972,GTZAN,disco,Disco,3,disco\disco.00007.wav,C:\Genrogram\data\gtzan\genres\disco\disco.00007.wav,34b7b3314abfadbe75a878bb4ee168dbfd073a5bd1a1d5cc530283d4a049a13c,30.013333,included,
973,GTZAN,disco,Disco,3,disco\disco.00007.wav,C:\Genrogram\data\gtzan\genres\disco\disco.00007.wav,34b7b3314abfadbe75a878bb4ee168dbfd073a5bd1a1d5cc530283d4a049a13c,30.013333,included,
974,GTZAN,disco,Disco,3,disco\disco.00008.wav,C:\Genrogram\data\gtzan\genres\disco\disco.00008.wav,a68ecaa78c4a88f15a730a75ab1be32e6d7ae712bf85b4be80e3dda064e9db15,30.161451,included,
975,GTZAN,disco,Disco,3,disco\disco.00008.wav,C:\Genrogram\data\gtzan\genres\disco\disco.00008.wav,a68ecaa78c4a88f15a730a75ab1be32e6d7ae712bf85b4be80e3dda064e9db15,30.161451,included,
976,GTZAN,disco,Disco,3,disco\disco.00009.wav,C:\Genrogram\data\gtzan\genres\disco\disco.00009.wav,fc6101744066a0cd553ce9745187bc3538c64084b1e3f99d3f493192ab6e1ce7,30.013333,included,
977,GTZAN,disco,Disco,3,disco\disco.00009.wav,C:\Genrogram\data\gtzan\genres\disco\disco.00009.wav,fc6101744066a0cd553ce9745187bc3538c64084b1e3f99d3f493192ab6e1ce7,30.013333,included,
978,GTZAN,disco,Disco,3,disco\disco.00010.wav,C:\Genrogram\data\gtzan\genres\disco\disco.00010.wav,371c4e656686405b722d02a72576cb54db97fd3917dd8c25b40c9f727fcc9837,30.011791,included,
979,GTZAN,disco,Disco,3,disco\disco.00010.wav,C:\Genrogram\data\gtzan\genres\disco\disco.00010.wav,371c4e656686405b722d02a72576cb54db97fd3917dd8c25b40c9f727fcc9837,30.011791,included,
980,GTZAN,disco,Disco,3,disco\disco.00011.wav,C:\Genrogram\data\gtzan\genres\disco\disco.00011.wav,65a251cb9318387c805db382e58ecc3e1da7f11b01f106dad417333c9bfeccbe,30.013333,included,
981,GTZAN,disco,Disco,3,disco\disco.00011.wav,C:\Genrogram\data\gtzan\genres\disco\disco.00011.wav,65a251cb9318387c805db382e58ecc3e1da7f11b01f106dad417333c9bfeccbe,30.013333,included,
982,GTZAN,disco,Disco,3,disco\disco.00012.wav,C:\Genrogram\data\gtzan\genres\disco\disco.00012.wav,6a821f9d7379109b31a8525a9f38a72320e6da4fc2d192937625e44e41083cc9,30.091610,included,
983,GTZAN,disco,Disco,3,disco\disco.00012.wav,C:\Genrogram\data\gtzan\genres\disco\disco.00012.wav,6a821f9d7379109b31a8525a9f38a72320e6da4fc2d192937625e44e41083cc9,30.091610,included,
984,GTZAN,disco,Disco,3,disco\disco.00013.wav,C:\Genrogram\data\gtzan\genres\disco\disco.00013.wav,b55fe7522833a30caa2d7d7c22e5edb7878a15f58c803e4e17c92fd6cb4c0e17,30.013333,included,
985,GTZAN,disco,Disco,3,disco\disco.00013.wav,C:\Genrogram\data\gtzan\genres\disco\disco.00013.wav,b55fe7522833a30caa2d7d7c22e5edb7878a15f58c803e4e17c92fd6cb4c0e17,30.013333,included,
986,GTZAN,disco,Disco,3,disco\disco.00014.wav,C:\Genrogram\data\gtzan\genres\disco\disco.00014.wav,0ce1e84d4885291f34e433f290a5ba1a904b6007b0b2f09a0fa6301bfeba161f,29.992925,included,
987,GTZAN,disco,Disco,3,disco\disco.00014.wav,C:\Genrogram\data\gtzan\genres\disco\disco.00014.wav,0ce1e84d4885291f34e433f290a5ba1a904b6007b0b2f09a0fa6301bfeba161f,29.992925,included,
988,GTZAN,disco,Disco,3,disco\disco.00015.wav,C:\Genrogram\data\gtzan\genres\disco\disco.00015.wav,beb8da503c437f012b8d6e5e7d835a723769eda1f55b7790186292b4f9936da5,30.013333,included,
989,GTZAN,disco,Disco,3,disco\disco.00015.wav,C:\Genrogram\data\gtzan\genres\disco\disco.00015.wav,beb8da503c437f012b8d6e5e7d835a723769eda1f55b7790186292b4f9936da5,30.013333,included,
990,GTZAN,disco,Disco,3,disco\disco.00016.wav,C:\Genrogram\data\gtzan\genres\disco\disco.00016.wav,4a2fe5da75ddc9814836c004735e5f97eb9927858efff97ff696b77bb8f5ab26,30.291156,included,
991,GTZAN,disco,Disco,3,disco\disco.00016.wav,C:\Genrogram\data\gtzan\genres\disco\disco.00016.wav,4a2fe5da75ddc9814836c004735e5f97eb9927858efff97ff696b77bb8f5ab26,30.291156,included,
992,GTZAN,disco,Disco,3,disco\disco.00017.wav,C:\Genrogram\data\gtzan\genres\disco\disco.00017.wav,9b9bebdda15cb3b9f9af56519aadaee6003745159517ee08d28efbfa4fdaad5b,30.013333,included,
993,GTZAN,disco,Disco,3,disco\disco.00017.wav,C:\Genrogram\data\gtzan\genres\disco\disco.00017.wav,9b9bebdda15cb3b9f9af56519aadaee6003745159517ee08d28efbfa4fdaad5b,30.013333,included,
994,GTZAN,disco,Disco,3,disco\disco.00018.wav,C:\Genrogram\data\gtzan\genres\disco\disco.00018.wav,43fe5c64d3d76cdb2b36c475509effbf5f2a78420b896c3c2d86cb32451221a2,30.013333,included,
995,GTZAN,disco,Disco,3,disco\disco.00018.wav,C:\Genrogram\data\gtzan\genres\disco\disco.00018.wav,43fe5c64d3d76cdb2b36c475509effbf5f2a78420b896c3c2d86cb32451221a2,30.013333,included,
996,GTZAN,disco,Disco,3,disco\disco.00019.wav,C:\Genrogram\data\gtzan\genres\disco\disco.00019.wav,972f94c8c3b0ea3c7948b01b75bed12c37bdda4c71a380315ec87b0570122e20,30.013333,included,
997,GTZAN,disco,Disco,3,disco\disco.00019.wav,C:\Genrogram\data\gtzan\genres\disco\disco.00019.wav,972f94c8c3b0ea3c7948b01b75bed12c37bdda4c71a380315ec87b0570122e20,30.013333,included,
998,GTZAN,disco,Disco,3,disco\disco.00020.wav,C:\Genrogram\data\gtzan\genres\disco\disco.00020.wav,b30ccad83ed865297676bbae337478586f4f60d67d8c6c4091faea916e88e0ab,30.013333,included,
999,GTZAN,disco,Disco,3,disco\disco.00020.wav,C:\Genrogram\data\gtzan\genres\disco\disco.00020.wav,b30ccad83ed865297676bbae337478586f4f60d67d8c6c4091faea916e88e0ab,30.013333,included,
1000,GTZAN,disco,Disco,3,disco\disco.00021.wav,C:\Genrogram\data\gtzan\genres\disco\disco.00021.wav,1590cf99ab00e9809c0495e5efc833f5c88021d214499c7177cb58299f33d67e,30.013333,included,
1001,GTZAN,disco,Disco,3,disco\disco.00021.wav,C:\Genrogram\data\gtzan\genres\disco\disco.00021.wav,1590cf99ab00e9809c0495e5efc833f5c88021d214499c7177cb58299f33d67e,30.013333,included,
1002,GTZAN,disco,Disco,3,disco\disco.00022.wav,C:\Genrogram\data\gtzan\genres\disco\disco.00022.wav,e000e8b4ea1166dbf24f824ee0f22a06b2afabde869ded9a4813a59507767846,30.013333,included,
1003,GTZAN,disco,Disco,3,disco\disco.00022.wav,C:\Genrogram\data\gtzan\genres\disco\disco.00022.wav,e000e8b4ea1166dbf24f824ee0f22a06b2afabde869ded9a4813a59507767846,30.013333,included,
1004,GTZAN,disco,Disco,3,disco\disco.00023.wav,C:\Genrogram\data\gtzan\genres\disco\disco.00023.wav,0ed23e1a68d907a5d4c1bdc5a6f01d69d075d11dd923c82966708f314cd98a35,30.013333,included,
1005,GTZAN,disco,Disco,3,disco\disco.00023.wav,C:\Genrogram\data\gtzan\genres\disco\disco.00023.wav,0ed23e1a68d907a5d4c1bdc5a6f01d69d075d11dd923c82966708f314cd98a35,30.013333,included,
1006,GTZAN,disco,Disco,3,disco\disco.00024.wav,C:\Genrogram\data\gtzan\genres\disco\disco.00024.wav,2843f12a52d48c4f35dd646703e5d69be9f3f832b011c27131c5d0c4df6b9f2b,30.013333,included,
1007,GTZAN,disco,Disco,3,disco\disco.00024.wav,C:\Genrogram\data\gtzan\genres\disco\disco.00024.wav,2843f12a52d48c4f35dd646703e5d69be9f3f832b011c27131c5d0c4df6b9f2b,30.013333,included,
1008,GTZAN,disco,Disco,3,disco\disco.00025.wav,C:\Genrogram\data\gtzan\genres\disco\disco.00025.wav,1dc9f00c30cd60108328634f14e5603899ed370ba052db2e5376fe6162b3cf44,30.013333,included,
1009,GTZAN,disco,Disco,3,disco\disco.00025.wav,C:\Genrogram\data\gtzan\genres\disco\disco.00025.wav,1dc9f00c30cd60108328634f14e5603899ed370ba052db2e5376fe6162b3cf44,30.013333,included,
1010,GTZAN,disco,Disco,3,disco\disco.00026.wav,C:\Genrogram\data\gtzan\genres\disco\disco.00026.wav,8057316de63b222a5de3b6633944a37ca334ec69482d52aeb4aecf86034ed05a,30.013333,included,
1011,GTZAN,disco,Disco,3,disco\disco.00026.wav,C:\Genrogram\data\gtzan\genres\disco\disco.00026.wav,8057316de63b222a5de3b6633944a37ca334ec69482d52aeb4aecf86034ed05a,30.013333,included,
1012,GTZAN,disco,Disco,3,disco\disco.00027.wav,C:\Genrogram\data\gtzan\genres\disco\disco.00027.wav,06784ace6d453810d887709c8ff4e96bd6ecbe6a4da04d419b2f51a4cdbb49bf,30.013333,included,
1013,GTZAN,disco,Disco,3,disco\disco.00027.wav,C:\Genrogram\data\gtzan\genres\disco\disco.00027.wav,06784ace6d453810d887709c8ff4e96bd6ecbe6a4da04d419b2f51a4cdbb49bf,30.013333,included,
1014,GTZAN,disco,Disco,3,disco\disco.00028.wav,C:\Genrogram\data\gtzan\genres\disco\disco.00028.wav,d7464b668926419d24aaf2c2a534db862aa51f1ce823f9a0544a8bb16bfc6420,30.013333,included,
1015,GTZAN,disco,Disco,3,disco\disco.00028.wav,C:\Genrogram\data\gtzan\genres\disco\disco.00028.wav,d7464b668926419d24aaf2c2a534db862aa51f1ce823f9a0544a8bb16bfc6420,30.013333,included,
1016,GTZAN,disco,Disco,3,disco\disco.00029.wav,C:\Genrogram\data\gtzan\genres\disco\disco.00029.wav,79dbd95b13fd0220786733ed571734dcfc955237d18db93fe2c170b3642cc476,30.013333,included,
1017,GTZAN,disco,Disco,3,disco\disco.00029.wav,C:\Genrogram\data\gtzan\genres\disco\disco.00029.wav,79dbd95b13fd0220786733ed571734dcfc955237d18db93fe2c170b3642cc476,30.013333,included,
1018,GTZAN,disco,Disco,3,disco\disco.00030.wav,C:\Genrogram\data\gtzan\genres\disco\disco.00030.wav,214ace895e9bc59851649e592ece58a7e599fecc7c2848c0840d34caf411730e,30.013333,included,
1019,GTZAN,disco,Disco,3,disco\disco.00030.wav,C:\Genrogram\data\gtzan\genres\disco\disco.00030.wav,214ace895e9bc59851649e592ece58a7e599fecc7c2848c0840d34caf411730e,30.013333,included,
1020,GTZAN,disco,Disco,3,disco\disco.00031.wav,C:\Genrogram\data\gtzan\genres\disco\disco.00031.wav,df3d954bb89249f712214ebea6aa323b94f10afc796946df3418863362e298aa,30.013333,included,
1021,GTZAN,disco,Disco,3,disco\disco.00031.wav,C:\Genrogram\data\gtzan\genres\disco\disco.00031.wav,df3d954bb89249f712214ebea6aa323b94f10afc796946df3418863362e298aa,30.013333,included,
1022,GTZAN,disco,Disco,3,disco\disco.00032.wav,C:\Genrogram\data\gtzan\genres\disco\disco.00032.wav,12b5e14c00f8b3bad52c8152eb4221856d8c94b415de1c21e41a58b551e0e965,30.013333,included,
1023,GTZAN,disco,Disco,3,disco\disco.00032.wav,C:\Genrogram\data\gtzan\genres\disco\disco.00032.wav,12b5e14c00f8b3bad52c8152eb4221856d8c94b415de1c21e41a58b551e0e965,30.013333,included,
1024,GTZAN,disco,Disco,3,disco\disco.00033.wav,C:\Genrogram\data\gtzan\genres\disco\disco.00033.wav,2f4d45a785562fe9c1751e27ce5a064eec6040be37622b4bd1dfece2e809df84,30.013333,included,
1025,GTZAN,disco,Disco,3,disco\disco.00033.wav,C:\Genrogram\data\gtzan\genres\disco\disco.00033.wav,2f4d45a785562fe9c1751e27ce5a064eec6040be37622b4bd1dfece2e809df84,30.013333,included,
1026,GTZAN,disco,Disco,3,disco\disco.00034.wav,C:\Genrogram\data\gtzan\genres\disco\disco.00034.wav,985086ebd3205c9b174d480caa0a84f4dd6543ea8a59c1022a7ecce9930100c5,30.013333,included,
1027,GTZAN,disco,Disco,3,disco\disco.00034.wav,C:\Genrogram\data\gtzan\genres\disco\disco.00034.wav,985086ebd3205c9b174d480caa0a84f4dd6543ea8a59c1022a7ecce9930100c5,30.013333,included,
1028,GTZAN,disco,Disco,3,disco\disco.00035.wav,C:\Genrogram\data\gtzan\genres\disco\disco.00035.wav,ab13847d74af19fa2c09280c2e8af2f71da10f747e6d84f67f4ea3096c146bcc,30.013333,included,
1029,GTZAN,disco,Disco,3,disco\disco.00035.wav,C:\Genrogram\data\gtzan\genres\disco\disco.00035.wav,ab13847d74af19fa2c09280c2e8af2f71da10f747e6d84f67f4ea3096c146bcc,30.013333,included,
1030,GTZAN,disco,Disco,3,disco\disco.00036.wav,C:\Genrogram\data\gtzan\genres\disco\disco.00036.wav,eee0ba224e575259fae30103d02c16c0dd030fb189a24a20f581d0e802c4b60e,30.013333,included,
1031,GTZAN,disco,Disco,3,disco\disco.00036.wav,C:\Genrogram\data\gtzan\genres\disco\disco.00036.wav,eee0ba224e575259fae30103d02c16c0dd030fb189a24a20f581d0e802c4b60e,30.013333,included,
1032,GTZAN,disco,Disco,3,disco\disco.00037.wav,C:\Genrogram\data\gtzan\genres\disco\disco.00037.wav,fc52ad3e709c8e26a436517cfb5dedd187ce3c1d52739b594fd7bdd984520ace,30.013333,included,
1033,GTZAN,disco,Disco,3,disco\disco.00037.wav,C:\Genrogram\data\gtzan\genres\disco\disco.00037.wav,fc52ad3e709c8e26a436517cfb5dedd187ce3c1d52739b594fd7bdd984520ace,30.013333,included,
1034,GTZAN,disco,Disco,3,disco\disco.00038.wav,C:\Genrogram\data\gtzan\genres\disco\disco.00038.wav,042013c3f4bb5e3126c82f6753fd38b7259a240f16bfc50c2f4f115a624a6670,30.013333,included,
1035,GTZAN,disco,Disco,3,disco\disco.00038.wav,C:\Genrogram\data\gtzan\genres\disco\disco.00038.wav,042013c3f4bb5e3126c82f6753fd38b7259a240f16bfc50c2f4f115a624a6670,30.013333,included,
1036,GTZAN,disco,Disco,3,disco\disco.00039.wav,C:\Genrogram\data\gtzan\genres\disco\disco.00039.wav,be747bce7ecd654b96cad1a4352a5416726505a03e5bbc5d548d7c3d85df93f6,30.013333,included,
1037,GTZAN,disco,Disco,3,disco\disco.00039.wav,C:\Genrogram\data\gtzan\genres\disco\disco.00039.wav,be747bce7ecd654b96cad1a4352a5416726505a03e5bbc5d548d7c3d85df93f6,30.013333,included,
1038,GTZAN,disco,Disco,3,disco\disco.00040.wav,C:\Genrogram\data\gtzan\genres\disco\disco.00040.wav,27578d7f99cc8b84a8d4b9845d3b49e542b2a6082a4f770444668f9c3028de63,30.013333,included,
1039,GTZAN,disco,Disco,3,disco\disco.00040.wav,C:\Genrogram\data\gtzan\genres\disco\disco.00040.wav,27578d7f99cc8b84a8d4b9845d3b49e542b2a6082a4f770444668f9c3028de63,30.013333,included,
1040,GTZAN,disco,Disco,3,disco\disco.00041.wav,C:\Genrogram\data\gtzan\genres\disco\disco.00041.wav,44fe2183c0c85ca33ec07d5fd270b25d06263fd7cdd2bea94181e5ed53fb79f0,30.013333,included,
1041,GTZAN,disco,Disco,3,disco\disco.00041.wav,C:\Genrogram\data\gtzan\genres\disco\disco.00041.wav,44fe2183c0c85ca33ec07d5fd270b25d06263fd7cdd2bea94181e5ed53fb79f0,30.013333,included,
1042,GTZAN,disco,Disco,3,disco\disco.00042.wav,C:\Genrogram\data\gtzan\genres\disco\disco.00042.wav,9267b27babcd28e02085f8e9b24abe1fa5b820a977ac76808ebade359ddb36b9,30.013333,included,
1043,GTZAN,disco,Disco,3,disco\disco.00042.wav,C:\Genrogram\data\gtzan\genres\disco\disco.00042.wav,9267b27babcd28e02085f8e9b24abe1fa5b820a977ac76808ebade359ddb36b9,30.013333,included,
1044,GTZAN,disco,Disco,3,disco\disco.00043.wav,C:\Genrogram\data\gtzan\genres\disco\disco.00043.wav,8bdd6b8269da2dbe85b11352b39868adea71a112c809b61e0dd4eebc252f1eb6,30.013333,included,
1045,GTZAN,disco,Disco,3,disco\disco.00043.wav,C:\Genrogram\data\gtzan\genres\disco\disco.00043.wav,8bdd6b8269da2dbe85b11352b39868adea71a112c809b61e0dd4eebc252f1eb6,30.013333,included,
1046,GTZAN,disco,Disco,3,disco\disco.00044.wav,C:\Genrogram\data\gtzan\genres\disco\disco.00044.wav,80972ab90b9120fa9efa6eb54ecfe0eac92e66defd862f2fc3e42b494be8a686,30.013333,included,
1047,GTZAN,disco,Disco,3,disco\disco.00044.wav,C:\Genrogram\data\gtzan\genres\disco\disco.00044.wav,80972ab90b9120fa9efa6eb54ecfe0eac92e66defd862f2fc3e42b494be8a686,30.013333,included,
1048,GTZAN,disco,Disco,3,disco\disco.00045.wav,C:\Genrogram\data\gtzan\genres\disco\disco.00045.wav,80ab88d06c21dd890ac912f16295c80d60d6d4e60bf7702ef7586aa1df9b6450,30.013333,included,
1049,GTZAN,disco,Disco,3,disco\disco.00045.wav,C:\Genrogram\data\gtzan\genres\disco\disco.00045.wav,80ab88d06c21dd890ac912f16295c80d60d6d4e60bf7702ef7586aa1df9b6450,30.013333,included,
1050,GTZAN,disco,Disco,3,disco\disco.00046.wav,C:\Genrogram\data\gtzan\genres\disco\disco.00046.wav,b56baeb0033333bd1fb421d4320373995f4e2e011aa21a019f747a343d1f28cc,30.000181,included,
1051,GTZAN,disco,Disco,3,disco\disco.00046.wav,C:\Genrogram\data\gtzan\genres\disco\disco.00046.wav,b56baeb0033333bd1fb421d4320373995f4e2e011aa21a019f747a343d1f28cc,30.000181,included,
1052,GTZAN,disco,Disco,3,disco\disco.00047.wav,C:\Genrogram\data\gtzan\genres\disco\disco.00047.wav,f5cc66319b8362e926613ce7243b9d5303b54f08782220cfb38768d029c6eab5,30.000181,included,
1053,GTZAN,disco,Disco,3,disco\disco.00047.wav,C:\Genrogram\data\gtzan\genres\disco\disco.00047.wav,f5cc66319b8362e926613ce7243b9d5303b54f08782220cfb38768d029c6eab5,30.000181,included,
1054,GTZAN,disco,Disco,3,disco\disco.00048.wav,C:\Genrogram\data\gtzan\genres\disco\disco.00048.wav,77d3260ddaede842138fd607797c6c4627b2195da9cc5ea3b8d55090d8ef39a3,30.000181,included,
1055,GTZAN,disco,Disco,3,disco\disco.00048.wav,C:\Genrogram\data\gtzan\genres\disco\disco.00048.wav,77d3260ddaede842138fd607797c6c4627b2195da9cc5ea3b8d55090d8ef39a3,30.000181,included,
1056,GTZAN,disco,Disco,3,disco\disco.00049.wav,C:\Genrogram\data\gtzan\genres\disco\disco.00049.wav,a45cc4005c96e8c00b684f852b5b9cc52be95867cf5ae36a1797c2ee4e630e23,30.000181,included,
1057,GTZAN,disco,Disco,3,disco\disco.00049.wav,C:\Genrogram\data\gtzan\genres\disco\disco.00049.wav,a45cc4005c96e8c00b684f852b5b9cc52be95867cf5ae36a1797c2ee4e630e23,30.000181,included,
1058,GTZAN,disco,Disco,3,disco\disco.00050.wav,C:\Genrogram\data\gtzan\genres\disco\disco.00050.wav,bfeb920f27556d7208dac0246251b2b8b25abfa103f8ffcaefb7e42cb6bb1308,30.000181,included,
1059,GTZAN,disco,Disco,3,disco\disco.00050.wav,C:\Genrogram\data\gtzan\genres\disco\disco.00050.wav,bfeb920f27556d7208dac0246251b2b8b25abfa103f8ffcaefb7e42cb6bb1308,30.000181,included,
1060,GTZAN,disco,Disco,3,disco\disco.00051.wav,C:\Genrogram\data\gtzan\genres\disco\disco.00051.wav,f7a8b79530837143d51ede7e103229db4b2b1f6f85bd0bf4891313c86a170b04,30.000181,included,
1061,GTZAN,disco,Disco,3,disco\disco.00051.wav,C:\Genrogram\data\gtzan\genres\disco\disco.00051.wav,f7a8b79530837143d51ede7e103229db4b2b1f6f85bd0bf4891313c86a170b04,30.000181,included,
1062,GTZAN,disco,Disco,3,disco\disco.00052.wav,C:\Genrogram\data\gtzan\genres\disco\disco.00052.wav,35b56f21e4d798925e0130749f56e7eecc8e63318c73e66e90d6ebb98fa7cf6c,30.000181,included,
1063,GTZAN,disco,Disco,3,disco\disco.00052.wav,C:\Genrogram\data\gtzan\genres\disco\disco.00052.wav,35b56f21e4d798925e0130749f56e7eecc8e63318c73e66e90d6ebb98fa7cf6c,30.000181,included,
1064,GTZAN,disco,Disco,3,disco\disco.00053.wav,C:\Genrogram\data\gtzan\genres\disco\disco.00053.wav,7a960b72b053aad2b4600db0edeae10e7d2bd26dc999c5d6f381d7eca0230748,30.000181,included,
1065,GTZAN,disco,Disco,3,disco\disco.00053.wav,C:\Genrogram\data\gtzan\genres\disco\disco.00053.wav,7a960b72b053aad2b4600db0edeae10e7d2bd26dc999c5d6f381d7eca0230748,30.000181,included,
1066,GTZAN,disco,Disco,3,disco\disco.00054.wav,C:\Genrogram\data\gtzan\genres\disco\disco.00054.wav,b3bcfed7d432857a5ae5ff80b0f52bdf4b89e2dfe85dd6720852ab1cb79e8b75,30.000181,included,
1067,GTZAN,disco,Disco,3,disco\disco.00054.wav,C:\Genrogram\data\gtzan\genres\disco\disco.00054.wav,b3bcfed7d432857a5ae5ff80b0f52bdf4b89e2dfe85dd6720852ab1cb79e8b75,30.000181,included,
1068,GTZAN,disco,Disco,3,disco\disco.00055.wav,C:\Genrogram\data\gtzan\genres\disco\disco.00055.wav,ce5f5b16c2b5fb8b3a20aaedf301e4ebd3c6c99a38fd14c8fe15116d0b34300d,30.000181,included,
1069,GTZAN,disco,Disco,3,disco\disco.00055.wav,C:\Genrogram\data\gtzan\genres\disco\disco.00055.wav,ce5f5b16c2b5fb8b3a20aaedf301e4ebd3c6c99a38fd14c8fe15116d0b34300d,30.000181,included,
1070,GTZAN,disco,Disco,3,disco\disco.00056.wav,C:\Genrogram\data\gtzan\genres\disco\disco.00056.wav,5422d71fab452047e2ec19d45226332cf5e37bd7a361e8dcf096ea18ad3448f9,30.000181,included,
1071,GTZAN,disco,Disco,3,disco\disco.00056.wav,C:\Genrogram\data\gtzan\genres\disco\disco.00056.wav,5422d71fab452047e2ec19d45226332cf5e37bd7a361e8dcf096ea18ad3448f9,30.000181,included,
1072,GTZAN,disco,Disco,3,disco\disco.00057.wav,C:\Genrogram\data\gtzan\genres\disco\disco.00057.wav,5e9b5585c6fc8f22ccf62ff4e1ebe6715d992d29517615d8bb62c9075f96947d,30.000181,included,
1073,GTZAN,disco,Disco,3,disco\disco.00057.wav,C:\Genrogram\data\gtzan\genres\disco\disco.00057.wav,5e9b5585c6fc8f22ccf62ff4e1ebe6715d992d29517615d8bb62c9075f96947d,30.000181,included,
1074,GTZAN,disco,Disco,3,disco\disco.00058.wav,C:\Genrogram\data\gtzan\genres\disco\disco.00058.wav,04d634cfc12c9acf1cb3b43ffcbdf143e5683bb42910bbd2f00edfa79416000a,30.000181,included,
1075,GTZAN,disco,Disco,3,disco\disco.00058.wav,C:\Genrogram\data\gtzan\genres\disco\disco.00058.wav,04d634cfc12c9acf1cb3b43ffcbdf143e5683bb42910bbd2f00edfa79416000a,30.000181,included,
1076,GTZAN,disco,Disco,3,disco\disco.00059.wav,C:\Genrogram\data\gtzan\genres\disco\disco.00059.wav,228c0023ac1992dae1dd3efcf9d0748e4f7b7e0c630e5b7440f3f2095cb58ee6,30.000181,included,
1077,GTZAN,disco,Disco,3,disco\disco.00059.wav,C:\Genrogram\data\gtzan\genres\disco\disco.00059.wav,228c0023ac1992dae1dd3efcf9d0748e4f7b7e0c630e5b7440f3f2095cb58ee6,30.000181,included,
1078,GTZAN,disco,Disco,3,disco\disco.00060.wav,C:\Genrogram\data\gtzan\genres\disco\disco.00060.wav,91a98ba0022015d1adcb7dde73984865b0557c5a2aca1f544f65ce1db8bcad45,30.000181,included,
1079,GTZAN,disco,Disco,3,disco\disco.00060.wav,C:\Genrogram\data\gtzan\genres\disco\disco.00060.wav,91a98ba0022015d1adcb7dde73984865b0557c5a2aca1f544f65ce1db8bcad45,30.000181,included,
1080,GTZAN,disco,Disco,3,disco\disco.00061.wav,C:\Genrogram\data\gtzan\genres\disco\disco.00061.wav,a469d8c208adb05cbb636b66bea780db2116d53e614d029a5d0e98f318ea607f,30.000181,included,
1081,GTZAN,disco,Disco,3,disco\disco.00061.wav,C:\Genrogram\data\gtzan\genres\disco\disco.00061.wav,a469d8c208adb05cbb636b66bea780db2116d53e614d029a5d0e98f318ea607f,30.000181,included,
1082,GTZAN,disco,Disco,3,disco\disco.00062.wav,C:\Genrogram\data\gtzan\genres\disco\disco.00062.wav,3327e747febd00cb202037b9568d59090b59c87fadac71f6aea114316fb356e0,30.000181,included,
1083,GTZAN,disco,Disco,3,disco\disco.00062.wav,C:\Genrogram\data\gtzan\genres\disco\disco.00062.wav,3327e747febd00cb202037b9568d59090b59c87fadac71f6aea114316fb356e0,30.000181,included,
1084,GTZAN,disco,Disco,3,disco\disco.00063.wav,C:\Genrogram\data\gtzan\genres\disco\disco.00063.wav,7115935985716b8360dc350f1cf7d8961b5f0ce4e5aca9b5a07ffaf5833857d6,30.000181,included,
1085,GTZAN,disco,Disco,3,disco\disco.00063.wav,C:\Genrogram\data\gtzan\genres\disco\disco.00063.wav,7115935985716b8360dc350f1cf7d8961b5f0ce4e5aca9b5a07ffaf5833857d6,30.000181,included,
1086,GTZAN,disco,Disco,3,disco\disco.00064.wav,C:\Genrogram\data\gtzan\genres\disco\disco.00064.wav,a31fcdacd63c2f744e726276a4bf5ba6e9f8981ba543b9f49a4e746f6347d0e9,30.000181,included,
1087,GTZAN,disco,Disco,3,disco\disco.00064.wav,C:\Genrogram\data\gtzan\genres\disco\disco.00064.wav,a31fcdacd63c2f744e726276a4bf5ba6e9f8981ba543b9f49a4e746f6347d0e9,30.000181,included,
1088,GTZAN,disco,Disco,3,disco\disco.00065.wav,C:\Genrogram\data\gtzan\genres\disco\disco.00065.wav,6b4c11ce7ce625fa3d4039e2563475a717169e5632e73bf1aa55fe90870cdf30,30.000181,included,
1089,GTZAN,disco,Disco,3,disco\disco.00065.wav,C:\Genrogram\data\gtzan\genres\disco\disco.00065.wav,6b4c11ce7ce625fa3d4039e2563475a717169e5632e73bf1aa55fe90870cdf30,30.000181,included,
1090,GTZAN,disco,Disco,3,disco\disco.00066.wav,C:\Genrogram\data\gtzan\genres\disco\disco.00066.wav,588f6ad426009e06a2e6facefa1a8769bff41415d38d9fe3a64c5ff811ee033f,30.000181,included,
1091,GTZAN,disco,Disco,3,disco\disco.00066.wav,C:\Genrogram\data\gtzan\genres\disco\disco.00066.wav,588f6ad426009e06a2e6facefa1a8769bff41415d38d9fe3a64c5ff811ee033f,30.000181,included,
1092,GTZAN,disco,Disco,3,disco\disco.00067.wav,C:\Genrogram\data\gtzan\genres\disco\disco.00067.wav,afb92211fc1242aebb97e6c79bff490799a51449dc036a09d07cacaf5270d021,30.000181,included,
1093,GTZAN,disco,Disco,3,disco\disco.00067.wav,C:\Genrogram\data\gtzan\genres\disco\disco.00067.wav,afb92211fc1242aebb97e6c79bff490799a51449dc036a09d07cacaf5270d021,30.000181,included,
1094,GTZAN,disco,Disco,3,disco\disco.00068.wav,C:\Genrogram\data\gtzan\genres\disco\disco.00068.wav,8717dd3a1f82644cec6dbcd3ea03d61370fd9507a81b189afae680369dfaa090,30.000181,included,
1095,GTZAN,disco,Disco,3,disco\disco.00068.wav,C:\Genrogram\data\gtzan\genres\disco\disco.00068.wav,8717dd3a1f82644cec6dbcd3ea03d61370fd9507a81b189afae680369dfaa090,30.000181,included,
1096,GTZAN,disco,Disco,3,disco\disco.00069.wav,C:\Genrogram\data\gtzan\genres\disco\disco.00069.wav,f50e56b2578c03779a6bf0de84f23c47a71759d8b449c509dc116ff1ebf303d3,30.000181,included,
1097,GTZAN,disco,Disco,3,disco\disco.00069.wav,C:\Genrogram\data\gtzan\genres\disco\disco.00069.wav,f50e56b2578c03779a6bf0de84f23c47a71759d8b449c509dc116ff1ebf303d3,30.000181,included,
1098,GTZAN,disco,Disco,3,disco\disco.00070.wav,C:\Genrogram\data\gtzan\genres\disco\disco.00070.wav,0e043c2e6ffd768c3870a49a2d6c486dbe9b41f5235db05dda290c982cf68924,30.000181,included,
1099,GTZAN,disco,Disco,3,disco\disco.00070.wav,C:\Genrogram\data\gtzan\genres\disco\disco.00070.wav,0e043c2e6ffd768c3870a49a2d6c486dbe9b41f5235db05dda290c982cf68924,30.000181,included,
1100,GTZAN,disco,Disco,3,disco\disco.00071.wav,C:\Genrogram\data\gtzan\genres\disco\disco.00071.wav,30ec9231493f15753f913a22c62e45cf8efc5d527a32a6f733bbdd658a3e57dd,30.000181,included,
1101,GTZAN,disco,Disco,3,disco\disco.00071.wav,C:\Genrogram\data\gtzan\genres\disco\disco.00071.wav,30ec9231493f15753f913a22c62e45cf8efc5d527a32a6f733bbdd658a3e57dd,30.000181,included,
1102,GTZAN,disco,Disco,3,disco\disco.00072.wav,C:\Genrogram\data\gtzan\genres\disco\disco.00072.wav,5c12df496efa60b7e619d0c78faa21e3d68fb23b22474b1c68c81cf24342eb0f,30.000181,included,
1103,GTZAN,disco,Disco,3,disco\disco.00072.wav,C:\Genrogram\data\gtzan\genres\disco\disco.00072.wav,5c12df496efa60b7e619d0c78faa21e3d68fb23b22474b1c68c81cf24342eb0f,30.000181,included,
1104,GTZAN,disco,Disco,3,disco\disco.00073.wav,C:\Genrogram\data\gtzan\genres\disco\disco.00073.wav,d00bcf5324390df95e3c4130965ee88aae345fad017cea91e0c4c5fd48057d80,30.000181,included,
1105,GTZAN,disco,Disco,3,disco\disco.00073.wav,C:\Genrogram\data\gtzan\genres\disco\disco.00073.wav,d00bcf5324390df95e3c4130965ee88aae345fad017cea91e0c4c5fd48057d80,30.000181,included,
1106,GTZAN,disco,Disco,3,disco\disco.00074.wav,C:\Genrogram\data\gtzan\genres\disco\disco.00074.wav,4fabd7a21af126caf363e2cd4cc2658d2eb032a046ec37f42bedfd7df6d8a59f,30.000181,included,
1107,GTZAN,disco,Disco,3,disco\disco.00074.wav,C:\Genrogram\data\gtzan\genres\disco\disco.00074.wav,4fabd7a21af126caf363e2cd4cc2658d2eb032a046ec37f42bedfd7df6d8a59f,30.000181,included,
1108,GTZAN,disco,Disco,3,disco\disco.00075.wav,C:\Genrogram\data\gtzan\genres\disco\disco.00075.wav,51d49dfb7258f45afd7ab47845da881505b35588583864b84228a6e8991082b5,30.000181,included,
1109,GTZAN,disco,Disco,3,disco\disco.00075.wav,C:\Genrogram\data\gtzan\genres\disco\disco.00075.wav,51d49dfb7258f45afd7ab47845da881505b35588583864b84228a6e8991082b5,30.000181,included,
1110,GTZAN,disco,Disco,3,disco\disco.00076.wav,C:\Genrogram\data\gtzan\genres\disco\disco.00076.wav,f2498f61bb5f35d3b64cbc30a56ed658fd9e61594454d1fe4f1103dad5125eb8,30.000181,included,
1111,GTZAN,disco,Disco,3,disco\disco.00076.wav,C:\Genrogram\data\gtzan\genres\disco\disco.00076.wav,f2498f61bb5f35d3b64cbc30a56ed658fd9e61594454d1fe4f1103dad5125eb8,30.000181,included,
1112,GTZAN,disco,Disco,3,disco\disco.00077.wav,C:\Genrogram\data\gtzan\genres\disco\disco.00077.wav,fe06dd7bdbb7e79906c48da801a92ab78c07abfa387238a7ea7d0959cd8a8078,30.000181,included,
1113,GTZAN,disco,Disco,3,disco\disco.00077.wav,C:\Genrogram\data\gtzan\genres\disco\disco.00077.wav,fe06dd7bdbb7e79906c48da801a92ab78c07abfa387238a7ea7d0959cd8a8078,30.000181,included,
1114,GTZAN,disco,Disco,3,disco\disco.00078.wav,C:\Genrogram\data\gtzan\genres\disco\disco.00078.wav,f033a9f6747316988c67c057bac4b8fe86a7ac9ab4a2619f3f01b822bff5f824,30.000181,included,
1115,GTZAN,disco,Disco,3,disco\disco.00078.wav,C:\Genrogram\data\gtzan\genres\disco\disco.00078.wav,f033a9f6747316988c67c057bac4b8fe86a7ac9ab4a2619f3f01b822bff5f824,30.000181,included,
1116,GTZAN,disco,Disco,3,disco\disco.00079.wav,C:\Genrogram\data\gtzan\genres\disco\disco.00079.wav,45094348b34b5657e165f2a917c3c894557e3d500c881bd38efaee983121a5a0,30.000181,included,
1117,GTZAN,disco,Disco,3,disco\disco.00079.wav,C:\Genrogram\data\gtzan\genres\disco\disco.00079.wav,45094348b34b5657e165f2a917c3c894557e3d500c881bd38efaee983121a5a0,30.000181,included,
1118,GTZAN,disco,Disco,3,disco\disco.00080.wav,C:\Genrogram\data\gtzan\genres\disco\disco.00080.wav,8a8b5a723d152af9c47c1d6438dd2f50c48a2700d799d96f54809b0f98995ea9,30.000181,included,
1119,GTZAN,disco,Disco,3,disco\disco.00080.wav,C:\Genrogram\data\gtzan\genres\disco\disco.00080.wav,8a8b5a723d152af9c47c1d6438dd2f50c48a2700d799d96f54809b0f98995ea9,30.000181,included,
1120,GTZAN,disco,Disco,3,disco\disco.00081.wav,C:\Genrogram\data\gtzan\genres\disco\disco.00081.wav,cabedfd1d43ce0fd5935d8381b26d42ea9b37f45b6fb4401ae18a12636f2faee,30.000181,included,
1121,GTZAN,disco,Disco,3,disco\disco.00081.wav,C:\Genrogram\data\gtzan\genres\disco\disco.00081.wav,cabedfd1d43ce0fd5935d8381b26d42ea9b37f45b6fb4401ae18a12636f2faee,30.000181,included,
1122,GTZAN,disco,Disco,3,disco\disco.00082.wav,C:\Genrogram\data\gtzan\genres\disco\disco.00082.wav,3d83aeb924775721db691e92c23bce641a750da56c1f234ab365e2c6557a82cc,30.000181,included,
1123,GTZAN,disco,Disco,3,disco\disco.00082.wav,C:\Genrogram\data\gtzan\genres\disco\disco.00082.wav,3d83aeb924775721db691e92c23bce641a750da56c1f234ab365e2c6557a82cc,30.000181,included,
1124,GTZAN,disco,Disco,3,disco\disco.00083.wav,C:\Genrogram\data\gtzan\genres\disco\disco.00083.wav,0a0c4cdab1cb3f155f1070ff121541e5d60b6a7af64ade0c17fdd603af0f63ce,30.000181,included,
1125,GTZAN,disco,Disco,3,disco\disco.00083.wav,C:\Genrogram\data\gtzan\genres\disco\disco.00083.wav,0a0c4cdab1cb3f155f1070ff121541e5d60b6a7af64ade0c17fdd603af0f63ce,30.000181,included,
1126,GTZAN,disco,Disco,3,disco\disco.00084.wav,C:\Genrogram\data\gtzan\genres\disco\disco.00084.wav,b1e957de9b136293bc8cbb05693d1486c977b39eaf287e064a02763a6ac02b81,30.000181,included,
1127,GTZAN,disco,Disco,3,disco\disco.00084.wav,C:\Genrogram\data\gtzan\genres\disco\disco.00084.wav,b1e957de9b136293bc8cbb05693d1486c977b39eaf287e064a02763a6ac02b81,30.000181,included,
1128,GTZAN,disco,Disco,3,disco\disco.00085.wav,C:\Genrogram\data\gtzan\genres\disco\disco.00085.wav,96c4c0bc77784fa71a6d6a2afd6ccdb496f5c04fbd4459d4890e7b30760e6e1a,30.000181,included,
1129,GTZAN,disco,Disco,3,disco\disco.00085.wav,C:\Genrogram\data\gtzan\genres\disco\disco.00085.wav,96c4c0bc77784fa71a6d6a2afd6ccdb496f5c04fbd4459d4890e7b30760e6e1a,30.000181,included,
1130,GTZAN,disco,Disco,3,disco\disco.00086.wav,C:\Genrogram\data\gtzan\genres\disco\disco.00086.wav,5e9888b66dedf987760d6f7add11c5b91f22e61babb10baefdfe6e48280b1a2a,30.000181,included,
1131,GTZAN,disco,Disco,3,disco\disco.00086.wav,C:\Genrogram\data\gtzan\genres\disco\disco.00086.wav,5e9888b66dedf987760d6f7add11c5b91f22e61babb10baefdfe6e48280b1a2a,30.000181,included,
1132,GTZAN,disco,Disco,3,disco\disco.00087.wav,C:\Genrogram\data\gtzan\genres\disco\disco.00087.wav,4949f71e0bc3cc35049da1b2649aa165439cd7e4129ef241ef133580a626e8df,30.000181,included,
1133,GTZAN,disco,Disco,3,disco\disco.00087.wav,C:\Genrogram\data\gtzan\genres\disco\disco.00087.wav,4949f71e0bc3cc35049da1b2649aa165439cd7e4129ef241ef133580a626e8df,30.000181,included,
1134,GTZAN,disco,Disco,3,disco\disco.00088.wav,C:\Genrogram\data\gtzan\genres\disco\disco.00088.wav,8e6066f0ade08ac3953e831e0a202ebdef40f1947c962934bbbabe69c0641aa2,30.000181,included,
1135,GTZAN,disco,Disco,3,disco\disco.00088.wav,C:\Genrogram\data\gtzan\genres\disco\disco.00088.wav,8e6066f0ade08ac3953e831e0a202ebdef40f1947c962934bbbabe69c0641aa2,30.000181,included,
1136,GTZAN,disco,Disco,3,disco\disco.00089.wav,C:\Genrogram\data\gtzan\genres\disco\disco.00089.wav,bb637946483a07c0cef502893d7a776b9cb19f78e4ac58918cf9b02203133474,30.000181,included,
1137,GTZAN,disco,Disco,3,disco\disco.00089.wav,C:\Genrogram\data\gtzan\genres\disco\disco.00089.wav,bb637946483a07c0cef502893d7a776b9cb19f78e4ac58918cf9b02203133474,30.000181,included,
1138,GTZAN,disco,Disco,3,disco\disco.00090.wav,C:\Genrogram\data\gtzan\genres\disco\disco.00090.wav,db1464470819ef8c4ac579a986611f30bab8af4fdf5d03157b92128aa66f5f8a,30.000181,included,
1139,GTZAN,disco,Disco,3,disco\disco.00090.wav,C:\Genrogram\data\gtzan\genres\disco\disco.00090.wav,db1464470819ef8c4ac579a986611f30bab8af4fdf5d03157b92128aa66f5f8a,30.000181,included,
1140,GTZAN,disco,Disco,3,disco\disco.00091.wav,C:\Genrogram\data\gtzan\genres\disco\disco.00091.wav,abef50c84e558a9ec885e9da24ac57767ea4b57227747c8d5bf91bbf80bfcc44,30.000181,included,
1141,GTZAN,disco,Disco,3,disco\disco.00091.wav,C:\Genrogram\data\gtzan\genres\disco\disco.00091.wav,abef50c84e558a9ec885e9da24ac57767ea4b57227747c8d5bf91bbf80bfcc44,30.000181,included,
1142,GTZAN,disco,Disco,3,disco\disco.00092.wav,C:\Genrogram\data\gtzan\genres\disco\disco.00092.wav,9c4c060eedf651ef6dd0c051d9db610fa1e7d93177713db2d63e6fd91b949cdd,30.000181,included,
1143,GTZAN,disco,Disco,3,disco\disco.00092.wav,C:\Genrogram\data\gtzan\genres\disco\disco.00092.wav,9c4c060eedf651ef6dd0c051d9db610fa1e7d93177713db2d63e6fd91b949cdd,30.000181,included,
1144,GTZAN,disco,Disco,3,disco\disco.00093.wav,C:\Genrogram\data\gtzan\genres\disco\disco.00093.wav,5eab391b680186472a28fa7d3b73edda36fa530f8d53035d096ba51bc8e9ea6c,30.000181,included,
1145,GTZAN,disco,Disco,3,disco\disco.00093.wav,C:\Genrogram\data\gtzan\genres\disco\disco.00093.wav,5eab391b680186472a28fa7d3b73edda36fa530f8d53035d096ba51bc8e9ea6c,30.000181,included,
1146,GTZAN,disco,Disco,3,disco\disco.00094.wav,C:\Genrogram\data\gtzan\genres\disco\disco.00094.wav,7ac5b8f68917f43bb48324bdb867afe2306edabaca53d8694811df3038da2943,30.000181,included,
1147,GTZAN,disco,Disco,3,disco\disco.00094.wav,C:\Genrogram\data\gtzan\genres\disco\disco.00094.wav,7ac5b8f68917f43bb48324bdb867afe2306edabaca53d8694811df3038da2943,30.000181,included,
1148,GTZAN,disco,Disco,3,disco\disco.00095.wav,C:\Genrogram\data\gtzan\genres\disco\disco.00095.wav,4dbce981583e8c71b7119cdf2fc636faaf4139cb2d58391240398da548e1cc62,30.000181,included,
1149,GTZAN,disco,Disco,3,disco\disco.00095.wav,C:\Genrogram\data\gtzan\genres\disco\disco.00095.wav,4dbce981583e8c71b7119cdf2fc636faaf4139cb2d58391240398da548e1cc62,30.000181,included,
1150,GTZAN,disco,Disco,3,disco\disco.00096.wav,C:\Genrogram\data\gtzan\genres\disco\disco.00096.wav,28b2071d2e6c388e87c3909ee0ed8231157fd9798d556f02738aa8d239e1ce0d,30.000181,included,
1151,GTZAN,disco,Disco,3,disco\disco.00096.wav,C:\Genrogram\data\gtzan\genres\disco\disco.00096.wav,28b2071d2e6c388e87c3909ee0ed8231157fd9798d556f02738aa8d239e1ce0d,30.000181,included,
1152,GTZAN,disco,Disco,3,disco\disco.00097.wav,C:\Genrogram\data\gtzan\genres\disco\disco.00097.wav,1e0026caf79a4d16cab8be1346ff7bed5611e9af6e465c2c4fcfcb4095ad62d8,30.000181,included,
1153,GTZAN,disco,Disco,3,disco\disco.00097.wav,C:\Genrogram\data\gtzan\genres\disco\disco.00097.wav,1e0026caf79a4d16cab8be1346ff7bed5611e9af6e465c2c4fcfcb4095ad62d8,30.000181,included,
1154,GTZAN,disco,Disco,3,disco\disco.00098.wav,C:\Genrogram\data\gtzan\genres\disco\disco.00098.wav,3496655d22b1ea1efd55457192b5a78547e71c868dc952dccef883191569804f,30.000181,included,
1155,GTZAN,disco,Disco,3,disco\disco.00098.wav,C:\Genrogram\data\gtzan\genres\disco\disco.00098.wav,3496655d22b1ea1efd55457192b5a78547e71c868dc952dccef883191569804f,30.000181,included,
1156,GTZAN,disco,Disco,3,disco\disco.00099.wav,C:\Genrogram\data\gtzan\genres\disco\disco.00099.wav,3496655d22b1ea1efd55457192b5a78547e71c868dc952dccef883191569804f,30.000181,included,
1157,GTZAN,disco,Disco,3,disco\disco.00099.wav,C:\Genrogram\data\gtzan\genres\disco\disco.00099.wav,3496655d22b1ea1efd55457192b5a78547e71c868dc952dccef883191569804f,30.000181,included,
1158,Navrasa,Haryanvi,Haryanvi,17,Haryanvi\India\Haryanvi\AJAY_SIKRAI_-_Best_of_Masoom_Sharma_Jukebox_Masoom_Sharma_New_Song_New_Haryanvi_Songs_Haryanavi_2025.wav,C:\Genrogram\data\expanded_raw\Haryanvi\India\Haryanvi\AJAY_SIKRAI_-_Best_of_Masoom_Sharma_Jukebox_Masoom_Sharma_New_Song_New_Haryanvi_Songs_Haryanavi_2025.wav,4475a48ff44b610b69947f96b0504a6b85ff69378cd9e381da86ededa1a71c90,30.000000,included,
1159,Navrasa,Haryanvi,Haryanvi,17,Haryanvi\India\Haryanvi\Ajay_Hooda_-_Lamba_Lamba_Ghunghat_Lofi.wav,C:\Genrogram\data\expanded_raw\Haryanvi\India\Haryanvi\Ajay_Hooda_-_Lamba_Lamba_Ghunghat_Lofi.wav,a63203726cf811bc1d8dd758d70c42944c6eda3d7df179f82cf57fc828df6b80,30.000000,included,
1160,Navrasa,Haryanvi,Haryanvi,17,Haryanvi\India\Haryanvi\Akash_Kumar_-_Hariyana_dj_song.wav,C:\Genrogram\data\expanded_raw\Haryanvi\India\Haryanvi\Akash_Kumar_-_Hariyana_dj_song.wav,d68aea45564288936a64d974049fab9cddd6d9ee0f0b58d2159ba83c379f9c0f,30.000000,included,
1161,Navrasa,Haryanvi,Haryanvi,17,Haryanvi\India\Haryanvi\Amanraj_Gill_-_Bhaga_Aale.wav,C:\Genrogram\data\expanded_raw\Haryanvi\India\Haryanvi\Amanraj_Gill_-_Bhaga_Aale.wav,4e4f3a0ac15a72d130c943cc8a7ae2b313ad7d9c8ccd6510c70528b7567ca763,30.000000,included,
1162,Navrasa,Haryanvi,Haryanvi,17,Haryanvi\India\Haryanvi\Amanraj_Gill_-_Challiya.wav,C:\Genrogram\data\expanded_raw\Haryanvi\India\Haryanvi\Amanraj_Gill_-_Challiya.wav,6ef072c1e2489e0ef4616b7f0c8f9dc2cceb456638a0b3d918d0d8cbe8267bda,30.000000,included,
1163,Navrasa,Haryanvi,Haryanvi,17,Haryanvi\India\Haryanvi\Amanraj_Gill_-_Protocol.wav,C:\Genrogram\data\expanded_raw\Haryanvi\India\Haryanvi\Amanraj_Gill_-_Protocol.wav,38d9c13240ed3938981dfeda6da7b15923e09ecdfa2cdf6414f31f20d780f1f2,30.000000,included,
1164,Navrasa,Haryanvi,Haryanvi,17,Haryanvi\India\Haryanvi\Amar_Karnawal_-_Madam_Ji.wav,C:\Genrogram\data\expanded_raw\Haryanvi\India\Haryanvi\Amar_Karnawal_-_Madam_Ji.wav,253a85e384a2ddc2bdf450eeade93268d65835282c2ec249103c21297b4e158f,30.000000,included,
1165,Navrasa,Haryanvi,Haryanvi,17,Haryanvi\India\Haryanvi\BIGMONEY_-_Koyal_Si_Baani.wav,C:\Genrogram\data\expanded_raw\Haryanvi\India\Haryanvi\BIGMONEY_-_Koyal_Si_Baani.wav,90fac2a01732e9674d559634aac6488dddd1612fff44be595cf3e9f02dc4ea12,30.000000,included,
1166,Navrasa,Haryanvi,Haryanvi,17,Haryanvi\India\Haryanvi\Bhal_Singh_-_Main_Suraj_Tu_Chandrawal_Jhankar_Beats.wav,C:\Genrogram\data\expanded_raw\Haryanvi\India\Haryanvi\Bhal_Singh_-_Main_Suraj_Tu_Chandrawal_Jhankar_Beats.wav,ab581504410bb0826f6994849f752aeccdc679109d625a448bdd96de0013955c,30.000000,included,
1167,Navrasa,Haryanvi,Haryanvi,17,Haryanvi\India\Haryanvi\Black_Bird_Music_-_Fortuner_Official_Video_Gulshan_MusicJaat_NiaRuchika_Jangid_New_Haryanvi_Songs_Haryanavi_2025.wav,C:\Genrogram\data\expanded_raw\Haryanvi\India\Haryanvi\Black_Bird_Music_-_Fortuner_Official_Video_Gulshan_MusicJaat_NiaRuchika_Jangid_New_Haryanvi_Songs_Haryanavi_2025.wav,844afee840df8d93c7a45d481eae11cf523ab8c22c615c82aa425e7e4dc150ee,30.000000,included,
1168,Navrasa,Haryanvi,Haryanvi,17,Haryanvi\India\Haryanvi\Braveheart_Music_-_Tu_Uncle_Lage_Marjane_Mein_Lagu_18_Ki_Ajay_Hooda_New_Song_Haryanvi_Song_New_Haryanvi_Song.wav,C:\Genrogram\data\expanded_raw\Haryanvi\India\Haryanvi\Braveheart_Music_-_Tu_Uncle_Lage_Marjane_Mein_Lagu_18_Ki_Ajay_Hooda_New_Song_Haryanvi_Song_New_Haryanvi_Song.wav,826d3556dbd2080c5f61640f7b4252561bf8f2746a11ca49d8b784d53cee75c1,30.000000,included,
1169,Navrasa,Haryanvi,Haryanvi,17,Haryanvi\India\Haryanvi\Byg_Byrd_Nation_-_Masoom_Sharma_New_Songs_New_Haryanvi_Song_Jukebox_2025_Masoom_Sharma_Best_Haryanvi_Songs_Jukebox.wav,C:\Genrogram\data\expanded_raw\Haryanvi\India\Haryanvi\Byg_Byrd_Nation_-_Masoom_Sharma_New_Songs_New_Haryanvi_Song_Jukebox_2025_Masoom_Sharma_Best_Haryanvi_Songs_Jukebox.wav,6b49af99f239c5d5eb0170a2a9fa38c2c555c0afc60ae933ed55c654ddc48444,30.000000,included,
1170,Navrasa,Haryanvi,Haryanvi,17,Haryanvi\India\Haryanvi\Byg_Byrd_Nation_-_TOP_Amanraj_Gill_songs_Top_Haryanvi_Amanraj_Gill_Songs_Haryanvi_Songs_2025_Haryanvi_Songs.wav,C:\Genrogram\data\expanded_raw\Haryanvi\India\Haryanvi\Byg_Byrd_Nation_-_TOP_Amanraj_Gill_songs_Top_Haryanvi_Amanraj_Gill_Songs_Haryanvi_Songs_2025_Haryanvi_Songs.wav,4035c2b6e1a5b66ba8a4bc6329e9b6157aad4b706bc602cdd6ef64854397c949,30.000000,included,
1171,Navrasa,Haryanvi,Haryanvi,17,Haryanvi\India\Haryanvi\Chatak_Haryanvi_-_Nonstop_Hits_Mashup_2025_Sapna_Choudhary_Anjali_Raghav_Khushi_Baliyan_Payal_Malik.wav,C:\Genrogram\data\expanded_raw\Haryanvi\India\Haryanvi\Chatak_Haryanvi_-_Nonstop_Hits_Mashup_2025_Sapna_Choudhary_Anjali_Raghav_Khushi_Baliyan_Payal_Malik.wav,aab80175d70d3af9c6d608267db61c818ea3ab1b57c5d3f5f89d189cc088c03c,30.000000,included,
1172,Navrasa,Haryanvi,Haryanvi,17,Haryanvi\India\Haryanvi\DESHWALONLINE_-_Masoom_Sharmas_Most_Popular_Haryanvi_Songs_Best_Haryanvi_Songs_Top_Trending_Haryanvi_Songs.wav,C:\Genrogram\data\expanded_raw\Haryanvi\India\Haryanvi\DESHWALONLINE_-_Masoom_Sharmas_Most_Popular_Haryanvi_Songs_Best_Haryanvi_Songs_Top_Trending_Haryanvi_Songs.wav,384fed2c5d5b65250aaac8f532e9a81c8e64991a6098676fdcdae7bbb488624c,30.000000,included,
1173,Navrasa,Haryanvi,Haryanvi,17,Haryanvi\India\Haryanvi\Death_Zone_-_Dj_Haryanvi_Top_10_Hits_Songs_2023_Non_Stop_Songs_2023_Haryanvi_Songs_Jukebox_2023_Death_Zone.wav,C:\Genrogram\data\expanded_raw\Haryanvi\India\Haryanvi\Death_Zone_-_Dj_Haryanvi_Top_10_Hits_Songs_2023_Non_Stop_Songs_2023_Haryanvi_Songs_Jukebox_2023_Death_Zone.wav,85606de74b83f23fb188fd9ab58478aac9a2cc24d7a5937de088d89c9d1465c3,30.000000,included,
1174,Navrasa,Haryanvi,Haryanvi,17,Haryanvi\India\Haryanvi\Deejay_Rax_-_Haryanvi_X_Punjabi_Mashup_Deejay_Rax_Best_of_Haryanvi_Punjabi_Party_Dance_Mashup.wav,C:\Genrogram\data\expanded_raw\Haryanvi\India\Haryanvi\Deejay_Rax_-_Haryanvi_X_Punjabi_Mashup_Deejay_Rax_Best_of_Haryanvi_Punjabi_Party_Dance_Mashup.wav,be2549c5ef626df6ca5889bea627bace944d17daba96511bd2fc85935931532d,30.000000,included,
1175,Navrasa,Haryanvi,Haryanvi,17,Haryanvi\India\Haryanvi\Delusion_World_-_____.wav,C:\Genrogram\data\expanded_raw\Haryanvi\India\Haryanvi\Delusion_World_-_____.wav,45ace3dad65d6a5848bef6369ef8f0c6baacb3b8bc4300b2deb597edc34f24a2,30.000000,included,
1176,Navrasa,Haryanvi,Haryanvi,17,Haryanvi\India\Haryanvi\Desi_Beats_-_Masoom_Sharma_Banned_Songs_Best_of_Masoom_Sharma_Jukebox_New_Haryanvi_Songs_Haryanavi_2025.wav,C:\Genrogram\data\expanded_raw\Haryanvi\India\Haryanvi\Desi_Beats_-_Masoom_Sharma_Banned_Songs_Best_of_Masoom_Sharma_Jukebox_New_Haryanvi_Songs_Haryanavi_2025.wav,a6ebf7a13d86ad7802478491a33282e100b5e21b42e59f676e070a2454d7f7fa,30.000000,included,
1177,Navrasa,Haryanvi,Haryanvi,17,Haryanvi\India\Haryanvi\Desi_Beats_-_TOP_SUPERHIT_HARYANVI_SAD_SONGS_FOREVER_2025_Masoom_Sharma_Sinta_Bhai_Gold_E_Gill_Heer.wav,C:\Genrogram\data\expanded_raw\Haryanvi\India\Haryanvi\Desi_Beats_-_TOP_SUPERHIT_HARYANVI_SAD_SONGS_FOREVER_2025_Masoom_Sharma_Sinta_Bhai_Gold_E_Gill_Heer.wav,b0f911ae406bd61f1efa795a057c8141d90359201eb9afbd75cc50d3189c6fc3,30.000000,included,
1178,Navrasa,Haryanvi,Haryanvi,17,Haryanvi\India\Haryanvi\Desi_Bol_-_Top_Haryanvi_Super_Hits_Songs_Ajesh_Kumar_New_Haryanvi_Song_2025_Jukebox_2025_Dj_Song_2025.wav,C:\Genrogram\data\expanded_raw\Haryanvi\India\Haryanvi\Desi_Bol_-_Top_Haryanvi_Super_Hits_Songs_Ajesh_Kumar_New_Haryanvi_Song_2025_Jukebox_2025_Dj_Song_2025.wav,33d7ca79217803691b859e6b37ec3b663530ede13d3e127b19a5ac1024c11d2b,30.000000,included,
1179,Navrasa,Haryanvi,Haryanvi,17,Haryanvi\India\Haryanvi\Desi_Bol_-_Top_Haryanvi_Super_Hits_Songs_Ajesh_Kumar_New_Haryanvi_Song_2026_Jukebox_2026_Dj_Song_2026.wav,C:\Genrogram\data\expanded_raw\Haryanvi\India\Haryanvi\Desi_Bol_-_Top_Haryanvi_Super_Hits_Songs_Ajesh_Kumar_New_Haryanvi_Song_2026_Jukebox_2026_Dj_Song_2026.wav,6f135055099c9515ee3e426369e93e50045cec23bbcbc58d9daf5ef63438fc2b,30.000000,included,
1180,Navrasa,Haryanvi,Haryanvi,17,Haryanvi\India\Haryanvi\Desi_Geet_-_Gadar_Official_Video_Sapna_Choudhary_Jaivir_Rathee_Raj_Mawar_Ashu_Twinkle_Haryanvi_Song.wav,C:\Genrogram\data\expanded_raw\Haryanvi\India\Haryanvi\Desi_Geet_-_Gadar_Official_Video_Sapna_Choudhary_Jaivir_Rathee_Raj_Mawar_Ashu_Twinkle_Haryanvi_Song.wav,3207ca55522d1f7dd894365b7c6aeb9b9aa07d766f2a04fbc9d1d6bc440ef1ff,30.000000,included,
1181,Navrasa,Haryanvi,Haryanvi,17,Haryanvi\India\Haryanvi\Desi_Torr_-_Badmashi_Song_Aman_Jaji_Top_10_Songs_Latest_Haryanvi_Songs_Best_Of_Aman_Jaji_Haryanvi_Nonstop.wav,C:\Genrogram\data\expanded_raw\Haryanvi\India\Haryanvi\Desi_Torr_-_Badmashi_Song_Aman_Jaji_Top_10_Songs_Latest_Haryanvi_Songs_Best_Of_Aman_Jaji_Haryanvi_Nonstop.wav,1b0c82585226b9ddbed1e7862c7344d157048835d41e4d040bd0b587a3d29c5e,30.000000,included,
1182,Navrasa,Haryanvi,Haryanvi,17,Haryanvi\India\Haryanvi\Devendra_Kushwaha_-_Financer_Bintu_Pabra_Pranjal_Dahiya_Gunde_Bhi_Financer_Bhi_New_Haryanvi_Song.wav,C:\Genrogram\data\expanded_raw\Haryanvi\India\Haryanvi\Devendra_Kushwaha_-_Financer_Bintu_Pabra_Pranjal_Dahiya_Gunde_Bhi_Financer_Bhi_New_Haryanvi_Song.wav,e2284646fd2d29d5d9c1ae6dbfdaab9fb968b1dd3dc9ffbdd8b77b029ab0852f,30.000000,included,
1183,Navrasa,Haryanvi,Haryanvi,17,Haryanvi\India\Haryanvi\Dhanda_Nyoliwala_-_Russian_Bandana.wav,C:\Genrogram\data\expanded_raw\Haryanvi\India\Haryanvi\Dhanda_Nyoliwala_-_Russian_Bandana.wav,2c2d10a47dbc522dcf9eaa240993cdbfc98cbc6c0cb3261ec3a48480524a335e,30.000000,included,
1184,Navrasa,Haryanvi,Haryanvi,17,Haryanvi\India\Haryanvi\Diler_Kharkiya_-_Aalu_Matar_feat_Anjali_Raghav.wav,C:\Genrogram\data\expanded_raw\Haryanvi\India\Haryanvi\Diler_Kharkiya_-_Aalu_Matar_feat_Anjali_Raghav.wav,b8563a8502abfa3066f521e1c144fb4873fb972ee4520cdf8db819183e3ffc9a,30.000000,included,
1185,Navrasa,Haryanvi,Haryanvi,17,Haryanvi\India\Haryanvi\Diler_Kharkiya_-_Haryanvi_Song_feat_Fiza_Choudhary.wav,C:\Genrogram\data\expanded_raw\Haryanvi\India\Haryanvi\Diler_Kharkiya_-_Haryanvi_Song_feat_Fiza_Choudhary.wav,7236fca93b0cee745339ddd9fb5926aabc22e06dc64bd1105f3b8829501aeae5,30.000000,included,
1186,Navrasa,Haryanvi,Haryanvi,17,Haryanvi\India\Haryanvi\GAANO_WALI_DUNIA_-_Uncha_Nicha_Rasta_New_Haryanvi_DJ_Viral_Song_2025_Raj_Mawar_Komal_C_Bharti_Choudhary_Dance.wav,C:\Genrogram\data\expanded_raw\Haryanvi\India\Haryanvi\GAANO_WALI_DUNIA_-_Uncha_Nicha_Rasta_New_Haryanvi_DJ_Viral_Song_2025_Raj_Mawar_Komal_C_Bharti_Choudhary_Dance.wav,f9ee63d573dc1c6730866e53d7e2fdd9dd208b596aff0683d5b12315f2972854,30.000000,included,
1187,Navrasa,Haryanvi,Haryanvi,17,Haryanvi\India\Haryanvi\GD_Kaur_-_Gypsy_feat_Pranjal_Dahiya.wav,C:\Genrogram\data\expanded_raw\Haryanvi\India\Haryanvi\GD_Kaur_-_Gypsy_feat_Pranjal_Dahiya.wav,62e07cc3c3ea39273841c27a4ada081c1ae3122e861d7d41f1a3e69c4afa8982,30.000000,included,
1188,Navrasa,Haryanvi,Haryanvi,17,Haryanvi\India\Haryanvi\Golden_Music_official_-_New_Haryanvi_Songs_Amanraj_Gill_songs_New_2025_Amanraj_Gill_Songs_New_Hr_songs_Golden_Music.wav,C:\Genrogram\data\expanded_raw\Haryanvi\India\Haryanvi\Golden_Music_official_-_New_Haryanvi_Songs_Amanraj_Gill_songs_New_2025_Amanraj_Gill_Songs_New_Hr_songs_Golden_Music.wav,539b16a670080a67586cbbf90d5f5d0ca5108782badb2a98679775b6df8d61f8,30.000000,included,
1189,Navrasa,Haryanvi,Haryanvi,17,Haryanvi\India\Haryanvi\Gulshan_Music_-_Payal_Karwachauth_Ki.wav,C:\Genrogram\data\expanded_raw\Haryanvi\India\Haryanvi\Gulshan_Music_-_Payal_Karwachauth_Ki.wav,72c7fffbb67cf4ef4d81574062cfde81fcb659fc1c522977eef252d4a2473f51,30.000000,included,
1190,Navrasa,Haryanvi,Haryanvi,17,Haryanvi\India\Haryanvi\Gulzaar_Chhaniwala_-_Jug_Jug_Jeeve.wav,C:\Genrogram\data\expanded_raw\Haryanvi\India\Haryanvi\Gulzaar_Chhaniwala_-_Jug_Jug_Jeeve.wav,716277a4b78b535aceccd909e4dfe938a3af8faf26fb918a04002f2b78592b78,30.000000,included,
1191,Navrasa,Haryanvi,Haryanvi,17,Haryanvi\India\Haryanvi\Gurlez_Akhtar_-_Itna_Bata_De_feat_Pranjal_Dahiya.wav,C:\Genrogram\data\expanded_raw\Haryanvi\India\Haryanvi\Gurlez_Akhtar_-_Itna_Bata_De_feat_Pranjal_Dahiya.wav,dca510541a9436b27384638c4c65920047617a92d5b535d123010130ea0593bc,30.000000,included,
1192,Navrasa,Haryanvi,Haryanvi,17,Haryanvi\India\Haryanvi\Guru_Gpro_-_Masoom_Sharma_Top_10_Songs_Best_of_Masoom_Sharma_Jukebox_New_Haryanvi_Songs_2025_freefire.wav,C:\Genrogram\data\expanded_raw\Haryanvi\India\Haryanvi\Guru_Gpro_-_Masoom_Sharma_Top_10_Songs_Best_of_Masoom_Sharma_Jukebox_New_Haryanvi_Songs_2025_freefire.wav,dd595be6a8ebd70cb0c2e8a82a9964b1641baf9eb4162aa926b01b91b551d55e,30.000000,included,
1193,Navrasa,Haryanvi,Haryanvi,17,Haryanvi\India\Haryanvi\HARYANVI_GAMER_YT_-_Masoom_sharma_popular_songs_Hits_of_masoom_sharma_Jukebox_Haryanvi_songs_2025.wav,C:\Genrogram\data\expanded_raw\Haryanvi\India\Haryanvi\HARYANVI_GAMER_YT_-_Masoom_sharma_popular_songs_Hits_of_masoom_sharma_Jukebox_Haryanvi_songs_2025.wav,4d58552a360eb3c1854b45c64291513884fb625ee097665fc016e2206668db73,30.000000,included,
1194,Navrasa,Haryanvi,Haryanvi,17,Haryanvi\India\Haryanvi\Harjeet_Deewana_-_Bhole_Ka_Hero_Honda_feat_Farista.wav,C:\Genrogram\data\expanded_raw\Haryanvi\India\Haryanvi\Harjeet_Deewana_-_Bhole_Ka_Hero_Honda_feat_Farista.wav,1682989cec40ce2cfecda9f2cf596ecf0479c1c22c58b365961fb83cde47320c,30.000000,included,
1195,Navrasa,Haryanvi,Haryanvi,17,Haryanvi\India\Haryanvi\Harjeet_Deewana_-_Lugai_Chhoti.wav,C:\Genrogram\data\expanded_raw\Haryanvi\India\Haryanvi\Harjeet_Deewana_-_Lugai_Chhoti.wav,0aba6f3504b1498ab8731d35abd19e21158283511b0485d1b48be9609c83aee5,30.000000,included,
1196,Navrasa,Haryanvi,Haryanvi,17,Haryanvi\India\Haryanvi\Haryana_Harmony_-_Dug_Dug__Aman_Jaji_New_Song_Haryanvi_Song_Jukebox_Haryanvi_Songs_Haryanvi.wav,C:\Genrogram\data\expanded_raw\Haryanvi\India\Haryanvi\Haryana_Harmony_-_Dug_Dug__Aman_Jaji_New_Song_Haryanvi_Song_Jukebox_Haryanvi_Songs_Haryanvi.wav,632fad42f3e8d766f0bc85e4f45f8af277e262d671c136847f4b47f526ad1d00,30.000000,included,
1197,Navrasa,Haryanvi,Haryanvi,17,Haryanvi\India\Haryanvi\Haryana_Harmony_-_Masoom_Sharma_New_Song__Haryanvi_Song_Jukebox_Haryanvi_Songs_Haryanvi.wav,C:\Genrogram\data\expanded_raw\Haryanvi\India\Haryanvi\Haryana_Harmony_-_Masoom_Sharma_New_Song__Haryanvi_Song_Jukebox_Haryanvi_Songs_Haryanvi.wav,a9110b334baf5c312c26e374db7631304bc735c9ae53a4b7fa7760f08ebc271e,30.000000,included,
1198,Navrasa,Haryanvi,Haryanvi,17,Haryanvi\India\Haryanvi\Haryana_Harmony_-_Uncha_Nicha_Rasta_New_Haryanvi_DJ_Viral_Song_2025_Sapna_Chaudhary_Raj_Mawar_Komal_Chaudhary.wav,C:\Genrogram\data\expanded_raw\Haryanvi\India\Haryanvi\Haryana_Harmony_-_Uncha_Nicha_Rasta_New_Haryanvi_DJ_Viral_Song_2025_Sapna_Chaudhary_Raj_Mawar_Komal_Chaudhary.wav,ba46db0bc14134296ac533a6d41d5f97c23e045f87bae3e931a065528a89664e,30.000000,included,
1199,Navrasa,Haryanvi,Haryanvi,17,Haryanvi\India\Haryanvi\Haryana_Sur_Raag_-_Warning__Masoom_Sharma_Song_Pinna_Music_Haryanvi_Songs_Haryanvi.wav,C:\Genrogram\data\expanded_raw\Haryanvi\India\Haryanvi\Haryana_Sur_Raag_-_Warning__Masoom_Sharma_Song_Pinna_Music_Haryanvi_Songs_Haryanvi.wav,15c9c18de33b8ef60210ac39fa77a8d022e262391ff29566cf1225393a2dc35a,30.000000,included,
1200,Navrasa,Haryanvi,Haryanvi,17,Haryanvi\India\Haryanvi\Haryanvi_Dhamahal_Hit_-_Latest_Haryanvi_All_Songs_Sapna_Chaudhary_Pranjal_Dahiya_Masoom_Sharma_Raju_Punjabi_JUKEBOX.wav,C:\Genrogram\data\expanded_raw\Haryanvi\India\Haryanvi\Haryanvi_Dhamahal_Hit_-_Latest_Haryanvi_All_Songs_Sapna_Chaudhary_Pranjal_Dahiya_Masoom_Sharma_Raju_Punjabi_JUKEBOX.wav,2331874d23b4c4999a2b2de7a4a9ed4a6d09be0b2f147c00b533ecc7e0285582,30.000000,included,
1201,Navrasa,Haryanvi,Haryanvi,17,Haryanvi\India\Haryanvi\Haryanvi_Hits_-_Pranjal_Dahiya_New_Songs_New_Haryanvi_Song_Jukebox_2024_Pranjal_Dahiya_Best_Haryanvi_Songs_2024.wav,C:\Genrogram\data\expanded_raw\Haryanvi\India\Haryanvi\Haryanvi_Hits_-_Pranjal_Dahiya_New_Songs_New_Haryanvi_Song_Jukebox_2024_Pranjal_Dahiya_Best_Haryanvi_Songs_2024.wav,810b85bf573951688ed3c30e4cbc122cb0c7ca73cc23571bf2e1c1a031f201fd,30.000000,included,
1202,Navrasa,Haryanvi,Haryanvi,17,Haryanvi\India\Haryanvi\Haryanvi_Jukebox_-_Gulzaar_Chhanniwala_All_Best_Haryanvi_Songs_All_New_Haryanvi_Songs_Haryanvi_Best_Songs.wav,C:\Genrogram\data\expanded_raw\Haryanvi\India\Haryanvi\Haryanvi_Jukebox_-_Gulzaar_Chhanniwala_All_Best_Haryanvi_Songs_All_New_Haryanvi_Songs_Haryanvi_Best_Songs.wav,3cd31f5b49728d9d0aa23bd8d780ecaf8aef274c75aad75109f578a0f6a344a9,30.000000,included,
1203,Navrasa,Haryanvi,Haryanvi,17,Haryanvi\India\Haryanvi\Haryanvi_Jukebox_-_Sumit_Goswami_All_Songs_Haryanvi_latest_Haryanvi_songsHaryanvi_Top_HitsHaryanvi_Best_Songs.wav,C:\Genrogram\data\expanded_raw\Haryanvi\India\Haryanvi\Haryanvi_Jukebox_-_Sumit_Goswami_All_Songs_Haryanvi_latest_Haryanvi_songsHaryanvi_Top_HitsHaryanvi_Best_Songs.wav,04af715f180962c75fa52d3a514c505e104c43c4ce23c7b9421ff5057475b784,30.000000,included,
1204,Navrasa,Haryanvi,Haryanvi,17,Haryanvi\India\Haryanvi\Haryanvi_Songs_2022_-_Ajay_Hooda_New_Songs_New_Haryanvi_Song_Jukebox_2021_Sapna_Best_Haryanvi_Songs_Jukebox_New.wav,C:\Genrogram\data\expanded_raw\Haryanvi\India\Haryanvi\Haryanvi_Songs_2022_-_Ajay_Hooda_New_Songs_New_Haryanvi_Song_Jukebox_2021_Sapna_Best_Haryanvi_Songs_Jukebox_New.wav,9cdf559388265b2849f6d23ae71ed01d7eb6bf0ef312658fa1488af1cd5fe934,30.000000,included,
1205,Navrasa,Haryanvi,Haryanvi,17,Haryanvi\India\Haryanvi\Haryanvi_Songs_2022_-_Raju_punjabi_New_Songs_New_Haryanvi_Song_Jukebox_2021_Raju_Bset_Haryanvi_Songs_jukebox_New.wav,C:\Genrogram\data\expanded_raw\Haryanvi\India\Haryanvi\Haryanvi_Songs_2022_-_Raju_punjabi_New_Songs_New_Haryanvi_Song_Jukebox_2021_Raju_Bset_Haryanvi_Songs_jukebox_New.wav,63a8687908ca462d04e0fbbde9127dd5ff98832cd239f4c109c6a20ccd1a20d2,30.000000,included,
1206,Navrasa,Haryanvi,Haryanvi,17,Haryanvi\India\Haryanvi\Haryanvi_Songs_2022_-_Sapna_Choudhary_Haryanvi_Songs_Sapna_Choudhary_Superhit_Haryanvi_Songs_Haryanvi_Jukebox_2021.wav,C:\Genrogram\data\expanded_raw\Haryanvi\India\Haryanvi\Haryanvi_Songs_2022_-_Sapna_Choudhary_Haryanvi_Songs_Sapna_Choudhary_Superhit_Haryanvi_Songs_Haryanvi_Jukebox_2021.wav,0ec3d2a28e6e39e5660d112f1352b9a31ea50e0334301dc5974db4931d65d57e,30.000000,included,
1207,Navrasa,Haryanvi,Haryanvi,17,Haryanvi\India\Haryanvi\Haryanvi_Vibes_-_Mashoom_Sharma_All_Hit_Songs_New_Haryanvi_Jukebox_2025_Latest_Haryanvi_Songs.wav,C:\Genrogram\data\expanded_raw\Haryanvi\India\Haryanvi\Haryanvi_Vibes_-_Mashoom_Sharma_All_Hit_Songs_New_Haryanvi_Jukebox_2025_Latest_Haryanvi_Songs.wav,10fc3526d4660b6ec45950e54f9fcfca40dc4336c83aa474fb180c8eec01f57a,30.000000,included,
1208,Navrasa,Haryanvi,Haryanvi,17,Haryanvi\India\Haryanvi\Haryanvi_Vibes_-_Mashoom_Sharma_All_Hit_Songs_Top_10_Superhit_Haryanvi_Songs_Jukebox_2025.wav,C:\Genrogram\data\expanded_raw\Haryanvi\India\Haryanvi\Haryanvi_Vibes_-_Mashoom_Sharma_All_Hit_Songs_Top_10_Superhit_Haryanvi_Songs_Jukebox_2025.wav,eaecbb83b56dfc2edf059264485633799e52bef34a500e1a6514ebab58c33944,30.000000,included,
1209,Navrasa,Haryanvi,Haryanvi,17,Haryanvi\India\Haryanvi\Haryanvi_Vibes_-_Mashoom_Sharma_Top_Hits_Best_Haryanvi_Songs_Collection_2025.wav,C:\Genrogram\data\expanded_raw\Haryanvi\India\Haryanvi\Haryanvi_Vibes_-_Mashoom_Sharma_Top_Hits_Best_Haryanvi_Songs_Collection_2025.wav,d52eeeef8f22d06cb1d972b56c680de9a7f06e80781284bd04a617969a5f9a58,30.000000,included,
1210,Navrasa,Haryanvi,Haryanvi,17,Haryanvi\India\Haryanvi\Haryanvi_Vibes_-_Mashoom_Sharma_Top_Hits_Superhit_Haryanvi_Songs_Collection_2025.wav,C:\Genrogram\data\expanded_raw\Haryanvi\India\Haryanvi\Haryanvi_Vibes_-_Mashoom_Sharma_Top_Hits_Superhit_Haryanvi_Songs_Collection_2025.wav,92820b51913a35d6663b4d90ebec1981e74a2829c76a4bc1e8a90695355a6ef6,30.000000,included,
1211,Navrasa,Haryanvi,Haryanvi,17,Haryanvi\India\Haryanvi\Haryanvi_Vibes_-_Sapna_Choudhary_Top_10_Songs_Superhit_Haryanvi_Songs_Collection_2025.wav,C:\Genrogram\data\expanded_raw\Haryanvi\India\Haryanvi\Haryanvi_Vibes_-_Sapna_Choudhary_Top_10_Songs_Superhit_Haryanvi_Songs_Collection_2025.wav,215515dcacf3c5172000ffede7542da4c62761a86e407c75017668e71bb5f1a2,30.000000,included,
1212,Navrasa,Haryanvi,Haryanvi,17,Haryanvi\India\Haryanvi\Haryanvi_Vibes_-_Sapna_Choudhary_Top_10_Superhit_Songs_Haryanvi_Jukebox_2025.wav,C:\Genrogram\data\expanded_raw\Haryanvi\India\Haryanvi\Haryanvi_Vibes_-_Sapna_Choudhary_Top_10_Superhit_Songs_Haryanvi_Jukebox_2025.wav,be66837b5e6ca3207b9beaef10b76bd16c4c72403afcb019bab27fa939aa92d7,30.000000,included,
1213,Navrasa,Haryanvi,Haryanvi,17,Haryanvi\India\Haryanvi\Hit_Haryanvi_Gaane_-_Ajay_Hooda_New_Haryanvi_Songs_Haryanvi_Song_Jukebox_New_Haryanvi_Song_Haryanvi_Gaane_2025.wav,C:\Genrogram\data\expanded_raw\Haryanvi\India\Haryanvi\Hit_Haryanvi_Gaane_-_Ajay_Hooda_New_Haryanvi_Songs_Haryanvi_Song_Jukebox_New_Haryanvi_Song_Haryanvi_Gaane_2025.wav,0d785d1cbda3a19714f69d26ea4dd690a310e1fa3f9004ef0dbdfa98d61d5914,30.000000,included,
1214,Navrasa,Haryanvi,Haryanvi,17,Haryanvi\India\Haryanvi\KP_Kundu_-_Jaat_Ni_Honde.wav,C:\Genrogram\data\expanded_raw\Haryanvi\India\Haryanvi\KP_Kundu_-_Jaat_Ni_Honde.wav,98ea5cb89a2ab1c8b3201a80b04f0cb0bee5789e994e401f7489d2b2fe49c48a,30.000000,included,
1215,Navrasa,Haryanvi,Haryanvi,17,Haryanvi\India\Haryanvi\Khasa_Aala_Chahar_-_Loot_Liya_Lofi_Mix.wav,C:\Genrogram\data\expanded_raw\Haryanvi\India\Haryanvi\Khasa_Aala_Chahar_-_Loot_Liya_Lofi_Mix.wav,b287fd36be2cb095346f9a803841127bc87a1cad41310e9a6b7e579a6695fb39,30.000000,included,
1216,Navrasa,Haryanvi,Haryanvi,17,Haryanvi\India\Haryanvi\Khushi_Baliyan_-_Hero_Handa_feat_Punit_Choudhary.wav,C:\Genrogram\data\expanded_raw\Haryanvi\India\Haryanvi\Khushi_Baliyan_-_Hero_Handa_feat_Punit_Choudhary.wav,622b17c7408e4c3218aeae02dd0383260fe28f980c2a78c02684a30b7821ec83,30.000000,included,
1217,Navrasa,Haryanvi,Haryanvi,17,Haryanvi\India\Haryanvi\Komal_Choudhary_-_Kallo.wav,C:\Genrogram\data\expanded_raw\Haryanvi\India\Haryanvi\Komal_Choudhary_-_Kallo.wav,5f1306a4f44204834947279e55400ce2f43b524661e6b5c8b38ab7ff3fd832da,30.000000,included,
1218,Navrasa,Haryanvi,Haryanvi,17,Haryanvi\India\Haryanvi\LOKI_MUSIC_WORLD_-_FILMY_Haryanvi_Songs_Playlist_All_Hit_Songs_Desi_Haryanvi_Vibe_Best_of_Filmy.wav,C:\Genrogram\data\expanded_raw\Haryanvi\India\Haryanvi\LOKI_MUSIC_WORLD_-_FILMY_Haryanvi_Songs_Playlist_All_Hit_Songs_Desi_Haryanvi_Vibe_Best_of_Filmy.wav,10a7f83eb66328c8eb30f3ac5b3cf068231010b6fb30ac2479ae9ef4eb90c92b,30.000000,included,
1219,Navrasa,Haryanvi,Haryanvi,17,Haryanvi\India\Haryanvi\Lokesh_Gurjar_-_Halka_Dupatta_Tera_Muh_Dikhe_THM_8.wav,C:\Genrogram\data\expanded_raw\Haryanvi\India\Haryanvi\Lokesh_Gurjar_-_Halka_Dupatta_Tera_Muh_Dikhe_THM_8.wav,7d1dedeb5136d7c5b827f51fd5f25b89b46c5d5799b5c20243be1ea7328a2467,30.000000,included,
1220,Navrasa,Haryanvi,Haryanvi,17,Haryanvi\India\Haryanvi\Manisha_Sharma_-_COCO_COLA_Full_Song_Ruchika_Jangid_Kay_D_New_Haryanvi_Songs_Haryanavi_2020_Nav_Haryanvi.wav,C:\Genrogram\data\expanded_raw\Haryanvi\India\Haryanvi\Manisha_Sharma_-_COCO_COLA_Full_Song_Ruchika_Jangid_Kay_D_New_Haryanvi_Songs_Haryanavi_2020_Nav_Haryanvi.wav,02b6a8f50c7cce7b88823d0b49682f5dbb4f40cd99064456eac167b5415841ec,30.000000,included,
1221,Navrasa,Haryanvi,Haryanvi,17,Haryanvi\India\Haryanvi\Manisha_Sharma_-_Gall_Me_Aandhi_feat_Pranjal_Dahiya.wav,C:\Genrogram\data\expanded_raw\Haryanvi\India\Haryanvi\Manisha_Sharma_-_Gall_Me_Aandhi_feat_Pranjal_Dahiya.wav,b57a3b130eae81e3807a0bec731b97dee71537ccd794271a8bc4944394029e00,30.000000,included,
1222,Navrasa,Haryanvi,Haryanvi,17,Haryanvi\India\Haryanvi\Masoom_Sharma_-_Blender.wav,C:\Genrogram\data\expanded_raw\Haryanvi\India\Haryanvi\Masoom_Sharma_-_Blender.wav,0f3a0178457673731bf654bcedd4ab317547ff81e038687205eaf30cb38364ae,30.000000,included,
1223,Navrasa,Haryanvi,Haryanvi,17,Haryanvi\India\Haryanvi\Masoom_Sharma_-_COMPETITION_Official_Video_Masoom_Sharma_Pranjal_Dahiya_Aman_Jaji_Manisha_Haryanvi_Dj_songs_feat_Pranjal_Dahiya.wav,C:\Genrogram\data\expanded_raw\Haryanvi\India\Haryanvi\Masoom_Sharma_-_COMPETITION_Official_Video_Masoom_Sharma_Pranjal_Dahiya_Aman_Jaji_Manisha_Haryanvi_Dj_songs_feat_Pranjal_Dahiya.wav,ea18ccb2e5d3dfd9b705885acffea1f3a17151169defd8111eb7009b11991f45,30.000000,included,
1224,Navrasa,Haryanvi,Haryanvi,17,Haryanvi\India\Haryanvi\Masoom_Sharma_-_Mithi_Bole_Bangro.wav,C:\Genrogram\data\expanded_raw\Haryanvi\India\Haryanvi\Masoom_Sharma_-_Mithi_Bole_Bangro.wav,8d49cea7d52dfc342eb2d3314c831132e2ff36a0059244315a561cd9a7af1092,30.000000,included,
1225,Navrasa,Haryanvi,Haryanvi,17,Haryanvi\India\Haryanvi\Masoom_Sharma_-_Raat_Ke_Shikari.wav,C:\Genrogram\data\expanded_raw\Haryanvi\India\Haryanvi\Masoom_Sharma_-_Raat_Ke_Shikari.wav,d7f98e535b89844e1f159741a450f907b231155fbff71225f43ed18bf1f8d99a,30.000000,included,
1226,Navrasa,Haryanvi,Haryanvi,17,Haryanvi\India\Haryanvi\Masoom_Sharma_-_Sarpanch.wav,C:\Genrogram\data\expanded_raw\Haryanvi\India\Haryanvi\Masoom_Sharma_-_Sarpanch.wav,f545747515a3fe0d34c7995937d4d34d01a31755f2d5d5bddbc06084cc69f464,30.000000,included,
1227,Navrasa,Haryanvi,Haryanvi,17,Haryanvi\India\Haryanvi\Mor_Haryanvi_-_Bahu_Kale_Ki_Ajay_Hooda_Gajender_Phogat_Anu_Kadyan_New_D_J_song_2018_Mor_Music.wav,C:\Genrogram\data\expanded_raw\Haryanvi\India\Haryanvi\Mor_Haryanvi_-_Bahu_Kale_Ki_Ajay_Hooda_Gajender_Phogat_Anu_Kadyan_New_D_J_song_2018_Mor_Music.wav,a36e2e6fce528ef8f6a10e6b903080e41e30ca4c13733f40e92306ea61719ea2,30.000000,included,
1228,Navrasa,Haryanvi,Haryanvi,17,Haryanvi\India\Haryanvi\NDJ_Film_Official_-_2025_Ram_Meher_Mehla_Jukebox_New_Haryanvi_DJ_Songs_Evergreen_Non_Stop_Haryanvi_DJ_Songs_djremix.wav,C:\Genrogram\data\expanded_raw\Haryanvi\India\Haryanvi\NDJ_Film_Official_-_2025_Ram_Meher_Mehla_Jukebox_New_Haryanvi_DJ_Songs_Evergreen_Non_Stop_Haryanvi_DJ_Songs_djremix.wav,691ad28b7360235256a7b94ff12eade999665fb972a465f672ba1d0ca9fc51f0,30.000000,included,
1229,Navrasa,Haryanvi,Haryanvi,17,Haryanvi\India\Haryanvi\NDJ_Music_Dhamal_-___Mahre_Gaam_Ka_Pani_Hit_New_Haryanvi_Song_2024_Meeta_Baroda_Raju_Punjabi.wav,C:\Genrogram\data\expanded_raw\Haryanvi\India\Haryanvi\NDJ_Music_Dhamal_-___Mahre_Gaam_Ka_Pani_Hit_New_Haryanvi_Song_2024_Meeta_Baroda_Raju_Punjabi.wav,f25896bd5019a021caf13194062c2de6debb07a0bc2fcfebc66ce66ca49dbfe7,30.000000,included,
1230,Navrasa,Haryanvi,Haryanvi,17,Haryanvi\India\Haryanvi\Nav_Haryanvi_-_Bau_Ji_Official_Video_Mohit_Ladhotiya_Fiza_Choudhary_New_Haryanvi_Song_2025_Nav_Haryanvi.wav,C:\Genrogram\data\expanded_raw\Haryanvi\India\Haryanvi\Nav_Haryanvi_-_Bau_Ji_Official_Video_Mohit_Ladhotiya_Fiza_Choudhary_New_Haryanvi_Song_2025_Nav_Haryanvi.wav,fe19751ef3a412aaa2b1ca10cadac0e79464d3c8dbed10c40df309d180aee403,30.000000,included,
1231,Navrasa,Haryanvi,Haryanvi,17,Haryanvi\India\Haryanvi\Naveen_Chaudhary_-_TAKEOVER_Naveen_Chaudhary_Official_Video_ALBOMB_New_Haryanvi_Song_2025.wav,C:\Genrogram\data\expanded_raw\Haryanvi\India\Haryanvi\Naveen_Chaudhary_-_TAKEOVER_Naveen_Chaudhary_Official_Video_ALBOMB_New_Haryanvi_Song_2025.wav,93a88a0136aa652034a4373d10150121ae575ab05f9d97b207c31522a516ed9b,30.000000,included,
1232,Navrasa,Haryanvi,Haryanvi,17,Haryanvi\India\Haryanvi\No_views_-_Masoom_Sharma_Nonstop_Haryanvi_Songs_New_Haryanvi_Songs_Top_Hit_Songs_Jukebox_Masoom_Sharma.wav,C:\Genrogram\data\expanded_raw\Haryanvi\India\Haryanvi\No_views_-_Masoom_Sharma_Nonstop_Haryanvi_Songs_New_Haryanvi_Songs_Top_Hit_Songs_Jukebox_Masoom_Sharma.wav,49772c8985e546f53038a738272e493e04bc77b12154453c10f2d11538cb923e,30.000000,included,
1233,Navrasa,Haryanvi,Haryanvi,17,Haryanvi\India\Haryanvi\Number_1_Records_-_WALLAh_WALLAh_haryana_ki_chori_Armaan_Malik_Payal_Malik_New_Haryanvi_Song.wav,C:\Genrogram\data\expanded_raw\Haryanvi\India\Haryanvi\Number_1_Records_-_WALLAh_WALLAh_haryana_ki_chori_Armaan_Malik_Payal_Malik_New_Haryanvi_Song.wav,c9ad7395bea3c611e51b0d98c713e4712bac894770b1e690c6bdf811e13e3c44,30.000000,included,
1234,Navrasa,Haryanvi,Haryanvi,17,Haryanvi\India\Haryanvi\Pawan_Pilania_Kulbir_Danoda_K_D_-_Best_Haryanvi_Folk_Song_2014_Dhai_Litre_Dudh_Gelya_Barah_Tikkad_Khau_Su_NDJ_Music.wav,C:\Genrogram\data\expanded_raw\Haryanvi\India\Haryanvi\Pawan_Pilania_Kulbir_Danoda_K_D_-_Best_Haryanvi_Folk_Song_2014_Dhai_Litre_Dudh_Gelya_Barah_Tikkad_Khau_Su_NDJ_Music.wav,b894c6b0ea0eb3ea95453e5f5c7012c1823399a2ce2d508dfc66ad770835d28c,30.000000,included,
1235,Navrasa,Haryanvi,Haryanvi,17,Haryanvi\India\Haryanvi\Pookie_Vibes_-_Haryanvi_Playlist_That_Will_Make_You_Wanna_Dance_on_subscribers_requestPart1Timestamps.wav,C:\Genrogram\data\expanded_raw\Haryanvi\India\Haryanvi\Pookie_Vibes_-_Haryanvi_Playlist_That_Will_Make_You_Wanna_Dance_on_subscribers_requestPart1Timestamps.wav,f42b0701bdf6b3d9c73aa694f4142e702ffc06490d65f8a76d3b8972fe86ba27,30.000000,included,
1236,Navrasa,Haryanvi,Haryanvi,17,Haryanvi\India\Haryanvi\Praveen_-_Sapna_Choudhary_Hits_Songs_haryanvi_songs_sapna_Choudhary_Hits_all_haryanavi_top_song_2025.wav,C:\Genrogram\data\expanded_raw\Haryanvi\India\Haryanvi\Praveen_-_Sapna_Choudhary_Hits_Songs_haryanvi_songs_sapna_Choudhary_Hits_all_haryanavi_top_song_2025.wav,46448b4bdd9ba449a36dc87f1fe204075901d71774dbb20e182ea276098427c9,30.000000,included,
1237,Navrasa,Haryanvi,Haryanvi,17,Haryanvi\India\Haryanvi\Prem_Lata_Amanraj_Gill_-_Hopeless.wav,C:\Genrogram\data\expanded_raw\Haryanvi\India\Haryanvi\Prem_Lata_Amanraj_Gill_-_Hopeless.wav,9e46a89784004ba66598e66d9a901538ba87c971ab0375ad81d222d67a89a33a,30.000000,included,
1238,Navrasa,Haryanvi,Haryanvi,17,Haryanvi\India\Haryanvi\Prettypuff_-_Popular_haryanvi_song_for_vibing_timestamps.wav,C:\Genrogram\data\expanded_raw\Haryanvi\India\Haryanvi\Prettypuff_-_Popular_haryanvi_song_for_vibing_timestamps.wav,b4def156614b5991dcbd5662d0f2d8ea510bf83677b0c74d10946c578c576466,30.000000,included,
1239,Navrasa,Haryanvi,Haryanvi,17,Haryanvi\India\Haryanvi\Prime_Time_Originals_-_Control_Official_Video_Sinta_Bhai_Muskan_Thakur_Riyaazi_MP_SegaLatest_Haryanvi_Songs_2025.wav,C:\Genrogram\data\expanded_raw\Haryanvi\India\Haryanvi\Prime_Time_Originals_-_Control_Official_Video_Sinta_Bhai_Muskan_Thakur_Riyaazi_MP_SegaLatest_Haryanvi_Songs_2025.wav,114b0cc6c9ccf0582a6bcb05219dc59cf8d3f1c1b0c7ad2c0ff4fa1f90e4af9f,30.000000,included,
1240,Navrasa,Haryanvi,Haryanvi,17,Haryanvi\India\Haryanvi\Radhika_Dance_Wing_-_New_Haryanvi_Song_Dance_Video_Dedh_Patti_Chai_Ki_Patila_Pani_Hit_Haryanvi_Song_2025.wav,C:\Genrogram\data\expanded_raw\Haryanvi\India\Haryanvi\Radhika_Dance_Wing_-_New_Haryanvi_Song_Dance_Video_Dedh_Patti_Chai_Ki_Patila_Pani_Hit_Haryanvi_Song_2025.wav,8aa831dbe16ea85f53867f52ef0d9fa6a7f9e7130db4af1b576bfb482e915dfd,30.000000,included,
1241,Navrasa,Haryanvi,Haryanvi,17,Haryanvi\India\Haryanvi\Raj_Mawar_-_Bahu_Chaudhariya_ki_feat_Aman_Jaji_Pranjal_Dhahiya.wav,C:\Genrogram\data\expanded_raw\Haryanvi\India\Haryanvi\Raj_Mawar_-_Bahu_Chaudhariya_ki_feat_Aman_Jaji_Pranjal_Dhahiya.wav,804a744c8d1b0532258f45fa6dbafc38e283b0ee4d95b1d926de3cc9baa24599,30.000000,included,
1242,Navrasa,Haryanvi,Haryanvi,17,Haryanvi\India\Haryanvi\Raj_Mawar_-_Balam_Mucha_Aala_Official_VideoGulshan_MusicJaat_Nia_New_Haryanvi_Songs_Haryanavi_2025_Dj_Song_feat_Gulshan_Music_Jaat_Nia.wav,C:\Genrogram\data\expanded_raw\Haryanvi\India\Haryanvi\Raj_Mawar_-_Balam_Mucha_Aala_Official_VideoGulshan_MusicJaat_Nia_New_Haryanvi_Songs_Haryanavi_2025_Dj_Song_feat_Gulshan_Music_Jaat_Nia.wav,ca1a0b714bea39ad71fba2419792507b090fd893da87b13183c1c73d4ac42d37,30.000000,included,
1243,Navrasa,Haryanvi,Haryanvi,17,Haryanvi\India\Haryanvi\Raj_Mawar_-_Fortuner.wav,C:\Genrogram\data\expanded_raw\Haryanvi\India\Haryanvi\Raj_Mawar_-_Fortuner.wav,e410241a6177b7faf56914275a388127a900f579c5b6280c91d0ed81c376c18e,30.000000,included,
1244,Navrasa,Haryanvi,Haryanvi,17,Haryanvi\India\Haryanvi\Raj_Mawar_-_Fortuner_Dance_Video_Gulshan_MusicJaat_NiaRuchika_Jangid_New_Haryanvi_Songs_Haryanavi_2025_feat_Gulshan_Music_Jaat_Nia.wav,C:\Genrogram\data\expanded_raw\Haryanvi\India\Haryanvi\Raj_Mawar_-_Fortuner_Dance_Video_Gulshan_MusicJaat_NiaRuchika_Jangid_New_Haryanvi_Songs_Haryanavi_2025_feat_Gulshan_Music_Jaat_Nia.wav,da2cd904b706e486dc0188b7e579dfc8773118de7c46fb05e30c398bfe4e27f1,30.000000,included,
1245,Navrasa,Haryanvi,Haryanvi,17,Haryanvi\India\Haryanvi\Raj_Mawar_-_Fortuner_Official_Video_Gulshan_MusicJaat_NiaRuchika_Jangid_New_Haryanvi_Songs_Haryanavi_2025_feat_Gulshan_Music_Jaat_Nia.wav,C:\Genrogram\data\expanded_raw\Haryanvi\India\Haryanvi\Raj_Mawar_-_Fortuner_Official_Video_Gulshan_MusicJaat_NiaRuchika_Jangid_New_Haryanvi_Songs_Haryanavi_2025_feat_Gulshan_Music_Jaat_Nia.wav,359778dc72c3c6571b83775ea53dc3a67b5e394ab0409237318163af8b257092,30.000000,included,
1246,Navrasa,Haryanvi,Haryanvi,17,Haryanvi\India\Haryanvi\Raj_Mawar_-_Ji_Laage_Babya_Mai.wav,C:\Genrogram\data\expanded_raw\Haryanvi\India\Haryanvi\Raj_Mawar_-_Ji_Laage_Babya_Mai.wav,3b74e094f090f90fdf627fc8fcfe7a6f0a732963b4ce9ea60611159da5fb9562,30.000000,included,
1247,Navrasa,Haryanvi,Haryanvi,17,Haryanvi\India\Haryanvi\Raj_Mawar_-_Uncha_Nicha_Rasta_New_Haryanvi_DJ_Viral_Song_2025_Raj_Mawar_Komal_C_Bharti_Choudhary_Dance_feat_Bharti_Choudhary.wav,C:\Genrogram\data\expanded_raw\Haryanvi\India\Haryanvi\Raj_Mawar_-_Uncha_Nicha_Rasta_New_Haryanvi_DJ_Viral_Song_2025_Raj_Mawar_Komal_C_Bharti_Choudhary_Dance_feat_Bharti_Choudhary.wav,e63c7b1a984f815bf66a9c87720f0c378e416c9950af705300efc7b673eab54d,30.000000,included,
1248,Navrasa,Haryanvi,Haryanvi,17,Haryanvi\India\Haryanvi\Raju_Punjabi_-_Sandal.wav,C:\Genrogram\data\expanded_raw\Haryanvi\India\Haryanvi\Raju_Punjabi_-_Sandal.wav,aed7e93664877b7834d167c8f1866dd6158ccfbe6895aab0316d6b3b152e0a67,30.000000,included,
1249,Navrasa,Haryanvi,Haryanvi,17,Haryanvi\India\Haryanvi\Real_Music_-_Best_of_Sumit_Parta_Vol_1_Video_Jukebox_Haryanvi_Hip_Hop_2025_Real_Music.wav,C:\Genrogram\data\expanded_raw\Haryanvi\India\Haryanvi\Real_Music_-_Best_of_Sumit_Parta_Vol_1_Video_Jukebox_Haryanvi_Hip_Hop_2025_Real_Music.wav,0be07521fa178b4b1327aa01475b8e78e6c8ea3420c8c488a14f46f3041d3195,30.000000,included,
1250,Navrasa,Haryanvi,Haryanvi,17,Haryanvi\India\Haryanvi\Renuka_Panwar_-_Lapeta.wav,C:\Genrogram\data\expanded_raw\Haryanvi\India\Haryanvi\Renuka_Panwar_-_Lapeta.wav,7a2f003aa340d52f9bafa68e1f29fbed07ec53e30762f6105d24970dac27759f,30.000000,included,
1251,Navrasa,Haryanvi,Haryanvi,17,Haryanvi\India\Haryanvi\Renuka_Saini_-_Top_Haryanvi_Songs_2024_Ashu_TwinkleMasoom_SharmaRaj_MawarPunit_ChoudharyKhushi_Baliyan.wav,C:\Genrogram\data\expanded_raw\Haryanvi\India\Haryanvi\Renuka_Saini_-_Top_Haryanvi_Songs_2024_Ashu_TwinkleMasoom_SharmaRaj_MawarPunit_ChoudharyKhushi_Baliyan.wav,0ba7e1b53ca0cd5af0b52b2713eaa76ef053b049327bdc93c48d5b6c5c7f9d03,30.000000,included,
1252,Navrasa,Haryanvi,Haryanvi,17,Haryanvi\India\Haryanvi\Royal_dj_sonu_-_royaldjsonu_Haryanvi_Dance_hits_non_stop_2025.wav,C:\Genrogram\data\expanded_raw\Haryanvi\India\Haryanvi\Royal_dj_sonu_-_royaldjsonu_Haryanvi_Dance_hits_non_stop_2025.wav,8822d7a33dc77220e6c89d5f2885b47dac4f1f4a61c3fef88c89ec5e30dd0ada,30.000000,included,
1253,Navrasa,Haryanvi,Haryanvi,17,Haryanvi\India\Haryanvi\Ruchika_Jangid_-_Badli_Badli_Lage.wav,C:\Genrogram\data\expanded_raw\Haryanvi\India\Haryanvi\Ruchika_Jangid_-_Badli_Badli_Lage.wav,904c578f5dacea02d5b36126476801ff057d4fa0847dfd53509375b0ba1c6da3,30.000000,included,
1254,Navrasa,Haryanvi,Haryanvi,17,Haryanvi\India\Haryanvi\Ruchika_Jangid_-_Teri_Lat_Lag_Jagi.wav,C:\Genrogram\data\expanded_raw\Haryanvi\India\Haryanvi\Ruchika_Jangid_-_Teri_Lat_Lag_Jagi.wav,606ce5e168cf3332d39b1704b05e048e63036d3060a9805aa671c5b8ada0dd13,30.000000,included,
1255,Navrasa,Haryanvi,Haryanvi,17,Haryanvi\India\Haryanvi\SKY_RAJ_YADAV_-_Hero_Honda_Official_Music_Video_Punit_Choudhary_Khushi_Baliyan_New_Haryanvi_Song_2025.wav,C:\Genrogram\data\expanded_raw\Haryanvi\India\Haryanvi\SKY_RAJ_YADAV_-_Hero_Honda_Official_Music_Video_Punit_Choudhary_Khushi_Baliyan_New_Haryanvi_Song_2025.wav,ab44904be8eed93057198038400c5491949a5486e9fa5d49cfc3d991ed6ce362,30.000000,included,
1256,Navrasa,Haryanvi,Haryanvi,17,Haryanvi\India\Haryanvi\Sadda_Haryanvi_-_Masoom_Sharma_Banned_Songs_2025_Top_10_Hit_Song_Latest_Haryanvi_Song_New_Haryanvi_Song.wav,C:\Genrogram\data\expanded_raw\Haryanvi\India\Haryanvi\Sadda_Haryanvi_-_Masoom_Sharma_Banned_Songs_2025_Top_10_Hit_Song_Latest_Haryanvi_Song_New_Haryanvi_Song.wav,2ae07086337e59fb48991c0ef494a12bd92a22861e0e4e456be453fefd616db7,30.000000,included,
1257,Navrasa,Haryanvi,Haryanvi,17,Haryanvi\India\Haryanvi\Sargam_Digital_-_Aalu_Matar_Official_Music_Video_Diler_Kharkiya_Anjali_Raghav_New_Haryanvi_Song_2025.wav,C:\Genrogram\data\expanded_raw\Haryanvi\India\Haryanvi\Sargam_Digital_-_Aalu_Matar_Official_Music_Video_Diler_Kharkiya_Anjali_Raghav_New_Haryanvi_Song_2025.wav,3c2b41656a977915c3c95e3743a8b9715ac0d9c2a8fab102d65750d5d9e2bd6a,30.000000,included,
1258,Navrasa,Haryanvi,Haryanvi,17,Haryanvi\India\Haryanvi\Sheenam_Katholic_-_Teri_Ramjhol_Bole_Gi_feat_Aarohi_Raghav_Kay_D.wav,C:\Genrogram\data\expanded_raw\Haryanvi\India\Haryanvi\Sheenam_Katholic_-_Teri_Ramjhol_Bole_Gi_feat_Aarohi_Raghav_Kay_D.wav,df079e49ef503049d5d6e2283a52181979293f256dd0fca82aa14c72840d6efb,30.000000,included,
1259,Navrasa,Haryanvi,Haryanvi,17,Haryanvi\India\Haryanvi\Sonotek_-_English_Medium_Sapna_Chaudhary_Vicky_Kajla_Masoom_Sharma_AK_Jatti_New_Haryanvi_Song_2020.wav,C:\Genrogram\data\expanded_raw\Haryanvi\India\Haryanvi\Sonotek_-_English_Medium_Sapna_Chaudhary_Vicky_Kajla_Masoom_Sharma_AK_Jatti_New_Haryanvi_Song_2020.wav,ddf3a6bf7dc1b72ad0f2f80dee8cb3b9f9851d8804abf269fea901a7c60ab7ae,30.000000,included,
1260,Navrasa,Haryanvi,Haryanvi,17,Haryanvi\India\Haryanvi\Sonotek_-_Parole_Sonika_Singh_Masoom_Sharma_Ft_Nikku_Jantiaala_Latest_Haryanvi_Songs_Haryanavi_2019.wav,C:\Genrogram\data\expanded_raw\Haryanvi\India\Haryanvi\Sonotek_-_Parole_Sonika_Singh_Masoom_Sharma_Ft_Nikku_Jantiaala_Latest_Haryanvi_Songs_Haryanavi_2019.wav,6b535fb4e8fa06beb26daccfd21c9c4ad12445c5883f6b8859d2e7dc8a564dac,30.000000,included,
1261,Navrasa,Haryanvi,Haryanvi,17,Haryanvi\India\Haryanvi\Sumit_Parta_-_Matter.wav,C:\Genrogram\data\expanded_raw\Haryanvi\India\Haryanvi\Sumit_Parta_-_Matter.wav,088a76d15fbabd66da0e2d224f2df2029f84e1bc9ebf77fd1ff6ad5bb4c0cefb,30.000000,included,
1262,Navrasa,Haryanvi,Haryanvi,17,Haryanvi\India\Haryanvi\Sumit_Parta_Xtacy_-_Tagde_Karam.wav,C:\Genrogram\data\expanded_raw\Haryanvi\India\Haryanvi\Sumit_Parta_Xtacy_-_Tagde_Karam.wav,462fe7bf357150b1aa9c130563c9d76c2e3bbef0cb61545ee52d5594a89b4697,30.000000,included,
1263,Navrasa,Haryanvi,Haryanvi,17,Haryanvi\India\Haryanvi\Swag_style_-_Financer_Bintu_Pabra_Pranjal_Dahiya_Gunde_Bhi_Financer_Bhi_New_Haryanvi_Song.wav,C:\Genrogram\data\expanded_raw\Haryanvi\India\Haryanvi\Swag_style_-_Financer_Bintu_Pabra_Pranjal_Dahiya_Gunde_Bhi_Financer_Bhi_New_Haryanvi_Song.wav,ab9995214b3f1acbaa0397baecee6c6b57eefbf11b0bb5b066c3ea033db365fa,30.000000,included,
1264,Navrasa,Haryanvi,Haryanvi,17,Haryanvi\India\Haryanvi\Swara_Verma_-_Warning.wav,C:\Genrogram\data\expanded_raw\Haryanvi\India\Haryanvi\Swara_Verma_-_Warning.wav,521cf8ce5cd7bdcb066109cc1b3dc6f357c90ba90e04e5e7a8af6279c5576c58,30.000000,included,
1265,Navrasa,Haryanvi,Haryanvi,17,Haryanvi\India\Haryanvi\T_SERIES_HARYANVI_-_Propose_Masoom_Sharma_Feat_Biru_Kataria_Abhay_Baisla_Yashikha_Tyagi_New_Haryanvi_Song_2025.wav,C:\Genrogram\data\expanded_raw\Haryanvi\India\Haryanvi\T_SERIES_HARYANVI_-_Propose_Masoom_Sharma_Feat_Biru_Kataria_Abhay_Baisla_Yashikha_Tyagi_New_Haryanvi_Song_2025.wav,9410416487d33c897b8c47b1c82d8249df91abca07628b4e41abb69837696150,30.000000,included,
1266,Navrasa,Haryanvi,Haryanvi,17,Haryanvi\India\Haryanvi\Tuffan_Music_-_Wadiyan_Full_Song_Masoom_Sharma_Amar_Karnawal_Varsha_Sharma_New_Haryanvi_Song_2025.wav,C:\Genrogram\data\expanded_raw\Haryanvi\India\Haryanvi\Tuffan_Music_-_Wadiyan_Full_Song_Masoom_Sharma_Amar_Karnawal_Varsha_Sharma_New_Haryanvi_Song_2025.wav,3ec81c7448a2c63407b2dfa0b5f1d5d6181a7d4ea76cdc7e1c01de6c0fcb792d,30.000000,included,
1267,Navrasa,Haryanvi,Haryanvi,17,Haryanvi\India\Haryanvi\Tushar_Payla_-_Best_Of_Tushar_Payla_Latest_Haryanvi_Songs_Tushar_Payla_Songs_All_Hits_Of_Badmashi_Songs_2025.wav,C:\Genrogram\data\expanded_raw\Haryanvi\India\Haryanvi\Tushar_Payla_-_Best_Of_Tushar_Payla_Latest_Haryanvi_Songs_Tushar_Payla_Songs_All_Hits_Of_Badmashi_Songs_2025.wav,463a47a7b26d21f33d60fe7336208dc9885c8ec5b51a875ea0f34a071fed0252,30.000000,included,
1268,Navrasa,Haryanvi,Haryanvi,17,Haryanvi\India\Haryanvi\Update_Zone_-_Masoom_Sharma_Banned_Songs_Best_of_Masoom_Sharma_Jukebox_New_Haryanvi_Songs_Haryanavi_2025.wav,C:\Genrogram\data\expanded_raw\Haryanvi\India\Haryanvi\Update_Zone_-_Masoom_Sharma_Banned_Songs_Best_of_Masoom_Sharma_Jukebox_New_Haryanvi_Songs_Haryanavi_2025.wav,0ef9b86956fd53cdbaa17eeaaaa1dd0be714773c631671ea082a1fd92e372b3b,30.000000,included,
1269,Navrasa,Haryanvi,Haryanvi,17,Haryanvi\India\Haryanvi\Update_Zone_-_Masoom_Sharma_Official_Video_Top_10_New_Songs_Amar_Karnawal_New_Haryanvi_Songs_Haryanavi_2025.wav,C:\Genrogram\data\expanded_raw\Haryanvi\India\Haryanvi\Update_Zone_-_Masoom_Sharma_Official_Video_Top_10_New_Songs_Amar_Karnawal_New_Haryanvi_Songs_Haryanavi_2025.wav,966232fe325f51486957810ebcd513043ee06a7c2069e7534d7d1c1e28e2092e,30.000000,included,
1270,Navrasa,Haryanvi,Haryanvi,17,Haryanvi\India\Haryanvi\Update_Zone_-_Masoom_Sharmas_Most_Popular_Haryanvi_Songs_Best_Haryanvi_Songs_Top_Trending_Haryanvi_Songs.wav,C:\Genrogram\data\expanded_raw\Haryanvi\India\Haryanvi\Update_Zone_-_Masoom_Sharmas_Most_Popular_Haryanvi_Songs_Best_Haryanvi_Songs_Top_Trending_Haryanvi_Songs.wav,b6819cfff244b154a05c93d5ee24184f36feec6fb34b56c35dcfa2e3461f63f7,30.000000,included,
1271,Navrasa,Haryanvi,Haryanvi,17,Haryanvi\India\Haryanvi\V2N_MUSIC_-_2025_TOP_SUPERHIT_HARYANVI_SAD_SONGS_FOREVER_goldegillmusic.wav,C:\Genrogram\data\expanded_raw\Haryanvi\India\Haryanvi\V2N_MUSIC_-_2025_TOP_SUPERHIT_HARYANVI_SAD_SONGS_FOREVER_goldegillmusic.wav,cddfc7f13ffc6e559154b9779d25ce5f6443cc922654b351546eadc913f31de6,30.000000,included,
1272,Navrasa,Haryanvi,Haryanvi,17,Haryanvi\India\Haryanvi\VATS_RECORDS_-_2024_SuperHit_Haryanvi_DJ_Songs_Ajay_Hooda_Sapna_Chaudhary_Renuka_Panwar_New_Haryanvi_2024.wav,C:\Genrogram\data\expanded_raw\Haryanvi\India\Haryanvi\VATS_RECORDS_-_2024_SuperHit_Haryanvi_DJ_Songs_Ajay_Hooda_Sapna_Chaudhary_Renuka_Panwar_New_Haryanvi_2024.wav,fdcd61e962f2167dcf71192e1b380a777294644cb50529b765552df2193083ca,30.000000,included,
1273,Navrasa,Haryanvi,Haryanvi,17,Haryanvi\India\Haryanvi\VC_RECORDS_-_Best_of_Dhanda_Nyoliwala_Haryanvi_songs_Playlist_Haryanvi_rap_songs.wav,C:\Genrogram\data\expanded_raw\Haryanvi\India\Haryanvi\VC_RECORDS_-_Best_of_Dhanda_Nyoliwala_Haryanvi_songs_Playlist_Haryanvi_rap_songs.wav,27d5a3a40fbedbdfedb02795d7ae1f068dd46a2c88808d0cfb03d3a9c07d7eef,30.000000,included,
1274,Navrasa,Haryanvi,Haryanvi,17,Haryanvi\India\Haryanvi\Vikram_Sarkar_-_Naam_Chale.wav,C:\Genrogram\data\expanded_raw\Haryanvi\India\Haryanvi\Vikram_Sarkar_-_Naam_Chale.wav,f98bb003d4e3159191c12238124819b78541a8d06e675e7f42662f0bb526a7b8,30.000000,included,
1275,Navrasa,Haryanvi,Haryanvi,17,Haryanvi\India\Haryanvi\White_Hill_Dhaakad_-_20_Songs_For_Workout_Jukebox_Haryanvi_Songs_2024_Music_For_Gym_Haryanvi_DJ_Song.wav,C:\Genrogram\data\expanded_raw\Haryanvi\India\Haryanvi\White_Hill_Dhaakad_-_20_Songs_For_Workout_Jukebox_Haryanvi_Songs_2024_Music_For_Gym_Haryanvi_DJ_Song.wav,bb55b3336ac4b364fc86826ab507eaed11b8d75e8d027be70b80a8d66c0d1b55,30.000000,included,
1276,Navrasa,Haryanvi,Haryanvi,17,Haryanvi\India\Haryanvi\Yadav_boy_-_Masoom_Sharma_branded_songs_Haryanvi_song.wav,C:\Genrogram\data\expanded_raw\Haryanvi\India\Haryanvi\Yadav_boy_-_Masoom_Sharma_branded_songs_Haryanvi_song.wav,a3fca66b75fb39ec6d68ba71db2b1b92a504f63f13fa5c12d85cb4ca980c67ce,30.000000,included,
1277,Navrasa,Haryanvi,Haryanvi,17,Haryanvi\India\Haryanvi\_-_New_Haryanvi_Song_Renuka_Panwar_Sapna_Choudhary_Pranjal_Dahiya_Ruchika_Jangid_Raju_Punjabi.wav,C:\Genrogram\data\expanded_raw\Haryanvi\India\Haryanvi\_-_New_Haryanvi_Song_Renuka_Panwar_Sapna_Choudhary_Pranjal_Dahiya_Ruchika_Jangid_Raju_Punjabi.wav,66675996b3002564666171bd5c99fe4352807c80e0d94375bc9fd875f816e97b,30.000000,included,
1278,Navrasa,Haryanvi,Haryanvi,17,Haryanvi\India\Haryanvi\khatri_kashyap_ARK_-_Masoom_Sharma_New_Song_2025_Masoom_Sharma_All_Song_Latest_Haryanvi_Song_2025_Badmashi_Song.wav,C:\Genrogram\data\expanded_raw\Haryanvi\India\Haryanvi\khatri_kashyap_ARK_-_Masoom_Sharma_New_Song_2025_Masoom_Sharma_All_Song_Latest_Haryanvi_Song_2025_Badmashi_Song.wav,585927c0bd446ba37d3b04f2288fb7fd05833cfe3e3fa585e95caa27ffa4877e,30.000000,included,
1279,Navrasa,Haryanvi,Haryanvi,17,Haryanvi\India\Haryanvi\v_nnbvtj_-_Sapna_Choudhary_New_Haryanvi_Songs_2024_Top_Haryanvi_Jukebox_2024_Sapna_Choudhary_Superhit_Songs.wav,C:\Genrogram\data\expanded_raw\Haryanvi\India\Haryanvi\v_nnbvtj_-_Sapna_Choudhary_New_Haryanvi_Songs_2024_Top_Haryanvi_Jukebox_2024_Sapna_Choudhary_Superhit_Songs.wav,26878eb2e1fd1bbbea3c243daa09fcb0312417a9bd39dceb6c16716dbb535bbf,30.000000,included,
1280,Navrasa,Haryanvi,Haryanvi,17,Haryanvi\India\Haryanvi\v_nnbvtj_-_Sapna_Choudhary_New_Haryanvi_Songs_2024_Top_Haryanvi_Jukebox_2024_Tuition_badmashi_ka_masoom_s.wav,C:\Genrogram\data\expanded_raw\Haryanvi\India\Haryanvi\v_nnbvtj_-_Sapna_Choudhary_New_Haryanvi_Songs_2024_Top_Haryanvi_Jukebox_2024_Tuition_badmashi_ka_masoom_s.wav,c56fa4c0f95af9967b144f6c84006d59d38de2555bb92bcc706190947cdc4086,30.000000,included,
1281,GTZAN,hiphop,Hip-Hop,4,hiphop\hiphop.00000.wav,C:\Genrogram\data\gtzan\genres\hiphop\hiphop.00000.wav,02ee70a0d91a1625b967fd081bfcf4cf9ffadbc5e6f547f818c426015e6371f4,30.000181,included,
1282,GTZAN,hiphop,Hip-Hop,4,hiphop\hiphop.00000.wav,C:\Genrogram\data\gtzan\genres\hiphop\hiphop.00000.wav,02ee70a0d91a1625b967fd081bfcf4cf9ffadbc5e6f547f818c426015e6371f4,30.000181,included,
1283,GTZAN,hiphop,Hip-Hop,4,hiphop\hiphop.00001.wav,C:\Genrogram\data\gtzan\genres\hiphop\hiphop.00001.wav,47729e8c087d347cc211ff672791f7f9d3ec8e83fb44f404213c47cc6c9f73ff,30.000181,included,
1284,GTZAN,hiphop,Hip-Hop,4,hiphop\hiphop.00001.wav,C:\Genrogram\data\gtzan\genres\hiphop\hiphop.00001.wav,47729e8c087d347cc211ff672791f7f9d3ec8e83fb44f404213c47cc6c9f73ff,30.000181,included,
1285,GTZAN,hiphop,Hip-Hop,4,hiphop\hiphop.00002.wav,C:\Genrogram\data\gtzan\genres\hiphop\hiphop.00002.wav,cde78883b12166dbf72a92fecb6c83002a57c177e5e780781f833fb32f902132,30.000181,included,
1286,GTZAN,hiphop,Hip-Hop,4,hiphop\hiphop.00002.wav,C:\Genrogram\data\gtzan\genres\hiphop\hiphop.00002.wav,cde78883b12166dbf72a92fecb6c83002a57c177e5e780781f833fb32f902132,30.000181,included,
1287,GTZAN,hiphop,Hip-Hop,4,hiphop\hiphop.00003.wav,C:\Genrogram\data\gtzan\genres\hiphop\hiphop.00003.wav,9e436d21ba8aa55e6c418cf8479f0cd5cb3489193abe39f4c260e9592a5b77a5,30.000181,included,
1288,GTZAN,hiphop,Hip-Hop,4,hiphop\hiphop.00003.wav,C:\Genrogram\data\gtzan\genres\hiphop\hiphop.00003.wav,9e436d21ba8aa55e6c418cf8479f0cd5cb3489193abe39f4c260e9592a5b77a5,30.000181,included,
1289,GTZAN,hiphop,Hip-Hop,4,hiphop\hiphop.00004.wav,C:\Genrogram\data\gtzan\genres\hiphop\hiphop.00004.wav,4d1fea2b39a7d4589a585050db699503af59ebbbeaedf3a8f3aa894d5ed57c50,30.000181,included,
1290,GTZAN,hiphop,Hip-Hop,4,hiphop\hiphop.00004.wav,C:\Genrogram\data\gtzan\genres\hiphop\hiphop.00004.wav,4d1fea2b39a7d4589a585050db699503af59ebbbeaedf3a8f3aa894d5ed57c50,30.000181,included,
1291,GTZAN,hiphop,Hip-Hop,4,hiphop\hiphop.00005.wav,C:\Genrogram\data\gtzan\genres\hiphop\hiphop.00005.wav,0d7d9d646b3c29ad714d3651b3a7f8ca4e3a9229c1d8cbd6746cce8faf9822ee,30.000181,included,
1292,GTZAN,hiphop,Hip-Hop,4,hiphop\hiphop.00005.wav,C:\Genrogram\data\gtzan\genres\hiphop\hiphop.00005.wav,0d7d9d646b3c29ad714d3651b3a7f8ca4e3a9229c1d8cbd6746cce8faf9822ee,30.000181,included,
1293,GTZAN,hiphop,Hip-Hop,4,hiphop\hiphop.00006.wav,C:\Genrogram\data\gtzan\genres\hiphop\hiphop.00006.wav,cf51b6d776a9e8f05506f0682d5d25cd5b16af0be862ead307e42a5593c94dba,30.000181,included,
1294,GTZAN,hiphop,Hip-Hop,4,hiphop\hiphop.00006.wav,C:\Genrogram\data\gtzan\genres\hiphop\hiphop.00006.wav,cf51b6d776a9e8f05506f0682d5d25cd5b16af0be862ead307e42a5593c94dba,30.000181,included,
1295,GTZAN,hiphop,Hip-Hop,4,hiphop\hiphop.00007.wav,C:\Genrogram\data\gtzan\genres\hiphop\hiphop.00007.wav,9a79d59745cd01aedc7227b11a09b93693e5fb70818fda1de88b65febbce6aa1,30.000181,included,
1296,GTZAN,hiphop,Hip-Hop,4,hiphop\hiphop.00007.wav,C:\Genrogram\data\gtzan\genres\hiphop\hiphop.00007.wav,9a79d59745cd01aedc7227b11a09b93693e5fb70818fda1de88b65febbce6aa1,30.000181,included,
1297,GTZAN,hiphop,Hip-Hop,4,hiphop\hiphop.00008.wav,C:\Genrogram\data\gtzan\genres\hiphop\hiphop.00008.wav,f3aa37a96d6baa66ab7233ca09c6b770c4f0d47f1aee26394581adec6cf39b39,30.013333,included,
1298,GTZAN,hiphop,Hip-Hop,4,hiphop\hiphop.00008.wav,C:\Genrogram\data\gtzan\genres\hiphop\hiphop.00008.wav,f3aa37a96d6baa66ab7233ca09c6b770c4f0d47f1aee26394581adec6cf39b39,30.013333,included,
1299,GTZAN,hiphop,Hip-Hop,4,hiphop\hiphop.00009.wav,C:\Genrogram\data\gtzan\genres\hiphop\hiphop.00009.wav,f181924648b3feae20d7c41da7a552db355a958f4b37d07f1f07c58b2982206f,30.013333,included,
1300,GTZAN,hiphop,Hip-Hop,4,hiphop\hiphop.00009.wav,C:\Genrogram\data\gtzan\genres\hiphop\hiphop.00009.wav,f181924648b3feae20d7c41da7a552db355a958f4b37d07f1f07c58b2982206f,30.013333,included,
1301,GTZAN,hiphop,Hip-Hop,4,hiphop\hiphop.00010.wav,C:\Genrogram\data\gtzan\genres\hiphop\hiphop.00010.wav,e4cbe4d6990f1e41617d806a22080321fa74d985a390a0c50537a6d9a9cc872a,30.013333,included,
1302,GTZAN,hiphop,Hip-Hop,4,hiphop\hiphop.00010.wav,C:\Genrogram\data\gtzan\genres\hiphop\hiphop.00010.wav,e4cbe4d6990f1e41617d806a22080321fa74d985a390a0c50537a6d9a9cc872a,30.013333,included,
1303,GTZAN,hiphop,Hip-Hop,4,hiphop\hiphop.00011.wav,C:\Genrogram\data\gtzan\genres\hiphop\hiphop.00011.wav,24b5c0bfa2603c2ee4bfb64bc42aada0f65cf53e790d8efd0fe5c0b197d6e1d5,30.013333,included,
1304,GTZAN,hiphop,Hip-Hop,4,hiphop\hiphop.00011.wav,C:\Genrogram\data\gtzan\genres\hiphop\hiphop.00011.wav,24b5c0bfa2603c2ee4bfb64bc42aada0f65cf53e790d8efd0fe5c0b197d6e1d5,30.013333,included,
1305,GTZAN,hiphop,Hip-Hop,4,hiphop\hiphop.00012.wav,C:\Genrogram\data\gtzan\genres\hiphop\hiphop.00012.wav,3b2f34afba1ab391a43b9e3ff09340cd7f63e695080972c0ed2c4a0ab444f108,30.013333,included,
1306,GTZAN,hiphop,Hip-Hop,4,hiphop\hiphop.00012.wav,C:\Genrogram\data\gtzan\genres\hiphop\hiphop.00012.wav,3b2f34afba1ab391a43b9e3ff09340cd7f63e695080972c0ed2c4a0ab444f108,30.013333,included,
1307,GTZAN,hiphop,Hip-Hop,4,hiphop\hiphop.00013.wav,C:\Genrogram\data\gtzan\genres\hiphop\hiphop.00013.wav,233b0cb71d41ba956dab583a424c725e53823eebedba02d3cc9e14c692273127,30.013333,included,
1308,GTZAN,hiphop,Hip-Hop,4,hiphop\hiphop.00013.wav,C:\Genrogram\data\gtzan\genres\hiphop\hiphop.00013.wav,233b0cb71d41ba956dab583a424c725e53823eebedba02d3cc9e14c692273127,30.013333,included,
1309,GTZAN,hiphop,Hip-Hop,4,hiphop\hiphop.00014.wav,C:\Genrogram\data\gtzan\genres\hiphop\hiphop.00014.wav,6444b6503caffb21b0b456495d45743c12328ab08925c7b943247cdce23ca322,30.013333,included,
1310,GTZAN,hiphop,Hip-Hop,4,hiphop\hiphop.00014.wav,C:\Genrogram\data\gtzan\genres\hiphop\hiphop.00014.wav,6444b6503caffb21b0b456495d45743c12328ab08925c7b943247cdce23ca322,30.013333,included,
1311,GTZAN,hiphop,Hip-Hop,4,hiphop\hiphop.00015.wav,C:\Genrogram\data\gtzan\genres\hiphop\hiphop.00015.wav,e768b30b74f64722f4def4a7361181009c363c7ff23d6c3e11744ab5dce14b19,30.013333,included,
1312,GTZAN,hiphop,Hip-Hop,4,hiphop\hiphop.00015.wav,C:\Genrogram\data\gtzan\genres\hiphop\hiphop.00015.wav,e768b30b74f64722f4def4a7361181009c363c7ff23d6c3e11744ab5dce14b19,30.013333,included,
1313,GTZAN,hiphop,Hip-Hop,4,hiphop\hiphop.00016.wav,C:\Genrogram\data\gtzan\genres\hiphop\hiphop.00016.wav,65d08556ad334c6d9348eb7699e7242a23731618e4823158cba92a752b6a95c0,30.013333,included,
1314,GTZAN,hiphop,Hip-Hop,4,hiphop\hiphop.00016.wav,C:\Genrogram\data\gtzan\genres\hiphop\hiphop.00016.wav,65d08556ad334c6d9348eb7699e7242a23731618e4823158cba92a752b6a95c0,30.013333,included,
1315,GTZAN,hiphop,Hip-Hop,4,hiphop\hiphop.00017.wav,C:\Genrogram\data\gtzan\genres\hiphop\hiphop.00017.wav,38dcb0e8dc4c32895c665e7d0d56b8115abb0d3728072b2ce226ebbaf87aee18,30.013333,included,
1316,GTZAN,hiphop,Hip-Hop,4,hiphop\hiphop.00017.wav,C:\Genrogram\data\gtzan\genres\hiphop\hiphop.00017.wav,38dcb0e8dc4c32895c665e7d0d56b8115abb0d3728072b2ce226ebbaf87aee18,30.013333,included,
1317,GTZAN,hiphop,Hip-Hop,4,hiphop\hiphop.00018.wav,C:\Genrogram\data\gtzan\genres\hiphop\hiphop.00018.wav,48214df3d97b98461fa720d09072934af44145d2b5224865c68ccead1b298444,30.013333,included,
1318,GTZAN,hiphop,Hip-Hop,4,hiphop\hiphop.00018.wav,C:\Genrogram\data\gtzan\genres\hiphop\hiphop.00018.wav,48214df3d97b98461fa720d09072934af44145d2b5224865c68ccead1b298444,30.013333,included,
1319,GTZAN,hiphop,Hip-Hop,4,hiphop\hiphop.00019.wav,C:\Genrogram\data\gtzan\genres\hiphop\hiphop.00019.wav,d93d1fc5efaa2dedef0e16643278276fe5fbd4e93f4d800fbc81368957e06f30,30.013333,included,
1320,GTZAN,hiphop,Hip-Hop,4,hiphop\hiphop.00019.wav,C:\Genrogram\data\gtzan\genres\hiphop\hiphop.00019.wav,d93d1fc5efaa2dedef0e16643278276fe5fbd4e93f4d800fbc81368957e06f30,30.013333,included,
1321,GTZAN,hiphop,Hip-Hop,4,hiphop\hiphop.00020.wav,C:\Genrogram\data\gtzan\genres\hiphop\hiphop.00020.wav,0c5432895d592b2ac03b6f04a02317f5aabecf79d413c75703c588f3f1fce677,30.013333,included,
1322,GTZAN,hiphop,Hip-Hop,4,hiphop\hiphop.00020.wav,C:\Genrogram\data\gtzan\genres\hiphop\hiphop.00020.wav,0c5432895d592b2ac03b6f04a02317f5aabecf79d413c75703c588f3f1fce677,30.013333,included,
1323,GTZAN,hiphop,Hip-Hop,4,hiphop\hiphop.00021.wav,C:\Genrogram\data\gtzan\genres\hiphop\hiphop.00021.wav,d84cf03177b61775d8d5fb867bb31a745574f2959d3d110d26c37af812a74779,30.013333,included,
1324,GTZAN,hiphop,Hip-Hop,4,hiphop\hiphop.00021.wav,C:\Genrogram\data\gtzan\genres\hiphop\hiphop.00021.wav,d84cf03177b61775d8d5fb867bb31a745574f2959d3d110d26c37af812a74779,30.013333,included,
1325,GTZAN,hiphop,Hip-Hop,4,hiphop\hiphop.00022.wav,C:\Genrogram\data\gtzan\genres\hiphop\hiphop.00022.wav,5c004578eea94ec0f2773dcebbe83b386fe08183ad7065e917eceae5d739d2b6,30.013333,included,
1326,GTZAN,hiphop,Hip-Hop,4,hiphop\hiphop.00022.wav,C:\Genrogram\data\gtzan\genres\hiphop\hiphop.00022.wav,5c004578eea94ec0f2773dcebbe83b386fe08183ad7065e917eceae5d739d2b6,30.013333,included,
1327,GTZAN,hiphop,Hip-Hop,4,hiphop\hiphop.00023.wav,C:\Genrogram\data\gtzan\genres\hiphop\hiphop.00023.wav,04b39d3fb85a18db188fe49d227e047c0b5711dcf6d8a368eaa2b28a0185050a,30.013333,included,
1328,GTZAN,hiphop,Hip-Hop,4,hiphop\hiphop.00023.wav,C:\Genrogram\data\gtzan\genres\hiphop\hiphop.00023.wav,04b39d3fb85a18db188fe49d227e047c0b5711dcf6d8a368eaa2b28a0185050a,30.013333,included,
1329,GTZAN,hiphop,Hip-Hop,4,hiphop\hiphop.00024.wav,C:\Genrogram\data\gtzan\genres\hiphop\hiphop.00024.wav,f5feb805d34053959327c0c6c5ad6f0cb02f309d71bc4428968816d614281f1b,30.013333,included,
1330,GTZAN,hiphop,Hip-Hop,4,hiphop\hiphop.00024.wav,C:\Genrogram\data\gtzan\genres\hiphop\hiphop.00024.wav,f5feb805d34053959327c0c6c5ad6f0cb02f309d71bc4428968816d614281f1b,30.013333,included,
1331,GTZAN,hiphop,Hip-Hop,4,hiphop\hiphop.00025.wav,C:\Genrogram\data\gtzan\genres\hiphop\hiphop.00025.wav,968ba9f91424ccc2edd7b0099e244f3dc15ae542870373225c81532f5d0a5fcf,30.013333,included,
1332,GTZAN,hiphop,Hip-Hop,4,hiphop\hiphop.00025.wav,C:\Genrogram\data\gtzan\genres\hiphop\hiphop.00025.wav,968ba9f91424ccc2edd7b0099e244f3dc15ae542870373225c81532f5d0a5fcf,30.013333,included,
1333,GTZAN,hiphop,Hip-Hop,4,hiphop\hiphop.00026.wav,C:\Genrogram\data\gtzan\genres\hiphop\hiphop.00026.wav,39452006bdb1dc2a6e2212a31f0111bd6c4799cb4c874a862cf84fa136144777,30.370975,included,
1334,GTZAN,hiphop,Hip-Hop,4,hiphop\hiphop.00026.wav,C:\Genrogram\data\gtzan\genres\hiphop\hiphop.00026.wav,39452006bdb1dc2a6e2212a31f0111bd6c4799cb4c874a862cf84fa136144777,30.370975,included,
1335,GTZAN,hiphop,Hip-Hop,4,hiphop\hiphop.00027.wav,C:\Genrogram\data\gtzan\genres\hiphop\hiphop.00027.wav,cbf7e6e97af3bd4351c0ec7104ac5134123381e9c29f8f59bea69831666376c6,30.131519,included,
1336,GTZAN,hiphop,Hip-Hop,4,hiphop\hiphop.00027.wav,C:\Genrogram\data\gtzan\genres\hiphop\hiphop.00027.wav,cbf7e6e97af3bd4351c0ec7104ac5134123381e9c29f8f59bea69831666376c6,30.131519,included,
1337,GTZAN,hiphop,Hip-Hop,4,hiphop\hiphop.00028.wav,C:\Genrogram\data\gtzan\genres\hiphop\hiphop.00028.wav,efcdbf939603a69d9d2116dfe462c52f66ff792c3c888098cce0fb5754439db6,30.007982,included,
1338,GTZAN,hiphop,Hip-Hop,4,hiphop\hiphop.00028.wav,C:\Genrogram\data\gtzan\genres\hiphop\hiphop.00028.wav,efcdbf939603a69d9d2116dfe462c52f66ff792c3c888098cce0fb5754439db6,30.007982,included,
1339,GTZAN,hiphop,Hip-Hop,4,hiphop\hiphop.00029.wav,C:\Genrogram\data\gtzan\genres\hiphop\hiphop.00029.wav,739fcdd799b5ef56fbb96de42bab9065088081e595608af69e2746085199cb78,30.351020,included,
1340,GTZAN,hiphop,Hip-Hop,4,hiphop\hiphop.00029.wav,C:\Genrogram\data\gtzan\genres\hiphop\hiphop.00029.wav,739fcdd799b5ef56fbb96de42bab9065088081e595608af69e2746085199cb78,30.351020,included,
1341,GTZAN,hiphop,Hip-Hop,4,hiphop\hiphop.00030.wav,C:\Genrogram\data\gtzan\genres\hiphop\hiphop.00030.wav,b1f961e7acca8b9d7b44ecadf74a4e6521fd71cc23e0c4312349592ef24281cb,30.011791,included,
1342,GTZAN,hiphop,Hip-Hop,4,hiphop\hiphop.00030.wav,C:\Genrogram\data\gtzan\genres\hiphop\hiphop.00030.wav,b1f961e7acca8b9d7b44ecadf74a4e6521fd71cc23e0c4312349592ef24281cb,30.011791,included,
1343,GTZAN,hiphop,Hip-Hop,4,hiphop\hiphop.00031.wav,C:\Genrogram\data\gtzan\genres\hiphop\hiphop.00031.wav,9a402c5cdeb9bd848c86648a1cec417d877337090671793b0da515e09767fed0,29.995828,included,
1344,GTZAN,hiphop,Hip-Hop,4,hiphop\hiphop.00031.wav,C:\Genrogram\data\gtzan\genres\hiphop\hiphop.00031.wav,9a402c5cdeb9bd848c86648a1cec417d877337090671793b0da515e09767fed0,29.995828,included,
1345,GTZAN,hiphop,Hip-Hop,4,hiphop\hiphop.00032.wav,C:\Genrogram\data\gtzan\genres\hiphop\hiphop.00032.wav,9d23c1876fd0249e1d66fe3f71d17e850a4b6755aeb2a93748cc974f52f4e4cd,29.931973,included,
1346,GTZAN,hiphop,Hip-Hop,4,hiphop\hiphop.00032.wav,C:\Genrogram\data\gtzan\genres\hiphop\hiphop.00032.wav,9d23c1876fd0249e1d66fe3f71d17e850a4b6755aeb2a93748cc974f52f4e4cd,29.931973,included,
1347,GTZAN,hiphop,Hip-Hop,4,hiphop\hiphop.00033.wav,C:\Genrogram\data\gtzan\genres\hiphop\hiphop.00033.wav,94f334a684e10a00a2c7787a6ec3a89e129c319cd7f701d2126ca70c6cac249a,30.171429,included,
1348,GTZAN,hiphop,Hip-Hop,4,hiphop\hiphop.00033.wav,C:\Genrogram\data\gtzan\genres\hiphop\hiphop.00033.wav,94f334a684e10a00a2c7787a6ec3a89e129c319cd7f701d2126ca70c6cac249a,30.171429,included,
1349,GTZAN,hiphop,Hip-Hop,4,hiphop\hiphop.00034.wav,C:\Genrogram\data\gtzan\genres\hiphop\hiphop.00034.wav,d28694a4b9c9fb65a77eff7739d46aa44a4fcbed939ba7d685f73f16f06b3162,30.281179,included,
1350,GTZAN,hiphop,Hip-Hop,4,hiphop\hiphop.00034.wav,C:\Genrogram\data\gtzan\genres\hiphop\hiphop.00034.wav,d28694a4b9c9fb65a77eff7739d46aa44a4fcbed939ba7d685f73f16f06b3162,30.281179,included,
1351,GTZAN,hiphop,Hip-Hop,4,hiphop\hiphop.00035.wav,C:\Genrogram\data\gtzan\genres\hiphop\hiphop.00035.wav,c8cf3fec1895c1acf937ae5cbf75da20285ded5ab16b90f6517ccefde0b4b3ef,30.301134,included,
1352,GTZAN,hiphop,Hip-Hop,4,hiphop\hiphop.00035.wav,C:\Genrogram\data\gtzan\genres\hiphop\hiphop.00035.wav,c8cf3fec1895c1acf937ae5cbf75da20285ded5ab16b90f6517ccefde0b4b3ef,30.301134,included,
1353,GTZAN,hiphop,Hip-Hop,4,hiphop\hiphop.00036.wav,C:\Genrogram\data\gtzan\genres\hiphop\hiphop.00036.wav,d2c00b701f5a2acd86760b86a7648c702fbbd2ac1b3ddc66381a12939eaef8fe,30.648889,included,
1354,GTZAN,hiphop,Hip-Hop,4,hiphop\hiphop.00036.wav,C:\Genrogram\data\gtzan\genres\hiphop\hiphop.00036.wav,d2c00b701f5a2acd86760b86a7648c702fbbd2ac1b3ddc66381a12939eaef8fe,30.648889,included,
1355,GTZAN,hiphop,Hip-Hop,4,hiphop\hiphop.00037.wav,C:\Genrogram\data\gtzan\genres\hiphop\hiphop.00037.wav,cd6023dedf89785cf456c9609a329c8ac2d3206a336426130de3fcf4c7fb55c3,30.648889,included,
1356,GTZAN,hiphop,Hip-Hop,4,hiphop\hiphop.00037.wav,C:\Genrogram\data\gtzan\genres\hiphop\hiphop.00037.wav,cd6023dedf89785cf456c9609a329c8ac2d3206a336426130de3fcf4c7fb55c3,30.648889,included,
1357,GTZAN,hiphop,Hip-Hop,4,hiphop\hiphop.00038.wav,C:\Genrogram\data\gtzan\genres\hiphop\hiphop.00038.wav,11b649c5a32a2437b81837ff651e9f9349f24790cddac9830dd615c89b643012,30.648889,included,
1358,GTZAN,hiphop,Hip-Hop,4,hiphop\hiphop.00038.wav,C:\Genrogram\data\gtzan\genres\hiphop\hiphop.00038.wav,11b649c5a32a2437b81837ff651e9f9349f24790cddac9830dd615c89b643012,30.648889,included,
1359,GTZAN,hiphop,Hip-Hop,4,hiphop\hiphop.00039.wav,C:\Genrogram\data\gtzan\genres\hiphop\hiphop.00039.wav,f6e83c68d87414dd6bb5463cba622b005c6f0becadddeb61ac988d2ff2af0685,30.648889,included,
1360,GTZAN,hiphop,Hip-Hop,4,hiphop\hiphop.00039.wav,C:\Genrogram\data\gtzan\genres\hiphop\hiphop.00039.wav,f6e83c68d87414dd6bb5463cba622b005c6f0becadddeb61ac988d2ff2af0685,30.648889,included,
1361,GTZAN,hiphop,Hip-Hop,4,hiphop\hiphop.00040.wav,C:\Genrogram\data\gtzan\genres\hiphop\hiphop.00040.wav,87f22355b3f93e955960a842abf34478f021049a2293885cc45c6d4b2d7d9883,30.648889,included,
1362,GTZAN,hiphop,Hip-Hop,4,hiphop\hiphop.00040.wav,C:\Genrogram\data\gtzan\genres\hiphop\hiphop.00040.wav,87f22355b3f93e955960a842abf34478f021049a2293885cc45c6d4b2d7d9883,30.648889,included,
1363,GTZAN,hiphop,Hip-Hop,4,hiphop\hiphop.00041.wav,C:\Genrogram\data\gtzan\genres\hiphop\hiphop.00041.wav,bb9a71f3731e4725206cdf0b9e2750b6e9fc11521fee3a5ebbcbf7a8f84376b4,30.648889,included,
1364,GTZAN,hiphop,Hip-Hop,4,hiphop\hiphop.00041.wav,C:\Genrogram\data\gtzan\genres\hiphop\hiphop.00041.wav,bb9a71f3731e4725206cdf0b9e2750b6e9fc11521fee3a5ebbcbf7a8f84376b4,30.648889,included,
1365,GTZAN,hiphop,Hip-Hop,4,hiphop\hiphop.00042.wav,C:\Genrogram\data\gtzan\genres\hiphop\hiphop.00042.wav,8cfc556716230671dd6213e285cd77192e2aab3854384a1df5bfb231400ec679,30.648889,included,
1366,GTZAN,hiphop,Hip-Hop,4,hiphop\hiphop.00042.wav,C:\Genrogram\data\gtzan\genres\hiphop\hiphop.00042.wav,8cfc556716230671dd6213e285cd77192e2aab3854384a1df5bfb231400ec679,30.648889,included,
1367,GTZAN,hiphop,Hip-Hop,4,hiphop\hiphop.00043.wav,C:\Genrogram\data\gtzan\genres\hiphop\hiphop.00043.wav,f2de09dc622c598d9e27748e490f9fc8beb44e656866ddd09a239d2779d9e1ae,30.648889,included,
1368,GTZAN,hiphop,Hip-Hop,4,hiphop\hiphop.00043.wav,C:\Genrogram\data\gtzan\genres\hiphop\hiphop.00043.wav,f2de09dc622c598d9e27748e490f9fc8beb44e656866ddd09a239d2779d9e1ae,30.648889,included,
1369,GTZAN,hiphop,Hip-Hop,4,hiphop\hiphop.00044.wav,C:\Genrogram\data\gtzan\genres\hiphop\hiphop.00044.wav,b836f8b155f84f59dbd07c26cbb8ec50d6c1b007d520353b6b3271e24fa5729b,30.648889,included,
1370,GTZAN,hiphop,Hip-Hop,4,hiphop\hiphop.00044.wav,C:\Genrogram\data\gtzan\genres\hiphop\hiphop.00044.wav,b836f8b155f84f59dbd07c26cbb8ec50d6c1b007d520353b6b3271e24fa5729b,30.648889,included,
1371,GTZAN,hiphop,Hip-Hop,4,hiphop\hiphop.00045.wav,C:\Genrogram\data\gtzan\genres\hiphop\hiphop.00045.wav,f6e83c68d87414dd6bb5463cba622b005c6f0becadddeb61ac988d2ff2af0685,30.648889,included,
1372,GTZAN,hiphop,Hip-Hop,4,hiphop\hiphop.00045.wav,C:\Genrogram\data\gtzan\genres\hiphop\hiphop.00045.wav,f6e83c68d87414dd6bb5463cba622b005c6f0becadddeb61ac988d2ff2af0685,30.648889,included,
1373,GTZAN,hiphop,Hip-Hop,4,hiphop\hiphop.00046.wav,C:\Genrogram\data\gtzan\genres\hiphop\hiphop.00046.wav,691e3a91b276691fc913360e251ed2e5aed155bd042d4d30932c89c247111eb2,30.013333,included,
1374,GTZAN,hiphop,Hip-Hop,4,hiphop\hiphop.00046.wav,C:\Genrogram\data\gtzan\genres\hiphop\hiphop.00046.wav,691e3a91b276691fc913360e251ed2e5aed155bd042d4d30932c89c247111eb2,30.013333,included,
1375,GTZAN,hiphop,Hip-Hop,4,hiphop\hiphop.00047.wav,C:\Genrogram\data\gtzan\genres\hiphop\hiphop.00047.wav,69dd5b9b964dd302987e4c52ba893c308537075fc7ec462ba852743595fd69a4,30.013333,included,
1376,GTZAN,hiphop,Hip-Hop,4,hiphop\hiphop.00047.wav,C:\Genrogram\data\gtzan\genres\hiphop\hiphop.00047.wav,69dd5b9b964dd302987e4c52ba893c308537075fc7ec462ba852743595fd69a4,30.013333,included,
1377,GTZAN,hiphop,Hip-Hop,4,hiphop\hiphop.00048.wav,C:\Genrogram\data\gtzan\genres\hiphop\hiphop.00048.wav,d2e9457d7da2b9bab07bc69da9811b54f01086b65de4ca0f60b809ccc5728e5e,30.013333,included,
1378,GTZAN,hiphop,Hip-Hop,4,hiphop\hiphop.00048.wav,C:\Genrogram\data\gtzan\genres\hiphop\hiphop.00048.wav,d2e9457d7da2b9bab07bc69da9811b54f01086b65de4ca0f60b809ccc5728e5e,30.013333,included,
1379,GTZAN,hiphop,Hip-Hop,4,hiphop\hiphop.00049.wav,C:\Genrogram\data\gtzan\genres\hiphop\hiphop.00049.wav,f3b2c2f3c7837fc0a783ad0b0412ba729b8c8d99da614ab65a8886aa77e72ebf,30.013333,included,
1380,GTZAN,hiphop,Hip-Hop,4,hiphop\hiphop.00049.wav,C:\Genrogram\data\gtzan\genres\hiphop\hiphop.00049.wav,f3b2c2f3c7837fc0a783ad0b0412ba729b8c8d99da614ab65a8886aa77e72ebf,30.013333,included,
1381,GTZAN,hiphop,Hip-Hop,4,hiphop\hiphop.00050.wav,C:\Genrogram\data\gtzan\genres\hiphop\hiphop.00050.wav,b2738525509ef8af280385a048584d3aafa019bd00135b4b1ef04d32b4be9984,30.013333,included,
1382,GTZAN,hiphop,Hip-Hop,4,hiphop\hiphop.00050.wav,C:\Genrogram\data\gtzan\genres\hiphop\hiphop.00050.wav,b2738525509ef8af280385a048584d3aafa019bd00135b4b1ef04d32b4be9984,30.013333,included,
1383,GTZAN,hiphop,Hip-Hop,4,hiphop\hiphop.00051.wav,C:\Genrogram\data\gtzan\genres\hiphop\hiphop.00051.wav,2a3d07bfa375919586f04e1e24e042609b96693b80cd6751cbbdaea4ce26c633,30.013333,included,
1384,GTZAN,hiphop,Hip-Hop,4,hiphop\hiphop.00051.wav,C:\Genrogram\data\gtzan\genres\hiphop\hiphop.00051.wav,2a3d07bfa375919586f04e1e24e042609b96693b80cd6751cbbdaea4ce26c633,30.013333,included,
1385,GTZAN,hiphop,Hip-Hop,4,hiphop\hiphop.00052.wav,C:\Genrogram\data\gtzan\genres\hiphop\hiphop.00052.wav,ea91b022be3067ed38e18ee77c7c60f14b8b5509bddce191938f024c5eecb1b8,30.013333,included,
1386,GTZAN,hiphop,Hip-Hop,4,hiphop\hiphop.00052.wav,C:\Genrogram\data\gtzan\genres\hiphop\hiphop.00052.wav,ea91b022be3067ed38e18ee77c7c60f14b8b5509bddce191938f024c5eecb1b8,30.013333,included,
1387,GTZAN,hiphop,Hip-Hop,4,hiphop\hiphop.00053.wav,C:\Genrogram\data\gtzan\genres\hiphop\hiphop.00053.wav,2f87d564cd0d848d6c87cdc67550f29da8d3c9ce8bc859b2c92cfba4cbcd138c,30.013333,included,
1388,GTZAN,hiphop,Hip-Hop,4,hiphop\hiphop.00053.wav,C:\Genrogram\data\gtzan\genres\hiphop\hiphop.00053.wav,2f87d564cd0d848d6c87cdc67550f29da8d3c9ce8bc859b2c92cfba4cbcd138c,30.013333,included,
1389,GTZAN,hiphop,Hip-Hop,4,hiphop\hiphop.00054.wav,C:\Genrogram\data\gtzan\genres\hiphop\hiphop.00054.wav,4c124b4ee774fb89a7b66baaf382afc239a9d2c55105352f05852aa4a051e26e,30.013333,included,
1390,GTZAN,hiphop,Hip-Hop,4,hiphop\hiphop.00054.wav,C:\Genrogram\data\gtzan\genres\hiphop\hiphop.00054.wav,4c124b4ee774fb89a7b66baaf382afc239a9d2c55105352f05852aa4a051e26e,30.013333,included,
1391,GTZAN,hiphop,Hip-Hop,4,hiphop\hiphop.00055.wav,C:\Genrogram\data\gtzan\genres\hiphop\hiphop.00055.wav,913d8e4a770dcfc5cbf28ee0843a0901580c7988373c96b66b6961408eae0596,30.013333,included,
1392,GTZAN,hiphop,Hip-Hop,4,hiphop\hiphop.00055.wav,C:\Genrogram\data\gtzan\genres\hiphop\hiphop.00055.wav,913d8e4a770dcfc5cbf28ee0843a0901580c7988373c96b66b6961408eae0596,30.013333,included,
1393,GTZAN,hiphop,Hip-Hop,4,hiphop\hiphop.00056.wav,C:\Genrogram\data\gtzan\genres\hiphop\hiphop.00056.wav,9b90eabefd2b8a261983d348e60500b9d4c5da94add78137a3336baf60bbd136,30.013333,included,
1394,GTZAN,hiphop,Hip-Hop,4,hiphop\hiphop.00056.wav,C:\Genrogram\data\gtzan\genres\hiphop\hiphop.00056.wav,9b90eabefd2b8a261983d348e60500b9d4c5da94add78137a3336baf60bbd136,30.013333,included,
1395,GTZAN,hiphop,Hip-Hop,4,hiphop\hiphop.00057.wav,C:\Genrogram\data\gtzan\genres\hiphop\hiphop.00057.wav,1152e98c15f222c972f4f6426fa53586775097c6e599c4165c7faf3d20c0db60,30.013333,included,
1396,GTZAN,hiphop,Hip-Hop,4,hiphop\hiphop.00057.wav,C:\Genrogram\data\gtzan\genres\hiphop\hiphop.00057.wav,1152e98c15f222c972f4f6426fa53586775097c6e599c4165c7faf3d20c0db60,30.013333,included,
1397,GTZAN,hiphop,Hip-Hop,4,hiphop\hiphop.00058.wav,C:\Genrogram\data\gtzan\genres\hiphop\hiphop.00058.wav,fe4a74704ed7f3bad81fc63f35c9f697297e6e6fb9b52ca93571515e65c81076,30.013333,included,
1398,GTZAN,hiphop,Hip-Hop,4,hiphop\hiphop.00058.wav,C:\Genrogram\data\gtzan\genres\hiphop\hiphop.00058.wav,fe4a74704ed7f3bad81fc63f35c9f697297e6e6fb9b52ca93571515e65c81076,30.013333,included,
1399,GTZAN,hiphop,Hip-Hop,4,hiphop\hiphop.00059.wav,C:\Genrogram\data\gtzan\genres\hiphop\hiphop.00059.wav,01efb46665b838123aa0cab28dcebab7702dbdce72966c72f3f89c9bb024c3c5,30.013333,included,
1400,GTZAN,hiphop,Hip-Hop,4,hiphop\hiphop.00059.wav,C:\Genrogram\data\gtzan\genres\hiphop\hiphop.00059.wav,01efb46665b838123aa0cab28dcebab7702dbdce72966c72f3f89c9bb024c3c5,30.013333,included,
1401,GTZAN,hiphop,Hip-Hop,4,hiphop\hiphop.00060.wav,C:\Genrogram\data\gtzan\genres\hiphop\hiphop.00060.wav,9b3df429ac8b99275f7ee9b408de96ee04f15b5d5f57de16dec983ec1e311cdb,30.013333,included,
1402,GTZAN,hiphop,Hip-Hop,4,hiphop\hiphop.00060.wav,C:\Genrogram\data\gtzan\genres\hiphop\hiphop.00060.wav,9b3df429ac8b99275f7ee9b408de96ee04f15b5d5f57de16dec983ec1e311cdb,30.013333,included,
1403,GTZAN,hiphop,Hip-Hop,4,hiphop\hiphop.00061.wav,C:\Genrogram\data\gtzan\genres\hiphop\hiphop.00061.wav,7e72524e073fef0b93a729a66365b81f869442afc64722778f22598231581ae1,30.013333,included,
1404,GTZAN,hiphop,Hip-Hop,4,hiphop\hiphop.00061.wav,C:\Genrogram\data\gtzan\genres\hiphop\hiphop.00061.wav,7e72524e073fef0b93a729a66365b81f869442afc64722778f22598231581ae1,30.013333,included,
1405,GTZAN,hiphop,Hip-Hop,4,hiphop\hiphop.00062.wav,C:\Genrogram\data\gtzan\genres\hiphop\hiphop.00062.wav,ab5a069e8c97e639472d99a8c0ee20a5189cae3d641c692381082bb7d155f831,30.013333,included,
1406,GTZAN,hiphop,Hip-Hop,4,hiphop\hiphop.00062.wav,C:\Genrogram\data\gtzan\genres\hiphop\hiphop.00062.wav,ab5a069e8c97e639472d99a8c0ee20a5189cae3d641c692381082bb7d155f831,30.013333,included,
1407,GTZAN,hiphop,Hip-Hop,4,hiphop\hiphop.00063.wav,C:\Genrogram\data\gtzan\genres\hiphop\hiphop.00063.wav,f523614dcda90ec3402486db694d95c1f09f136fe6179f25581b54796530398e,30.013333,included,
1408,GTZAN,hiphop,Hip-Hop,4,hiphop\hiphop.00063.wav,C:\Genrogram\data\gtzan\genres\hiphop\hiphop.00063.wav,f523614dcda90ec3402486db694d95c1f09f136fe6179f25581b54796530398e,30.013333,included,
1409,GTZAN,hiphop,Hip-Hop,4,hiphop\hiphop.00064.wav,C:\Genrogram\data\gtzan\genres\hiphop\hiphop.00064.wav,22a9be7f69f13f6a27bdb3bac7a21e3c2c22d0a13e5c2b1669cef939e331cf53,30.013333,included,
1410,GTZAN,hiphop,Hip-Hop,4,hiphop\hiphop.00064.wav,C:\Genrogram\data\gtzan\genres\hiphop\hiphop.00064.wav,22a9be7f69f13f6a27bdb3bac7a21e3c2c22d0a13e5c2b1669cef939e331cf53,30.013333,included,
1411,GTZAN,hiphop,Hip-Hop,4,hiphop\hiphop.00065.wav,C:\Genrogram\data\gtzan\genres\hiphop\hiphop.00065.wav,2669ee8096cbcea356e795b399fb391d4e5047b442d8d93909cdf88fc1926241,30.013333,included,
1412,GTZAN,hiphop,Hip-Hop,4,hiphop\hiphop.00065.wav,C:\Genrogram\data\gtzan\genres\hiphop\hiphop.00065.wav,2669ee8096cbcea356e795b399fb391d4e5047b442d8d93909cdf88fc1926241,30.013333,included,
1413,GTZAN,hiphop,Hip-Hop,4,hiphop\hiphop.00066.wav,C:\Genrogram\data\gtzan\genres\hiphop\hiphop.00066.wav,66643f187227d2d90c88327ca8767713fc2a0a66b05c1679221560fb90265029,30.013333,included,
1414,GTZAN,hiphop,Hip-Hop,4,hiphop\hiphop.00066.wav,C:\Genrogram\data\gtzan\genres\hiphop\hiphop.00066.wav,66643f187227d2d90c88327ca8767713fc2a0a66b05c1679221560fb90265029,30.013333,included,
1415,GTZAN,hiphop,Hip-Hop,4,hiphop\hiphop.00067.wav,C:\Genrogram\data\gtzan\genres\hiphop\hiphop.00067.wav,4efbb454e2bc073596055bd7d77830d0d3c4aa4a0a92e92483144501d6ef0817,30.013333,included,
1416,GTZAN,hiphop,Hip-Hop,4,hiphop\hiphop.00067.wav,C:\Genrogram\data\gtzan\genres\hiphop\hiphop.00067.wav,4efbb454e2bc073596055bd7d77830d0d3c4aa4a0a92e92483144501d6ef0817,30.013333,included,
1417,GTZAN,hiphop,Hip-Hop,4,hiphop\hiphop.00068.wav,C:\Genrogram\data\gtzan\genres\hiphop\hiphop.00068.wav,ca6102917142ce1210ffe947db2b5eff7e7e43c7b6133142a45e97414fa24f48,30.013333,included,
1418,GTZAN,hiphop,Hip-Hop,4,hiphop\hiphop.00068.wav,C:\Genrogram\data\gtzan\genres\hiphop\hiphop.00068.wav,ca6102917142ce1210ffe947db2b5eff7e7e43c7b6133142a45e97414fa24f48,30.013333,included,
1419,GTZAN,hiphop,Hip-Hop,4,hiphop\hiphop.00069.wav,C:\Genrogram\data\gtzan\genres\hiphop\hiphop.00069.wav,5f788fdd4b5b029528e9120cc3753425a0f8bcc15296334f5c475c20da22cc18,30.013333,included,
1420,GTZAN,hiphop,Hip-Hop,4,hiphop\hiphop.00069.wav,C:\Genrogram\data\gtzan\genres\hiphop\hiphop.00069.wav,5f788fdd4b5b029528e9120cc3753425a0f8bcc15296334f5c475c20da22cc18,30.013333,included,
1421,GTZAN,hiphop,Hip-Hop,4,hiphop\hiphop.00070.wav,C:\Genrogram\data\gtzan\genres\hiphop\hiphop.00070.wav,b79c9ddb8f5a6eba8a2fc81296de921e846a64ca42b450833253447251aef9fa,30.013333,included,
1422,GTZAN,hiphop,Hip-Hop,4,hiphop\hiphop.00070.wav,C:\Genrogram\data\gtzan\genres\hiphop\hiphop.00070.wav,b79c9ddb8f5a6eba8a2fc81296de921e846a64ca42b450833253447251aef9fa,30.013333,included,
1423,GTZAN,hiphop,Hip-Hop,4,hiphop\hiphop.00071.wav,C:\Genrogram\data\gtzan\genres\hiphop\hiphop.00071.wav,5d4fdb4e1cf71791cc65a5e21b7e0183b35cd2bacca095358460af2963076a98,30.013333,included,
1424,GTZAN,hiphop,Hip-Hop,4,hiphop\hiphop.00071.wav,C:\Genrogram\data\gtzan\genres\hiphop\hiphop.00071.wav,5d4fdb4e1cf71791cc65a5e21b7e0183b35cd2bacca095358460af2963076a98,30.013333,included,
1425,GTZAN,hiphop,Hip-Hop,4,hiphop\hiphop.00072.wav,C:\Genrogram\data\gtzan\genres\hiphop\hiphop.00072.wav,52cd3c38bdade472155bc82e6a31ea621783193a422949bbc7d6d5a1866b8a36,30.013333,included,
1426,GTZAN,hiphop,Hip-Hop,4,hiphop\hiphop.00072.wav,C:\Genrogram\data\gtzan\genres\hiphop\hiphop.00072.wav,52cd3c38bdade472155bc82e6a31ea621783193a422949bbc7d6d5a1866b8a36,30.013333,included,
1427,GTZAN,hiphop,Hip-Hop,4,hiphop\hiphop.00073.wav,C:\Genrogram\data\gtzan\genres\hiphop\hiphop.00073.wav,7ab861ef1ffc3f528fe2e26022bb396e059047f67d4a89abe3861524d1446f1d,30.013333,included,
1428,GTZAN,hiphop,Hip-Hop,4,hiphop\hiphop.00073.wav,C:\Genrogram\data\gtzan\genres\hiphop\hiphop.00073.wav,7ab861ef1ffc3f528fe2e26022bb396e059047f67d4a89abe3861524d1446f1d,30.013333,included,
1429,GTZAN,hiphop,Hip-Hop,4,hiphop\hiphop.00074.wav,C:\Genrogram\data\gtzan\genres\hiphop\hiphop.00074.wav,cf66143b6bb29f9c7ae3f8b0e3bfc6c64f9a1801ccc0f652e0210e560bf63c64,30.013333,included,
1430,GTZAN,hiphop,Hip-Hop,4,hiphop\hiphop.00074.wav,C:\Genrogram\data\gtzan\genres\hiphop\hiphop.00074.wav,cf66143b6bb29f9c7ae3f8b0e3bfc6c64f9a1801ccc0f652e0210e560bf63c64,30.013333,included,
1431,GTZAN,hiphop,Hip-Hop,4,hiphop\hiphop.00075.wav,C:\Genrogram\data\gtzan\genres\hiphop\hiphop.00075.wav,47d5ce87ec3cc97a5a46aed407d45082fb41698ca0c13aaedf23991e5dbc8810,30.013333,included,
1432,GTZAN,hiphop,Hip-Hop,4,hiphop\hiphop.00075.wav,C:\Genrogram\data\gtzan\genres\hiphop\hiphop.00075.wav,47d5ce87ec3cc97a5a46aed407d45082fb41698ca0c13aaedf23991e5dbc8810,30.013333,included,
1433,GTZAN,hiphop,Hip-Hop,4,hiphop\hiphop.00076.wav,C:\Genrogram\data\gtzan\genres\hiphop\hiphop.00076.wav,44fd895ac99797974552a10640f9be9d11742f536ed87ef19d0329834a48d41a,30.000181,included,
1434,GTZAN,hiphop,Hip-Hop,4,hiphop\hiphop.00076.wav,C:\Genrogram\data\gtzan\genres\hiphop\hiphop.00076.wav,44fd895ac99797974552a10640f9be9d11742f536ed87ef19d0329834a48d41a,30.000181,included,
1435,GTZAN,hiphop,Hip-Hop,4,hiphop\hiphop.00077.wav,C:\Genrogram\data\gtzan\genres\hiphop\hiphop.00077.wav,af4da2052b9924a61c2e1722034814291fcf923167b0de0ef6ec8dd7cd2cb8da,30.000181,included,
1436,GTZAN,hiphop,Hip-Hop,4,hiphop\hiphop.00077.wav,C:\Genrogram\data\gtzan\genres\hiphop\hiphop.00077.wav,af4da2052b9924a61c2e1722034814291fcf923167b0de0ef6ec8dd7cd2cb8da,30.000181,included,
1437,GTZAN,hiphop,Hip-Hop,4,hiphop\hiphop.00078.wav,C:\Genrogram\data\gtzan\genres\hiphop\hiphop.00078.wav,44fd895ac99797974552a10640f9be9d11742f536ed87ef19d0329834a48d41a,30.000181,included,
1438,GTZAN,hiphop,Hip-Hop,4,hiphop\hiphop.00078.wav,C:\Genrogram\data\gtzan\genres\hiphop\hiphop.00078.wav,44fd895ac99797974552a10640f9be9d11742f536ed87ef19d0329834a48d41a,30.000181,included,
1439,GTZAN,hiphop,Hip-Hop,4,hiphop\hiphop.00079.wav,C:\Genrogram\data\gtzan\genres\hiphop\hiphop.00079.wav,39eb63bac31a419c1e7a21ed73e9643a8bf3d5f8d3a46f53841c2de01b9eb118,30.000181,included,
1440,GTZAN,hiphop,Hip-Hop,4,hiphop\hiphop.00079.wav,C:\Genrogram\data\gtzan\genres\hiphop\hiphop.00079.wav,39eb63bac31a419c1e7a21ed73e9643a8bf3d5f8d3a46f53841c2de01b9eb118,30.000181,included,
1441,GTZAN,hiphop,Hip-Hop,4,hiphop\hiphop.00080.wav,C:\Genrogram\data\gtzan\genres\hiphop\hiphop.00080.wav,1fbdcc336e446693aae5c3eb8e897cacafcb55e4f27ed11d4b07e5024b39070b,30.000181,included,
1442,GTZAN,hiphop,Hip-Hop,4,hiphop\hiphop.00080.wav,C:\Genrogram\data\gtzan\genres\hiphop\hiphop.00080.wav,1fbdcc336e446693aae5c3eb8e897cacafcb55e4f27ed11d4b07e5024b39070b,30.000181,included,
1443,GTZAN,hiphop,Hip-Hop,4,hiphop\hiphop.00081.wav,C:\Genrogram\data\gtzan\genres\hiphop\hiphop.00081.wav,473b80d1cffb5e991d1311893aa324b92ec605ceb80f4f7c2dfe32606e442b1e,30.013333,included,
1444,GTZAN,hiphop,Hip-Hop,4,hiphop\hiphop.00081.wav,C:\Genrogram\data\gtzan\genres\hiphop\hiphop.00081.wav,473b80d1cffb5e991d1311893aa324b92ec605ceb80f4f7c2dfe32606e442b1e,30.013333,included,
1445,GTZAN,hiphop,Hip-Hop,4,hiphop\hiphop.00082.wav,C:\Genrogram\data\gtzan\genres\hiphop\hiphop.00082.wav,60b84f219965df0018358ceb6818c93a5cf87a546a1929673b7743e8934babbd,30.013333,included,
1446,GTZAN,hiphop,Hip-Hop,4,hiphop\hiphop.00082.wav,C:\Genrogram\data\gtzan\genres\hiphop\hiphop.00082.wav,60b84f219965df0018358ceb6818c93a5cf87a546a1929673b7743e8934babbd,30.013333,included,
1447,GTZAN,hiphop,Hip-Hop,4,hiphop\hiphop.00083.wav,C:\Genrogram\data\gtzan\genres\hiphop\hiphop.00083.wav,79c83b8328bbf133e75cc7a7fbcae6ecc1007c9824a6a9b06337818fa5951f0b,30.013333,included,
1448,GTZAN,hiphop,Hip-Hop,4,hiphop\hiphop.00083.wav,C:\Genrogram\data\gtzan\genres\hiphop\hiphop.00083.wav,79c83b8328bbf133e75cc7a7fbcae6ecc1007c9824a6a9b06337818fa5951f0b,30.013333,included,
1449,GTZAN,hiphop,Hip-Hop,4,hiphop\hiphop.00084.wav,C:\Genrogram\data\gtzan\genres\hiphop\hiphop.00084.wav,22222f5ead21039968638e7cb11754cba524c4a51807f8ff1d6e8d2aaa7e0642,30.013333,included,
1450,GTZAN,hiphop,Hip-Hop,4,hiphop\hiphop.00084.wav,C:\Genrogram\data\gtzan\genres\hiphop\hiphop.00084.wav,22222f5ead21039968638e7cb11754cba524c4a51807f8ff1d6e8d2aaa7e0642,30.013333,included,
1451,GTZAN,hiphop,Hip-Hop,4,hiphop\hiphop.00085.wav,C:\Genrogram\data\gtzan\genres\hiphop\hiphop.00085.wav,43c3506b5b6c1835dde6cea9bbea897d87ebd3397fa80fb9991ca1b29cf19dcf,30.013333,included,
1452,GTZAN,hiphop,Hip-Hop,4,hiphop\hiphop.00085.wav,C:\Genrogram\data\gtzan\genres\hiphop\hiphop.00085.wav,43c3506b5b6c1835dde6cea9bbea897d87ebd3397fa80fb9991ca1b29cf19dcf,30.013333,included,
1453,GTZAN,hiphop,Hip-Hop,4,hiphop\hiphop.00086.wav,C:\Genrogram\data\gtzan\genres\hiphop\hiphop.00086.wav,53bd932999283b7a0d94014ca9cb4e603d6e113947060d731c80c70f7b9ab3f7,30.013333,included,
1454,GTZAN,hiphop,Hip-Hop,4,hiphop\hiphop.00086.wav,C:\Genrogram\data\gtzan\genres\hiphop\hiphop.00086.wav,53bd932999283b7a0d94014ca9cb4e603d6e113947060d731c80c70f7b9ab3f7,30.013333,included,
1455,GTZAN,hiphop,Hip-Hop,4,hiphop\hiphop.00087.wav,C:\Genrogram\data\gtzan\genres\hiphop\hiphop.00087.wav,17947a00fcc6c709ee4a22b326c2aa7a066f91b7e1d27ecc5b5e673fcc9b8020,30.013333,included,
1456,GTZAN,hiphop,Hip-Hop,4,hiphop\hiphop.00087.wav,C:\Genrogram\data\gtzan\genres\hiphop\hiphop.00087.wav,17947a00fcc6c709ee4a22b326c2aa7a066f91b7e1d27ecc5b5e673fcc9b8020,30.013333,included,
1457,GTZAN,hiphop,Hip-Hop,4,hiphop\hiphop.00088.wav,C:\Genrogram\data\gtzan\genres\hiphop\hiphop.00088.wav,e002a2da636ae45e1b96f21ab371d673c044fcc8e774bb3a6aca959cd76d918c,30.013333,included,
1458,GTZAN,hiphop,Hip-Hop,4,hiphop\hiphop.00088.wav,C:\Genrogram\data\gtzan\genres\hiphop\hiphop.00088.wav,e002a2da636ae45e1b96f21ab371d673c044fcc8e774bb3a6aca959cd76d918c,30.013333,included,
1459,GTZAN,hiphop,Hip-Hop,4,hiphop\hiphop.00089.wav,C:\Genrogram\data\gtzan\genres\hiphop\hiphop.00089.wav,563dc94ddc0de3bf298396a3d39d1c183f7dae526f3f967b3d3a977506e508ce,30.013333,included,
1460,GTZAN,hiphop,Hip-Hop,4,hiphop\hiphop.00089.wav,C:\Genrogram\data\gtzan\genres\hiphop\hiphop.00089.wav,563dc94ddc0de3bf298396a3d39d1c183f7dae526f3f967b3d3a977506e508ce,30.013333,included,
1461,GTZAN,hiphop,Hip-Hop,4,hiphop\hiphop.00090.wav,C:\Genrogram\data\gtzan\genres\hiphop\hiphop.00090.wav,6dfbff37560a52efee698d936b5d4126f6889f403bedbf66cd47a7d33292edbb,30.013333,included,
1462,GTZAN,hiphop,Hip-Hop,4,hiphop\hiphop.00090.wav,C:\Genrogram\data\gtzan\genres\hiphop\hiphop.00090.wav,6dfbff37560a52efee698d936b5d4126f6889f403bedbf66cd47a7d33292edbb,30.013333,included,
1463,GTZAN,hiphop,Hip-Hop,4,hiphop\hiphop.00091.wav,C:\Genrogram\data\gtzan\genres\hiphop\hiphop.00091.wav,678a9d61eecb55038992e170e30fecffde05cdead6fe46fe8543263e08e149c6,30.013333,included,
1464,GTZAN,hiphop,Hip-Hop,4,hiphop\hiphop.00091.wav,C:\Genrogram\data\gtzan\genres\hiphop\hiphop.00091.wav,678a9d61eecb55038992e170e30fecffde05cdead6fe46fe8543263e08e149c6,30.013333,included,
1465,GTZAN,hiphop,Hip-Hop,4,hiphop\hiphop.00092.wav,C:\Genrogram\data\gtzan\genres\hiphop\hiphop.00092.wav,8a71ba0a38a18ad804089b08269a995da06f60307ff13b556ae404dbc312cfac,30.013333,included,
1466,GTZAN,hiphop,Hip-Hop,4,hiphop\hiphop.00092.wav,C:\Genrogram\data\gtzan\genres\hiphop\hiphop.00092.wav,8a71ba0a38a18ad804089b08269a995da06f60307ff13b556ae404dbc312cfac,30.013333,included,
1467,GTZAN,hiphop,Hip-Hop,4,hiphop\hiphop.00093.wav,C:\Genrogram\data\gtzan\genres\hiphop\hiphop.00093.wav,080943f555c74b30187401b254fd268b72391567946190411dffd588f2b20746,30.013333,included,
1468,GTZAN,hiphop,Hip-Hop,4,hiphop\hiphop.00093.wav,C:\Genrogram\data\gtzan\genres\hiphop\hiphop.00093.wav,080943f555c74b30187401b254fd268b72391567946190411dffd588f2b20746,30.013333,included,
1469,GTZAN,hiphop,Hip-Hop,4,hiphop\hiphop.00094.wav,C:\Genrogram\data\gtzan\genres\hiphop\hiphop.00094.wav,895833a244ed546531495c2fede468cea7b7b0278255904cf33795b6bcbc19ae,30.013333,included,
1470,GTZAN,hiphop,Hip-Hop,4,hiphop\hiphop.00094.wav,C:\Genrogram\data\gtzan\genres\hiphop\hiphop.00094.wav,895833a244ed546531495c2fede468cea7b7b0278255904cf33795b6bcbc19ae,30.013333,included,
1471,GTZAN,hiphop,Hip-Hop,4,hiphop\hiphop.00095.wav,C:\Genrogram\data\gtzan\genres\hiphop\hiphop.00095.wav,f1e90938439617aa175dc9cf5a644528dbd62d4529054aaedc210e5ad7e7995b,30.013333,included,
1472,GTZAN,hiphop,Hip-Hop,4,hiphop\hiphop.00095.wav,C:\Genrogram\data\gtzan\genres\hiphop\hiphop.00095.wav,f1e90938439617aa175dc9cf5a644528dbd62d4529054aaedc210e5ad7e7995b,30.013333,included,
1473,GTZAN,hiphop,Hip-Hop,4,hiphop\hiphop.00096.wav,C:\Genrogram\data\gtzan\genres\hiphop\hiphop.00096.wav,8ece32b272d07ecf176400464dc3cb3f4aa0c9be308b2d6bc9e43f9e4969b2ee,30.013333,included,
1474,GTZAN,hiphop,Hip-Hop,4,hiphop\hiphop.00096.wav,C:\Genrogram\data\gtzan\genres\hiphop\hiphop.00096.wav,8ece32b272d07ecf176400464dc3cb3f4aa0c9be308b2d6bc9e43f9e4969b2ee,30.013333,included,
1475,GTZAN,hiphop,Hip-Hop,4,hiphop\hiphop.00097.wav,C:\Genrogram\data\gtzan\genres\hiphop\hiphop.00097.wav,93791a78d8965d3c9c90ce77c3f10bd58884107ae64b8060c88e3204e80f42aa,30.013333,included,
1476,GTZAN,hiphop,Hip-Hop,4,hiphop\hiphop.00097.wav,C:\Genrogram\data\gtzan\genres\hiphop\hiphop.00097.wav,93791a78d8965d3c9c90ce77c3f10bd58884107ae64b8060c88e3204e80f42aa,30.013333,included,
1477,GTZAN,hiphop,Hip-Hop,4,hiphop\hiphop.00098.wav,C:\Genrogram\data\gtzan\genres\hiphop\hiphop.00098.wav,1406af6d5d65ad038c6dbfd7b5f0e002f8113ef0fe9d9f399fb176c7d8587ad7,30.013333,included,
1478,GTZAN,hiphop,Hip-Hop,4,hiphop\hiphop.00098.wav,C:\Genrogram\data\gtzan\genres\hiphop\hiphop.00098.wav,1406af6d5d65ad038c6dbfd7b5f0e002f8113ef0fe9d9f399fb176c7d8587ad7,30.013333,included,
1479,GTZAN,hiphop,Hip-Hop,4,hiphop\hiphop.00099.wav,C:\Genrogram\data\gtzan\genres\hiphop\hiphop.00099.wav,afc3a54e6eb3ec36d8a755a285111ed427c61aed4ea0c3244ade5db1fe7742e4,30.000181,included,
1480,GTZAN,hiphop,Hip-Hop,4,hiphop\hiphop.00099.wav,C:\Genrogram\data\gtzan\genres\hiphop\hiphop.00099.wav,afc3a54e6eb3ec36d8a755a285111ed427c61aed4ea0c3244ade5db1fe7742e4,30.000181,included,
1481,Navrasa,Hyperpop,Hyperpop,11,Hyperpop\Global\Hyperpop\02Hz_-_Essential_HYPERPOP_Tracks_SOPHIE_Charli_XCX_Ashnikko_ElyOtto_More.wav,C:\Genrogram\data\expanded_raw\Hyperpop\Global\Hyperpop\02Hz_-_Essential_HYPERPOP_Tracks_SOPHIE_Charli_XCX_Ashnikko_ElyOtto_More.wav,3f484c7a060c0af87c4b66eee246bfcbb6237010b9f82a7107d9d3e625be4e2f,30.000000,included,
1482,Navrasa,Hyperpop,Hyperpop,11,Hyperpop\Global\Hyperpop\Adamin_Studios_-_Hyperpop_Music_Compilation_V1.wav,C:\Genrogram\data\expanded_raw\Hyperpop\Global\Hyperpop\Adamin_Studios_-_Hyperpop_Music_Compilation_V1.wav,6b54aacc5b42b5ada6d14c53a0d922aa7c50c081d02dc3fbd658de177768001d,30.000000,included,
1483,Navrasa,Hyperpop,Hyperpop,11,Hyperpop\Global\Hyperpop\Adamusic_-_CLUBPOP_Adamusic_DJ_Set_Britney_Spears_Lady_Gaga_Charli_xcx_Beyonc_Doja_Cat_Kesha.wav,C:\Genrogram\data\expanded_raw\Hyperpop\Global\Hyperpop\Adamusic_-_CLUBPOP_Adamusic_DJ_Set_Britney_Spears_Lady_Gaga_Charli_xcx_Beyonc_Doja_Cat_Kesha.wav,1eb1dd624c29e022345e95e24a8cfd2e3fca897ab4bd36ab5623d23b4c704a36,30.000000,included,
1484,Navrasa,Hyperpop,Hyperpop,11,Hyperpop\Global\Hyperpop\Aki_-_Free_for_profit_2010_pop_x_Kesha_x_Hyperpop_type_beat_flicker_prod_Aki.wav,C:\Genrogram\data\expanded_raw\Hyperpop\Global\Hyperpop\Aki_-_Free_for_profit_2010_pop_x_Kesha_x_Hyperpop_type_beat_flicker_prod_Aki.wav,3153d25b0883c2d0feec7966bb9e93b41a21cdaee3ed1055d3f77799f8749c60,30.000000,included,
1485,Navrasa,Hyperpop,Hyperpop,11,Hyperpop\Global\Hyperpop\Alivent_-_Songs_with_chaotic_energy_to_be_hyper_to_An_aggressive_headbop_playlist.wav,C:\Genrogram\data\expanded_raw\Hyperpop\Global\Hyperpop\Alivent_-_Songs_with_chaotic_energy_to_be_hyper_to_An_aggressive_headbop_playlist.wav,aa52d22716448a7466ff806672f44fed5aa756357c84e3b66a3561095b49357b,30.000000,included,
1486,Navrasa,Hyperpop,Hyperpop,11,Hyperpop\Global\Hyperpop\AmeriVox_-_VELOCITY_CHECK_150_BPM_AmeriVox_The_Overclocked_Hyper_Pop_Anthem.wav,C:\Genrogram\data\expanded_raw\Hyperpop\Global\Hyperpop\AmeriVox_-_VELOCITY_CHECK_150_BPM_AmeriVox_The_Overclocked_Hyper_Pop_Anthem.wav,2fb383519e06604e795e97d3795db83469b39b2c6143ba6de7e31d27346187c7,30.000000,included,
1487,Navrasa,Hyperpop,Hyperpop,11,Hyperpop\Global\Hyperpop\AudioNova_No_Copyright_Music_-_Pulse_Drop_Futuristic_EDM_Hyperpop_Beat_No_Copyright_Music_Free_Download.wav,C:\Genrogram\data\expanded_raw\Hyperpop\Global\Hyperpop\AudioNova_No_Copyright_Music_-_Pulse_Drop_Futuristic_EDM_Hyperpop_Beat_No_Copyright_Music_Free_Download.wav,99b5ecd4e5b4512f145e214884092d0d48b9c843d30c0ee2ae8ad1db3154e773,30.000000,included,
1488,Navrasa,Hyperpop,Hyperpop,11,Hyperpop\Global\Hyperpop\Awesome_Shorts_-_Hit_Refresh_Hyperpop_Dance_Pop_Electronic_Dance_Pop.wav,C:\Genrogram\data\expanded_raw\Hyperpop\Global\Hyperpop\Awesome_Shorts_-_Hit_Refresh_Hyperpop_Dance_Pop_Electronic_Dance_Pop.wav,dd1c6f099c30423362728e627034ab533477960821c2128c8a3679d8d1249600,30.000000,included,
1489,Navrasa,Hyperpop,Hyperpop,11,Hyperpop\Global\Hyperpop\BayGush_-_BEST_HYPERPOP_DECEMBER_2024.wav,C:\Genrogram\data\expanded_raw\Hyperpop\Global\Hyperpop\BayGush_-_BEST_HYPERPOP_DECEMBER_2024.wav,4114c4c1f625b44275d362c7ec1e7b26a259727e225d47372a4d061ec3cccd80,30.000000,included,
1490,Navrasa,Hyperpop,Hyperpop,11,Hyperpop\Global\Hyperpop\BayGush_-_Best_Hyperpop_Music_10_Hours_of_Energetic_and_Experimental_Sounds.wav,C:\Genrogram\data\expanded_raw\Hyperpop\Global\Hyperpop\BayGush_-_Best_Hyperpop_Music_10_Hours_of_Energetic_and_Experimental_Sounds.wav,a444f4269b8a1534580236a5d12e9490e980a36117a6bb777668d03bc2fc28a0,30.000000,included,
1491,Navrasa,Hyperpop,Hyperpop,11,Hyperpop\Global\Hyperpop\Biteki_-_call_of_the_night_pt_2_a_hyperpop_playlist_mix.wav,C:\Genrogram\data\expanded_raw\Hyperpop\Global\Hyperpop\Biteki_-_call_of_the_night_pt_2_a_hyperpop_playlist_mix.wav,42976fe90a7ef39b84e7bddc38c3227cc1d0e6a227cae8ce446d15e8b4425d17,30.000000,included,
1492,Navrasa,Hyperpop,Hyperpop,11,Hyperpop\Global\Hyperpop\C3Y707_-_a_sped_up_hyperpop_playlist_because_why_not_2020_2021_nostalgia.wav,C:\Genrogram\data\expanded_raw\Hyperpop\Global\Hyperpop\C3Y707_-_a_sped_up_hyperpop_playlist_because_why_not_2020_2021_nostalgia.wav,c1b7fae60f6c07c7c41dddb78c79b10479ddb85a638b7b8d1e78e455d365d8f1,30.000000,included,
1493,Navrasa,Hyperpop,Hyperpop,11,Hyperpop\Global\Hyperpop\Charli_xcx_-_Claws.wav,C:\Genrogram\data\expanded_raw\Hyperpop\Global\Hyperpop\Charli_xcx_-_Claws.wav,e2c02f5353f80124d9d82f9d8ae9f128a9177ef50a1b4283c82774cad635fca6,30.000000,included,
1494,Navrasa,Hyperpop,Hyperpop,11,Hyperpop\Global\Hyperpop\CringeO_Music_-_BEST_HYPERPOP_POSSE_CUTS_Posse_Cut_Hyperpop_Glitchcore_Robloxcore_Track_Mix_Presented_by_UR1N3.wav,C:\Genrogram\data\expanded_raw\Hyperpop\Global\Hyperpop\CringeO_Music_-_BEST_HYPERPOP_POSSE_CUTS_Posse_Cut_Hyperpop_Glitchcore_Robloxcore_Track_Mix_Presented_by_UR1N3.wav,8ba2801cc199a456ef8091320642cc919f5521a100ae9245b74caad12c8ebd07,30.000000,included,
1495,Navrasa,Hyperpop,Hyperpop,11,Hyperpop\Global\Hyperpop\DJ_rata_-_EDM_Hyperpop_DJ_MIX_to_dance_like_thismp3_Charli_xcx_Shygirl_AG_Cook_Ninajirachi.wav,C:\Genrogram\data\expanded_raw\Hyperpop\Global\Hyperpop\DJ_rata_-_EDM_Hyperpop_DJ_MIX_to_dance_like_thismp3_Charli_xcx_Shygirl_AG_Cook_Ninajirachi.wav,28db7560617947b4b0ccfd19f057d9bb93310adc6e9fdc997b7e09cc559d2ecf,30.000000,included,
1496,Navrasa,Hyperpop,Hyperpop,11,Hyperpop\Global\Hyperpop\Eco_Free_Tunes_-_Glitchy_Candy_Hyperpop_Music_Eco_Free_Tunes.wav,C:\Genrogram\data\expanded_raw\Hyperpop\Global\Hyperpop\Eco_Free_Tunes_-_Glitchy_Candy_Hyperpop_Music_Eco_Free_Tunes.wav,a0d3ed0bc7c4bb8c56fe938650f69c35e81a73de0abbb8b06878635d7ca4b3c9,30.000000,included,
1497,Navrasa,Hyperpop,Hyperpop,11,Hyperpop\Global\Hyperpop\Eky_Fergiawan_-_era_of_mentality_hyperpop_music_ai.wav,C:\Genrogram\data\expanded_raw\Hyperpop\Global\Hyperpop\Eky_Fergiawan_-_era_of_mentality_hyperpop_music_ai.wav,6900f72eaff1df7d3d28f626a19ba483aeb42b90bbd310e0b5b659c794dde620,30.000000,included,
1498,Navrasa,Hyperpop,Hyperpop,11,Hyperpop\Global\Hyperpop\ElyOtto_-_SugarCrash_Official_Video.wav,C:\Genrogram\data\expanded_raw\Hyperpop\Global\Hyperpop\ElyOtto_-_SugarCrash_Official_Video.wav,0e2ea6bbd80c9fd31f654ad1e119d3e7ca096d6228d1250ad60ef72ae683aa23,20.967007,included,
1499,Navrasa,Hyperpop,Hyperpop,11,Hyperpop\Global\Hyperpop\Ennaria_-_Ennaria_Monstarrr_OFFICIAL_MUSIC_VIDEO.wav,C:\Genrogram\data\expanded_raw\Hyperpop\Global\Hyperpop\Ennaria_-_Ennaria_Monstarrr_OFFICIAL_MUSIC_VIDEO.wav,18f2a5401e24e7988e38c4f719349edfaab9073b53ff5ac0c36d24d8c833dc28,30.000000,included,
1500,Navrasa,Hyperpop,Hyperpop,11,Hyperpop\Global\Hyperpop\FamiliAplay_-_Best_Hyperpop_Music_Playlist.wav,C:\Genrogram\data\expanded_raw\Hyperpop\Global\Hyperpop\FamiliAplay_-_Best_Hyperpop_Music_Playlist.wav,e5b1f85f430563524e944d7a78a5d7d8c8953ce65d57c8888d3e1b90d7d6abee,30.000000,included,
1501,Navrasa,Hyperpop,Hyperpop,11,Hyperpop\Global\Hyperpop\Fantom_-_FREE_Charli_XCX_x_Hyperpop_Type_Beat_CRUSH.wav,C:\Genrogram\data\expanded_raw\Hyperpop\Global\Hyperpop\Fantom_-_FREE_Charli_XCX_x_Hyperpop_Type_Beat_CRUSH.wav,bbaf5b6ad687b11327a946539be41f2113aaba9bc3797f6a070d12006052bb1d,30.000000,included,
1502,Navrasa,Hyperpop,Hyperpop,11,Hyperpop\Global\Hyperpop\Freequency_Studio_-_Best_Hyperpop_Tracks_Vol_2.wav,C:\Genrogram\data\expanded_raw\Hyperpop\Global\Hyperpop\Freequency_Studio_-_Best_Hyperpop_Tracks_Vol_2.wav,6b354492f619d65b094fe51336a6de61804171ff87e836adfba7ffea9f955346,30.000000,included,
1503,Navrasa,Hyperpop,Hyperpop,11,Hyperpop\Global\Hyperpop\Freequency_Studio_-_NEON_REVERIE_Hyperpop_Instrumental_No_Copyright_Royalty_Free_Music.wav,C:\Genrogram\data\expanded_raw\Hyperpop\Global\Hyperpop\Freequency_Studio_-_NEON_REVERIE_Hyperpop_Instrumental_No_Copyright_Royalty_Free_Music.wav,3055372ef3c86ad601f4e6f975cccd8e70d9f9f6a5ab627a45647c5a89701a38,30.000000,included,
1504,Navrasa,Hyperpop,Hyperpop,11,Hyperpop\Global\Hyperpop\Friendly_Kids_Extreme_-_MINECRAFT_COOL_BEST_HYPERPOP_SONG.wav,C:\Genrogram\data\expanded_raw\Hyperpop\Global\Hyperpop\Friendly_Kids_Extreme_-_MINECRAFT_COOL_BEST_HYPERPOP_SONG.wav,93185c782df9550a0fe9a994a7a8bceced73104807abbcfc7f67d582934e4086,30.000000,included,
1505,Navrasa,Hyperpop,Hyperpop,11,Hyperpop\Global\Hyperpop\FromThx_L_-_XL_HYPER_POP_LUV_Official_Music_Video.wav,C:\Genrogram\data\expanded_raw\Hyperpop\Global\Hyperpop\FromThx_L_-_XL_HYPER_POP_LUV_Official_Music_Video.wav,c726647bdd7c79fb52710c3e01dc0ff5f6ffabd6ee6269ec18680f978f5dd133,30.000000,included,
1506,Navrasa,Hyperpop,Hyperpop,11,Hyperpop\Global\Hyperpop\GIRMUSIK_-_HYPERPOP_MUSIC_FOR_MOTIVATION.wav,C:\Genrogram\data\expanded_raw\Hyperpop\Global\Hyperpop\GIRMUSIK_-_HYPERPOP_MUSIC_FOR_MOTIVATION.wav,3a5403f483ddaaf27562e8bb44a1a8d6d8fcb9ef52122e23ff8c938ee2ed318e,30.000000,included,
1507,Navrasa,Hyperpop,Hyperpop,11,Hyperpop\Global\Hyperpop\GMT_-_TOP_26_Happy_New_Year_2026_Songs_Ultimate_New_Year_Party_Music_Mix_EDM_Pop_Afro_Disco.wav,C:\Genrogram\data\expanded_raw\Hyperpop\Global\Hyperpop\GMT_-_TOP_26_Happy_New_Year_2026_Songs_Ultimate_New_Year_Party_Music_Mix_EDM_Pop_Afro_Disco.wav,df525896b9fdbde438fff563f4328aa45c4172456a12fee350e6e9737f36d353,30.000000,included,
1508,Navrasa,Hyperpop,Hyperpop,11,Hyperpop\Global\Hyperpop\Geam_-_FREE_Ken_Carson_x_Hyperpop_type_beat_popular.wav,C:\Genrogram\data\expanded_raw\Hyperpop\Global\Hyperpop\Geam_-_FREE_Ken_Carson_x_Hyperpop_type_beat_popular.wav,813e04e624247711d6da4ace36292ee16b68caaf73e000bf8a95cad93784eee6,30.000000,included,
1509,Navrasa,Hyperpop,Hyperpop,11,Hyperpop\Global\Hyperpop\Generative_AI_Channel_-_Original_Hyperpop_AI_music_video.wav,C:\Genrogram\data\expanded_raw\Hyperpop\Global\Hyperpop\Generative_AI_Channel_-_Original_Hyperpop_AI_music_video.wav,d880a8e6df395320627d3be1639bf9dd599daf8ce17e699ba27c8893ae868b34,30.000000,included,
1510,Navrasa,Hyperpop,Hyperpop,11,Hyperpop\Global\Hyperpop\GlitchPop_-_Best_Emo_Vibe_Hyperpop_Mix_Glitchy_Build_Up_Music_V11.wav,C:\Genrogram\data\expanded_raw\Hyperpop\Global\Hyperpop\GlitchPop_-_Best_Emo_Vibe_Hyperpop_Mix_Glitchy_Build_Up_Music_V11.wav,681a4d2aeedc2f553b39b28776c7c4adc30a669f6f0d00b6a9cd76ee6a17a140,30.000000,included,
1511,Navrasa,Hyperpop,Hyperpop,11,Hyperpop\Global\Hyperpop\GlitchPop_-_Best_High_Energy_Hyperpop_Mix_Bass_Drop_Build_Up_Music_V19.wav,C:\Genrogram\data\expanded_raw\Hyperpop\Global\Hyperpop\GlitchPop_-_Best_High_Energy_Hyperpop_Mix_Bass_Drop_Build_Up_Music_V19.wav,9b22008dd88f7f12bc06eb003dc63e7d153ab8ff3cd373cfc73f66a40af16ef6,30.000000,included,
1512,Navrasa,Hyperpop,Hyperpop,11,Hyperpop\Global\Hyperpop\GlitchPop_-_Best_Hyperpop_Mix_High_Energy_Glitchy_Build_Up_Vibes_V7.wav,C:\Genrogram\data\expanded_raw\Hyperpop\Global\Hyperpop\GlitchPop_-_Best_Hyperpop_Mix_High_Energy_Glitchy_Build_Up_Vibes_V7.wav,3fee5c44b81b13a90a06c6aa476084437c6c6569f284960fd20788939426346b,30.000000,included,
1513,Navrasa,Hyperpop,Hyperpop,11,Hyperpop\Global\Hyperpop\GlitchPop_-_Best_Hyperpop_Mix_High_Energy_Glitchy_Build_Up_Vibes_V8.wav,C:\Genrogram\data\expanded_raw\Hyperpop\Global\Hyperpop\GlitchPop_-_Best_Hyperpop_Mix_High_Energy_Glitchy_Build_Up_Vibes_V8.wav,14db3b72f3e1d371e71d85c536c39ffec62bb504ebb3a9256899555f98736a04,30.000000,included,
1514,Navrasa,Hyperpop,Hyperpop,11,Hyperpop\Global\Hyperpop\GlitchPop_-_Best_Hyperpop_Mix_High_Energy_Music_V2.wav,C:\Genrogram\data\expanded_raw\Hyperpop\Global\Hyperpop\GlitchPop_-_Best_Hyperpop_Mix_High_Energy_Music_V2.wav,c9fbbb105a1a112f8476952a636e7b8da8781088dbf1c565490d4539455aa7ae,30.000000,included,
1515,Navrasa,Hyperpop,Hyperpop,11,Hyperpop\Global\Hyperpop\GlitchPop_-_Ultimate_Hyperpop_Love_Emo_Mix_Best_Build_Up_Tracks_V10.wav,C:\Genrogram\data\expanded_raw\Hyperpop\Global\Hyperpop\GlitchPop_-_Ultimate_Hyperpop_Love_Emo_Mix_Best_Build_Up_Tracks_V10.wav,09d3fd92558d05b289a20afa850fb0564543513e717101949b1bb69cc6636424,30.000000,included,
1516,Navrasa,Hyperpop,Hyperpop,11,Hyperpop\Global\Hyperpop\GoldStyleJenn_-_InfinityKat_Night_Crystal_2023_Hyperpop_music.wav,C:\Genrogram\data\expanded_raw\Hyperpop\Global\Hyperpop\GoldStyleJenn_-_InfinityKat_Night_Crystal_2023_Hyperpop_music.wav,6dda9a138d3511810a8ee414071e6f6742454d4499e253a7c49f935f4e37ad09,30.000000,included,
1517,Navrasa,Hyperpop,Hyperpop,11,Hyperpop\Global\Hyperpop\H1gs_-_Hyper_pop_top_of_the_world_Prod_h1gs.wav,C:\Genrogram\data\expanded_raw\Hyperpop\Global\Hyperpop\H1gs_-_Hyper_pop_top_of_the_world_Prod_h1gs.wav,d898d87a2376a942da253a928fa572bfd992799af770ead81ce684cfd0f4ed72,30.000000,included,
1518,Navrasa,Hyperpop,Hyperpop,11,Hyperpop\Global\Hyperpop\HEXXRUSH_-_HEXXRUSH_Star_underground_hyperpop_music_spedupsongs_spotify.wav,C:\Genrogram\data\expanded_raw\Hyperpop\Global\Hyperpop\HEXXRUSH_-_HEXXRUSH_Star_underground_hyperpop_music_spedupsongs_spotify.wav,a70edea97b3a36016f40203702f7301a3e99d9c4e24f6ac08a6b97ebb2571078,30.000000,included,
1519,Navrasa,Hyperpop,Hyperpop,11,Hyperpop\Global\Hyperpop\HighPing_-_Here_For_You_HighPinghyperpop_music.wav,C:\Genrogram\data\expanded_raw\Hyperpop\Global\Hyperpop\HighPing_-_Here_For_You_HighPinghyperpop_music.wav,4b3acdf0dec001c45e04f78ff8ce33de50fdbb72fa685919e6147e51f56d72f2,8.204014,included,
1520,Navrasa,Hyperpop,Hyperpop,11,Hyperpop\Global\Hyperpop\Higher_Dimension_Hz_-_Too_Faraway_Synthwave_Hyperpop_Music.wav,C:\Genrogram\data\expanded_raw\Hyperpop\Global\Hyperpop\Higher_Dimension_Hz_-_Too_Faraway_Synthwave_Hyperpop_Music.wav,c8c9b3d495a91f47c825b85ad4853fcd8b762a856a40940f5e8b31f0afc7292a,30.000000,included,
1521,Navrasa,Hyperpop,Hyperpop,11,Hyperpop\Global\Hyperpop\Hitori_-_Head_bopping_while_drinking_monster_energy_a_hyperpopelectropop_playlist.wav,C:\Genrogram\data\expanded_raw\Hyperpop\Global\Hyperpop\Hitori_-_Head_bopping_while_drinking_monster_energy_a_hyperpopelectropop_playlist.wav,a84e10acef793f04e41e21add521d68d4163ebfda7ccb8b88f14c91025271d26,30.000000,included,
1522,Navrasa,Hyperpop,Hyperpop,11,Hyperpop\Global\Hyperpop\Horn_Lennon_-_NYSHA_5_POS_2_HOUR_Drain_Hyperpop_Glitchcore_MIX.wav,C:\Genrogram\data\expanded_raw\Hyperpop\Global\Hyperpop\Horn_Lennon_-_NYSHA_5_POS_2_HOUR_Drain_Hyperpop_Glitchcore_MIX.wav,9389d7bfb570e7acc4f61ac451e25eb94ec1065d418874f68b0a151f497fe7ea,30.000000,included,
1523,Navrasa,Hyperpop,Hyperpop,11,Hyperpop\Global\Hyperpop\HyperTunes_-_SNOW_STRIPPERS_UNDER_YOUR_SPELL_Lyrics.wav,C:\Genrogram\data\expanded_raw\Hyperpop\Global\Hyperpop\HyperTunes_-_SNOW_STRIPPERS_UNDER_YOUR_SPELL_Lyrics.wav,14c00af91141282d5a1d90bd9020b2c9b1aabb94bd900cb92437f4edc9b8328f,30.000000,included,
1524,Navrasa,Hyperpop,Hyperpop,11,Hyperpop\Global\Hyperpop\Hyperpop_-_This_Chinese_Hyperpop_Music_Is_So_Great.wav,C:\Genrogram\data\expanded_raw\Hyperpop\Global\Hyperpop\Hyperpop_-_This_Chinese_Hyperpop_Music_Is_So_Great.wav,caf209164152dbbeccba26d131db82418ea7405bbceb0f5595157ecaea8dc651,30.000000,included,
1525,Navrasa,Hyperpop,Hyperpop,11,Hyperpop\Global\Hyperpop\Hyperpop_Monarch_-_Hyperpop_Monarch_falling_up_Lyric_Video.wav,C:\Genrogram\data\expanded_raw\Hyperpop\Global\Hyperpop\Hyperpop_Monarch_-_Hyperpop_Monarch_falling_up_Lyric_Video.wav,19c0531f8391c3885476922b68fbdb0ec2b7e00d52c3e01ba00b892f6e92050b,30.000000,included,
1526,Navrasa,Hyperpop,Hyperpop,11,Hyperpop\Global\Hyperpop\Hyperpop_song_created_with_Suno_Ai_-_Hyper_Pop_music_Created_By_Suno_Ai.wav,C:\Genrogram\data\expanded_raw\Hyperpop\Global\Hyperpop\Hyperpop_song_created_with_Suno_Ai_-_Hyper_Pop_music_Created_By_Suno_Ai.wav,507d1136794cb9437ffe21a7fa25c07f931b523e1c54f03fb1172cbaea8ce8f7,30.000000,included,
1527,Navrasa,Hyperpop,Hyperpop,11,Hyperpop\Global\Hyperpop\KVASS_REMIX_Music_Remix_Channel_-_Hyperpop_Glitchcore_New_Hyperpop_Music_Mix_2025.wav,C:\Genrogram\data\expanded_raw\Hyperpop\Global\Hyperpop\KVASS_REMIX_Music_Remix_Channel_-_Hyperpop_Glitchcore_New_Hyperpop_Music_Mix_2025.wav,51548e51b9e5a9b455b06921241fd8ac98e7a27327aef15b22ee988f5fd38ed0,30.000000,included,
1528,Navrasa,Hyperpop,Hyperpop,11,Hyperpop\Global\Hyperpop\Klimlords_Beats_-_FREE_Hyperpop_Type_Beat_x_Pop_Punk_Type_Beat_x_Rock_Pocket.wav,C:\Genrogram\data\expanded_raw\Hyperpop\Global\Hyperpop\Klimlords_Beats_-_FREE_Hyperpop_Type_Beat_x_Pop_Punk_Type_Beat_x_Rock_Pocket.wav,50060baa4cea5a03a074707503f1534162cdcb5226506a2a71640a6d1f030b75,30.000000,included,
1529,Navrasa,Hyperpop,Hyperpop,11,Hyperpop\Global\Hyperpop\Kyapi_Loveless_-_songs_that_will_give_you_a_lot_of_energynot_is_hyperpop.wav,C:\Genrogram\data\expanded_raw\Hyperpop\Global\Hyperpop\Kyapi_Loveless_-_songs_that_will_give_you_a_lot_of_energynot_is_hyperpop.wav,2bd9f199c9184341d66a54559bf8e72513acaf74eae0bc34a001c0e04869c30b,30.000000,included,
1530,Navrasa,Hyperpop,Hyperpop,11,Hyperpop\Global\Hyperpop\LX9mik_-_LX9mik_Binary_Soul_Official_Music_Video_hyperpop_music_lx9mik_edm.wav,C:\Genrogram\data\expanded_raw\Hyperpop\Global\Hyperpop\LX9mik_-_LX9mik_Binary_Soul_Official_Music_Video_hyperpop_music_lx9mik_edm.wav,9fe23f26a946691f1cbe64363011004e7d7bd14ede8e7cabc927f649552f2eb6,30.000000,included,
1531,Navrasa,Hyperpop,Hyperpop,11,Hyperpop\Global\Hyperpop\LX9mik_-_LX9mik_Looped_Reality_Official_Music_Videohyperpop_music_lx9mik_futurebass_edm.wav,C:\Genrogram\data\expanded_raw\Hyperpop\Global\Hyperpop\LX9mik_-_LX9mik_Looped_Reality_Official_Music_Videohyperpop_music_lx9mik_futurebass_edm.wav,6a08843ece961ed4d7f2878fdd5194c0e492e7a4a22b0601df6a6d815b341c3a,30.000000,included,
1532,Navrasa,Hyperpop,Hyperpop,11,Hyperpop\Global\Hyperpop\Laugh_Track_Lab_-_Neon_Glitch_Parade_Hyperpop_Music_Video_Official.wav,C:\Genrogram\data\expanded_raw\Hyperpop\Global\Hyperpop\Laugh_Track_Lab_-_Neon_Glitch_Parade_Hyperpop_Music_Video_Official.wav,faa7ab4ee1930c3135c020939b1ae20b9a888ed28b234a16d82468fbd821a9eb,30.000000,included,
1533,Navrasa,Hyperpop,Hyperpop,11,Hyperpop\Global\Hyperpop\League_SFX_-_TFT_Set_10_Hyperpop_Music.wav,C:\Genrogram\data\expanded_raw\Hyperpop\Global\Hyperpop\League_SFX_-_TFT_Set_10_Hyperpop_Music.wav,c7505e15662393f54aa70cf8632fb283a0760fa9ad0f2414c097a7245b3a6318,30.000000,included,
1534,Navrasa,Hyperpop,Hyperpop,11,Hyperpop\Global\Hyperpop\Little_Wonder_Buddies_-_Vaporwave_Lofi_Experimental_Hyperpop_Mix_CodingWork_Music_12h.wav,C:\Genrogram\data\expanded_raw\Hyperpop\Global\Hyperpop\Little_Wonder_Buddies_-_Vaporwave_Lofi_Experimental_Hyperpop_Mix_CodingWork_Music_12h.wav,8ded2cf0ddb221fc71ad3ef072475de86954ee71dcc015203d7f2d3781c96fe9,30.000000,included,
1535,Navrasa,Hyperpop,Hyperpop,11,Hyperpop\Global\Hyperpop\Lyrical_Rain_-_BrooklynBloodPop_Full_Audio_BEST_HYPERPOP_SONGS.wav,C:\Genrogram\data\expanded_raw\Hyperpop\Global\Hyperpop\Lyrical_Rain_-_BrooklynBloodPop_Full_Audio_BEST_HYPERPOP_SONGS.wav,4f0f60ba77831246f0299eab90f718deec021b86fe3e5da7c7c3c99bc4b065b9,30.000000,included,
1536,Navrasa,Hyperpop,Hyperpop,11,Hyperpop\Global\Hyperpop\MClaw_-_Velvet_Riot_Dark_Hyperpop_Trap_Pop_Vocaloid_New_Music_2025_MClaw_Official_Audio_Video_Lyrics.wav,C:\Genrogram\data\expanded_raw\Hyperpop\Global\Hyperpop\MClaw_-_Velvet_Riot_Dark_Hyperpop_Trap_Pop_Vocaloid_New_Music_2025_MClaw_Official_Audio_Video_Lyrics.wav,a233a3ffbb4a1eed6fb9e91c0cc2033f6eb5ec0218fc7e5ddb2aeba75d40250c,30.000000,included,
1537,Navrasa,Hyperpop,Hyperpop,11,Hyperpop\Global\Hyperpop\MIKAH_-_3000.wav,C:\Genrogram\data\expanded_raw\Hyperpop\Global\Hyperpop\MIKAH_-_3000.wav,327face2db66be9b1d9dc45519d8a875674a9177ce0a077c79a0661bf222db1d,30.000000,included,
1538,Navrasa,Hyperpop,Hyperpop,11,Hyperpop\Global\Hyperpop\MUSIC_AI_-_Fast_Life_Charli_XCX_Inspired_Hyperpop_Song_AI_Music.wav,C:\Genrogram\data\expanded_raw\Hyperpop\Global\Hyperpop\MUSIC_AI_-_Fast_Life_Charli_XCX_Inspired_Hyperpop_Song_AI_Music.wav,3f07fb9cde17e4a737d8fff31f517136817cd910d332bb8d052763c50305373a,30.000000,included,
1539,Navrasa,Hyperpop,Hyperpop,11,Hyperpop\Global\Hyperpop\Magic_Water_-_Best_Hyperpop_Mix_Melancholic_Hyperpop_for_Late_Night_Overthinking.wav,C:\Genrogram\data\expanded_raw\Hyperpop\Global\Hyperpop\Magic_Water_-_Best_Hyperpop_Mix_Melancholic_Hyperpop_for_Late_Night_Overthinking.wav,a540b626e5b559054bea22970668a3f3ad1420d9ed3ddedffc289a93f46f6d0c,30.000000,included,
1540,Navrasa,Hyperpop,Hyperpop,11,Hyperpop\Global\Hyperpop\Make_your_day_-_100_gecs_757_Best_hyperpop_songs_in_history.wav,C:\Genrogram\data\expanded_raw\Hyperpop\Global\Hyperpop\Make_your_day_-_100_gecs_757_Best_hyperpop_songs_in_history.wav,658c43c24df5e782d447bc9f199112d19f5bb3b74d52fd2c3eb80f7f8c6ce739,30.000000,included,
1541,Navrasa,Hyperpop,Hyperpop,11,Hyperpop\Global\Hyperpop\Makoto_Music_-_HYPERTALK_AI_HYPER_POP_music_musiccreation_ai_hyperpop_pop.wav,C:\Genrogram\data\expanded_raw\Hyperpop\Global\Hyperpop\Makoto_Music_-_HYPERTALK_AI_HYPER_POP_music_musiccreation_ai_hyperpop_pop.wav,01af86343c52a27582587c59939a0a2bdda709d76836db929334a6b50a597dae,30.000000,included,
1542,Navrasa,Hyperpop,Hyperpop,11,Hyperpop\Global\Hyperpop\Manu_Oropeza_DJ_-_The_Girly_POP_Dj_SET_Britney_Spears_Sabrina_Carpenter_Miley_Cyrus_Paris_Hilton_Manu_Oropeza.wav,C:\Genrogram\data\expanded_raw\Hyperpop\Global\Hyperpop\Manu_Oropeza_DJ_-_The_Girly_POP_Dj_SET_Britney_Spears_Sabrina_Carpenter_Miley_Cyrus_Paris_Hilton_Manu_Oropeza.wav,8b53b54a9994cfea1168c1482d0edd6939f9eddaf4ff85f1252a2b055c0ae906,30.000000,included,
1543,Navrasa,Hyperpop,Hyperpop,11,Hyperpop\Global\Hyperpop\Mel_3_-_Feeling_hype_at_3am_its_not_hyperpop_but_idfk_what_to_call_it_atp_but_its_a_playlist_basically.wav,C:\Genrogram\data\expanded_raw\Hyperpop\Global\Hyperpop\Mel_3_-_Feeling_hype_at_3am_its_not_hyperpop_but_idfk_what_to_call_it_atp_but_its_a_playlist_basically.wav,dee77e5688790d0aaf4fd6905d377de01b28136aeee380d80fdc4d0d1245cd33,30.000000,included,
1544,Navrasa,Hyperpop,Hyperpop,11,Hyperpop\Global\Hyperpop\Melo_AI_-_Top_Hyperpop_Summer_Music_2025_Best_Hyperpop_Songs_Playlist_Top_music_2025.wav,C:\Genrogram\data\expanded_raw\Hyperpop\Global\Hyperpop\Melo_AI_-_Top_Hyperpop_Summer_Music_2025_Best_Hyperpop_Songs_Playlist_Top_music_2025.wav,7df01ec19ba71862232bffe0ce538fc1a2f7893c0ee031ef142c94ba3b6ad434,30.000000,included,
1545,Navrasa,Hyperpop,Hyperpop,11,Hyperpop\Global\Hyperpop\Melodex_-_BOY_CRAZY_Official_Video_Hyperpop_Electro_Anthem_Brat_Pop_Banger_2025.wav,C:\Genrogram\data\expanded_raw\Hyperpop\Global\Hyperpop\Melodex_-_BOY_CRAZY_Official_Video_Hyperpop_Electro_Anthem_Brat_Pop_Banger_2025.wav,07a497c20faf003c7eced6a0b4b0c76b8b3b4c31ab767303c40b721d93d556e1,30.000000,included,
1546,Navrasa,Hyperpop,Hyperpop,11,Hyperpop\Global\Hyperpop\Mike_David_Studio_-_Hyperpop_2024_Top_5_Essential_Songs_You_Cant_Miss.wav,C:\Genrogram\data\expanded_raw\Hyperpop\Global\Hyperpop\Mike_David_Studio_-_Hyperpop_2024_Top_5_Essential_Songs_You_Cant_Miss.wav,06891829cd2aaaf84c708157c6de583fec5b2089cc15fb6e65e9c40355a287da,30.000000,included,
1547,Navrasa,Hyperpop,Hyperpop,11,Hyperpop\Global\Hyperpop\MsMojo_-_Top_10_Best_Charli_XCX_Songs.wav,C:\Genrogram\data\expanded_raw\Hyperpop\Global\Hyperpop\MsMojo_-_Top_10_Best_Charli_XCX_Songs.wav,c21c90708e2049df6d4958cd255ad68e97cf6f1adab7ddcffc2465db0ee6ef36,30.000000,included,
1548,Navrasa,Hyperpop,Hyperpop,11,Hyperpop\Global\Hyperpop\MuPa_Music_-_MuPaMuSic_Hyperpop_music.wav,C:\Genrogram\data\expanded_raw\Hyperpop\Global\Hyperpop\MuPa_Music_-_MuPaMuSic_Hyperpop_music.wav,c7cf55c5fbccf4bf598cc9590bca8e0a1ee8d705932940909bb129cb4d3f5c5b,5.777551,included,
1549,Navrasa,Hyperpop,Hyperpop,11,Hyperpop\Global\Hyperpop\Multi_music_-_Domain_Expansion_hyperpop_music_audioediting_theothersideofmakebelieve_helpmemakethismakesense.wav,C:\Genrogram\data\expanded_raw\Hyperpop\Global\Hyperpop\Multi_music_-_Domain_Expansion_hyperpop_music_audioediting_theothersideofmakebelieve_helpmemakethismakesense.wav,927e8838e8772a3a610ed961be0a96555d8b906ce28abe12fbd1ea58e3c66cae,30.000000,included,
1550,Navrasa,Hyperpop,Hyperpop,11,Hyperpop\Global\Hyperpop\NoAki_-_The_Kid_LAROI_Justin_Bieber_Stay_Hyperpop_Remix.wav,C:\Genrogram\data\expanded_raw\Hyperpop\Global\Hyperpop\NoAki_-_The_Kid_LAROI_Justin_Bieber_Stay_Hyperpop_Remix.wav,ac2611ddd61e46087961dc2f5a2a2bf2c30e6016616497ed2c2c9e60786d1293,30.000000,included,
1551,Navrasa,Hyperpop,Hyperpop,11,Hyperpop\Global\Hyperpop\NoCopyrightSounds_-_noaa_HYPNOTIZED_Hyperpop_NCS_Copyright_Free_Music.wav,C:\Genrogram\data\expanded_raw\Hyperpop\Global\Hyperpop\NoCopyrightSounds_-_noaa_HYPNOTIZED_Hyperpop_NCS_Copyright_Free_Music.wav,79a5ca7b6800a8734eadbc220b72d1bdb2a699ae17ce4d82213aea37beebb6c3,30.000000,included,
1552,Navrasa,Hyperpop,Hyperpop,11,Hyperpop\Global\Hyperpop\No_views_-_HORIZON_RADAR_THE_VIEW_FROM_POP_HYPERPOP_AMBIENT.wav,C:\Genrogram\data\expanded_raw\Hyperpop\Global\Hyperpop\No_views_-_HORIZON_RADAR_THE_VIEW_FROM_POP_HYPERPOP_AMBIENT.wav,6fa00c11377521f49799b82c450de0bfac94cbc2b0dbe1322f30259ad186ca46,30.000000,included,
1553,Navrasa,Hyperpop,Hyperpop,11,Hyperpop\Global\Hyperpop\No_views_-_Sunrise_Over_the_City_Hyperpop_Influences_song_By_Popular_Music_Studio_Pop_Rock_shorts.wav,C:\Genrogram\data\expanded_raw\Hyperpop\Global\Hyperpop\No_views_-_Sunrise_Over_the_City_Hyperpop_Influences_song_By_Popular_Music_Studio_Pop_Rock_shorts.wav,b5f1683975fc69c1116108050b56b50d9c18cbcaef2dd443141eb16aaf369789,30.000000,included,
1554,Navrasa,Hyperpop,Hyperpop,11,Hyperpop\Global\Hyperpop\Nok_-_FRESH_HYPERPOP_July_2025_underground_playlist.wav,C:\Genrogram\data\expanded_raw\Hyperpop\Global\Hyperpop\Nok_-_FRESH_HYPERPOP_July_2025_underground_playlist.wav,d01874881b2b6747396bc2a70f7f45bc2abd680f2e10ce0f398b7d7c1b03266a,30.000000,included,
1555,Navrasa,Hyperpop,Hyperpop,11,Hyperpop\Global\Hyperpop\Null_Core_Music_-_Glitchy_Hyperpop_Music_to_BOOST_Your_Focus_for_Studying.wav,C:\Genrogram\data\expanded_raw\Hyperpop\Global\Hyperpop\Null_Core_Music_-_Glitchy_Hyperpop_Music_to_BOOST_Your_Focus_for_Studying.wav,a836271768aa367b6a29ef4d1fc40005f4b57e66465bb6cb8726984a602b6fa0,30.000000,included,
1556,Navrasa,Hyperpop,Hyperpop,11,Hyperpop\Global\Hyperpop\RETRO_Level_Up_Anthems_-_Best_FREE_Hyperpop_Type_Beat_Compilation_2024_Hyperdrive_Mix_by_RETRO.wav,C:\Genrogram\data\expanded_raw\Hyperpop\Global\Hyperpop\RETRO_Level_Up_Anthems_-_Best_FREE_Hyperpop_Type_Beat_Compilation_2024_Hyperdrive_Mix_by_RETRO.wav,63ce9c412735c5e31b48bf4e279f682594725b8cb1e6b30aa6a22fb2de8a393b,30.000000,included,
1557,Navrasa,Hyperpop,Hyperpop,11,Hyperpop\Global\Hyperpop\Recloud_Music_-_Hyperpop_Cyber_Love_Virus_No_Copyright_Music.wav,C:\Genrogram\data\expanded_raw\Hyperpop\Global\Hyperpop\Recloud_Music_-_Hyperpop_Cyber_Love_Virus_No_Copyright_Music.wav,9aaa6ebaf905eb6ef1fd80b2dd8c93ae39d2336ad93498b753f2e6909d84571b,30.000000,included,
1558,Navrasa,Hyperpop,Hyperpop,11,Hyperpop\Global\Hyperpop\Ricos_Room_-_Hyperpop_DJ_Producer_aaariel_drops_the_best_techno_party_mix_2025.wav,C:\Genrogram\data\expanded_raw\Hyperpop\Global\Hyperpop\Ricos_Room_-_Hyperpop_DJ_Producer_aaariel_drops_the_best_techno_party_mix_2025.wav,f99974bd735205d05fb65c7f2848fd5a7a5716e906613ecfe5262961d7c372d7,30.000000,included,
1559,Navrasa,Hyperpop,Hyperpop,11,Hyperpop\Global\Hyperpop\Riff_Storm_samiSareng_-_Neon_Void_Hyperpop_Anthem_of_the_Future_Official_Album_Cover.wav,C:\Genrogram\data\expanded_raw\Hyperpop\Global\Hyperpop\Riff_Storm_samiSareng_-_Neon_Void_Hyperpop_Anthem_of_the_Future_Official_Album_Cover.wav,7c60ca1055271aeacb5177c55cfa1cd7efcc87abb938cfd25baca494ff780bae,30.000000,included,
1560,Navrasa,Hyperpop,Hyperpop,11,Hyperpop\Global\Hyperpop\S1RENA_-_OXYTOC1N.wav,C:\Genrogram\data\expanded_raw\Hyperpop\Global\Hyperpop\S1RENA_-_OXYTOC1N.wav,1f1a37a73ba026060b95049cb11e78e340f1c41b517676456957dc0c67c9fb2b,30.000000,included,
1561,Navrasa,Hyperpop,Hyperpop,11,Hyperpop\Global\Hyperpop\SCLIP_-_FREE_The_Best_Hyperpop_Beat_2024_The_first_day_of_autumn_prodSclip.wav,C:\Genrogram\data\expanded_raw\Hyperpop\Global\Hyperpop\SCLIP_-_FREE_The_Best_Hyperpop_Beat_2024_The_first_day_of_autumn_prodSclip.wav,5ef7f7f8bd41aad47760308cf9a2290e30b002fdd9302bed72b02c46918a5fec,30.000000,included,
1562,Navrasa,Hyperpop,Hyperpop,11,Hyperpop\Global\Hyperpop\S_a_D_s_C_e_N_e_Q_u_E_e_N_-_2022_HYPERPOP_PLAYLIST_ONLY_NEW_SONGS.wav,C:\Genrogram\data\expanded_raw\Hyperpop\Global\Hyperpop\S_a_D_s_C_e_N_e_Q_u_E_e_N_-_2022_HYPERPOP_PLAYLIST_ONLY_NEW_SONGS.wav,b8f1b793ae4375acab4dbb203fd2a25c93b672d7633298d56b23433d3d845d47,30.000000,included,
1563,Navrasa,Hyperpop,Hyperpop,11,Hyperpop\Global\Hyperpop\Saycuso_lofi_-_Unbelievable_Hyperpop_Lofi_Playlist_Chill_Game_Like_NEVER_Before.wav,C:\Genrogram\data\expanded_raw\Hyperpop\Global\Hyperpop\Saycuso_lofi_-_Unbelievable_Hyperpop_Lofi_Playlist_Chill_Game_Like_NEVER_Before.wav,ee27a0b15459a69a40b4752c8ae4682ff3bbc84a59835197f1114ce40cccd36d,30.000000,included,
1564,Navrasa,Hyperpop,Hyperpop,11,Hyperpop\Global\Hyperpop\Senajx_-_Best_HyperpopGlitch_Anime_Edits.wav,C:\Genrogram\data\expanded_raw\Hyperpop\Global\Hyperpop\Senajx_-_Best_HyperpopGlitch_Anime_Edits.wav,329a3f8c2443cc240e40c953668069f94239bf4d63301ec17211f944f8287f4a,30.000000,included,
1565,Navrasa,Hyperpop,Hyperpop,11,Hyperpop\Global\Hyperpop\Sophie_Powers_-_move_with_me.wav,C:\Genrogram\data\expanded_raw\Hyperpop\Global\Hyperpop\Sophie_Powers_-_move_with_me.wav,127eb2b3f79a3bac72e0d1c33fa41594e8afce872b7b2a05f73b1c2b8f313e6a,30.000000,included,
1566,Navrasa,Hyperpop,Hyperpop,11,Hyperpop\Global\Hyperpop\Sound_Labo_Kawaii_Future_Bass_-_Hyper_ball_Hyperpop_music.wav,C:\Genrogram\data\expanded_raw\Hyperpop\Global\Hyperpop\Sound_Labo_Kawaii_Future_Bass_-_Hyper_ball_Hyperpop_music.wav,ba0810f3dabf843b14fe5f2980bfad3a009b488234b6153724679df0b8b441f9,30.000000,included,
1567,Navrasa,Hyperpop,Hyperpop,11,Hyperpop\Global\Hyperpop\Suck_My_Deck_-_Hot_Girl_Hyperpop_DJ_Set_Pride_Party_in_Toronto_noFi.wav,C:\Genrogram\data\expanded_raw\Hyperpop\Global\Hyperpop\Suck_My_Deck_-_Hot_Girl_Hyperpop_DJ_Set_Pride_Party_in_Toronto_noFi.wav,fc7cfe600cac11a959aa957e3200dbf29976d0a24c6959936fdf51f767e46999,30.000000,included,
1568,Navrasa,Hyperpop,Hyperpop,11,Hyperpop\Global\Hyperpop\The_Revenant_Man_Music_-_Heart_Sparks_charlixcx_style_popular_electropop_dance_hyperpop.wav,C:\Genrogram\data\expanded_raw\Hyperpop\Global\Hyperpop\The_Revenant_Man_Music_-_Heart_Sparks_charlixcx_style_popular_electropop_dance_hyperpop.wav,7f1575ec3e4564ecf348898a74b4421040b34bf14b48f21ec0b66cdaf93042ef,30.000000,included,
1569,Navrasa,Hyperpop,Hyperpop,11,Hyperpop\Global\Hyperpop\TunedMood_-_Best_Hyperpop_Songs_2025_Hyperpop_Chart_Toppers_Viral_Hits.wav,C:\Genrogram\data\expanded_raw\Hyperpop\Global\Hyperpop\TunedMood_-_Best_Hyperpop_Songs_2025_Hyperpop_Chart_Toppers_Viral_Hits.wav,352fd682056ca2a6afb39e0dc4a7903c5756b9a13ff1396df70e8442ebd8f6f3,30.000000,included,
1570,Navrasa,Hyperpop,Hyperpop,11,Hyperpop\Global\Hyperpop\TunedMood_-_Top_Hyperpop_Hits_2024_Catchy_Electronic_Pop_Anthems.wav,C:\Genrogram\data\expanded_raw\Hyperpop\Global\Hyperpop\TunedMood_-_Top_Hyperpop_Hits_2024_Catchy_Electronic_Pop_Anthems.wav,254e736477d5a423b6b0b2d128e0cfba00e3fb1b48db864e5ce8ddd7ae89c579,30.000000,included,
1571,Navrasa,Hyperpop,Hyperpop,11,Hyperpop\Global\Hyperpop\Virus_-_Syko_BrooklynBloodPop_prod_Duvaal.wav,C:\Genrogram\data\expanded_raw\Hyperpop\Global\Hyperpop\Virus_-_Syko_BrooklynBloodPop_prod_Duvaal.wav,0c7ce545ae8e60d96ed32f756a5a03de3cef6985d50ff8bed18e13cc3f31e9c5,30.000000,included,
1572,Navrasa,Hyperpop,Hyperpop,11,Hyperpop\Global\Hyperpop\WHATBOY_BEATS_-_FREE_FOR_PROFIT_scenecore_x_hyperpop_x_2010_pop_type_beat_casual_love_prod_by_WHATBOY.wav,C:\Genrogram\data\expanded_raw\Hyperpop\Global\Hyperpop\WHATBOY_BEATS_-_FREE_FOR_PROFIT_scenecore_x_hyperpop_x_2010_pop_type_beat_casual_love_prod_by_WHATBOY.wav,80109f58734161042825d83beae0c2cbdf0b9a5362e8a352ff9a136f4c6a6f5a,30.000000,included,
1573,Navrasa,Hyperpop,Hyperpop,11,Hyperpop\Global\Hyperpop\WoWaMixes_-_FRESH_HYPERPOP_October_2025_underground_playlist.wav,C:\Genrogram\data\expanded_raw\Hyperpop\Global\Hyperpop\WoWaMixes_-_FRESH_HYPERPOP_October_2025_underground_playlist.wav,5d22fe0b97821263e8ee4fc320acb39fff95674a2d202e25ddff00694c6d3ea1,30.000000,included,
1574,Navrasa,Hyperpop,Hyperpop,11,Hyperpop\Global\Hyperpop\XNCSX_-_The_Trinity_Jealous_Hyperpop_NCS_Release_NoCopyrightSounds_The_best_music.wav,C:\Genrogram\data\expanded_raw\Hyperpop\Global\Hyperpop\XNCSX_-_The_Trinity_Jealous_Hyperpop_NCS_Release_NoCopyrightSounds_The_best_music.wav,53d5e324648382a1a870c174cfd06f6c075db6028b921fd4b0c7b5f0e8465e2b,30.000000,included,
1575,Navrasa,Hyperpop,Hyperpop,11,Hyperpop\Global\Hyperpop\YSHD_-_Out_now_Tap_innnn_music_newmusic_rnb_hyperpop_pop.wav,C:\Genrogram\data\expanded_raw\Hyperpop\Global\Hyperpop\YSHD_-_Out_now_Tap_innnn_music_newmusic_rnb_hyperpop_pop.wav,dd65fb9283e15f34801a823cc8d3f642006bdad5eaa6b3137901e085bf1d3a4b,19.512154,included,
1576,Navrasa,Hyperpop,Hyperpop,11,Hyperpop\Global\Hyperpop\ZBeatz_-_FREE_BEST_hyper_pop_type_beat_x_glaive_x_acoustic_pop_guitar_Fantasize_Prod_ZBeatz.wav,C:\Genrogram\data\expanded_raw\Hyperpop\Global\Hyperpop\ZBeatz_-_FREE_BEST_hyper_pop_type_beat_x_glaive_x_acoustic_pop_guitar_Fantasize_Prod_ZBeatz.wav,7cc6c7ab2300850ddf66fdb4d51bd8afead7ea18ac6ad9a7164c1851a43805ea,30.000000,included,
1577,Navrasa,Hyperpop,Hyperpop,11,Hyperpop\Global\Hyperpop\ZWEXA_MUSIC_-_Ive_Got_a_Mirror_Skin_Unknown_pop_hyperpop.wav,C:\Genrogram\data\expanded_raw\Hyperpop\Global\Hyperpop\ZWEXA_MUSIC_-_Ive_Got_a_Mirror_Skin_Unknown_pop_hyperpop.wav,07018bfe4695325713f4e9dd33e56e8b041431c4d7f156e53fa51681f0edcab8,30.000000,included,
1578,Navrasa,Hyperpop,Hyperpop,11,Hyperpop\Global\Hyperpop\Zhabian_-_Best_Hyperpop_beat_on_YOUTUBE.wav,C:\Genrogram\data\expanded_raw\Hyperpop\Global\Hyperpop\Zhabian_-_Best_Hyperpop_beat_on_YOUTUBE.wav,5487782e0f8c2b873d67adcf18a2d05c60b14f9302f7f82e792a247cf54fd7ed,30.000000,included,
1579,Navrasa,Hyperpop,Hyperpop,11,Hyperpop\Global\Hyperpop\_chilled_cheetah_-_my_favorite_lemon_demon_songs_a_hyper_playlist.wav,C:\Genrogram\data\expanded_raw\Hyperpop\Global\Hyperpop\_chilled_cheetah_-_my_favorite_lemon_demon_songs_a_hyper_playlist.wav,de7aeaeb84a1dcdd8add5ab80567f2359e13d5315e5609422672176c963d2927,30.000000,included,
1580,Navrasa,Hyperpop,Hyperpop,11,Hyperpop\Global\Hyperpop\blue_-_famous_sped_up_phonk_playlist.wav,C:\Genrogram\data\expanded_raw\Hyperpop\Global\Hyperpop\blue_-_famous_sped_up_phonk_playlist.wav,f2266c5fae99cb1acea8d0a7dcf96c4562e16ab57c1384a88fde130b705f36f0,30.000000,included,
1581,Navrasa,Hyperpop,Hyperpop,11,Hyperpop\Global\Hyperpop\bonnierogerr_-_FREE_Pop_Rock_x_Alt_Rock_Type_Beat_Injections.wav,C:\Genrogram\data\expanded_raw\Hyperpop\Global\Hyperpop\bonnierogerr_-_FREE_Pop_Rock_x_Alt_Rock_Type_Beat_Injections.wav,2a143451cee8d86c6cc05039f3288eebace78c1744d50b1aac5b76683be25f9b,30.000000,included,
1582,Navrasa,Hyperpop,Hyperpop,11,Hyperpop\Global\Hyperpop\chewnip_-_last_friday_nightdont_let_me_down_HYPERPOP_REMIX.wav,C:\Genrogram\data\expanded_raw\Hyperpop\Global\Hyperpop\chewnip_-_last_friday_nightdont_let_me_down_HYPERPOP_REMIX.wav,74c5243725cf155717ee4033cfcaed8e71907af09409c427b993bb11b1a7fe0f,30.000000,included,
1583,Navrasa,Hyperpop,Hyperpop,11,Hyperpop\Global\Hyperpop\debandayo_-_ODETARI_PLAYLIST.wav,C:\Genrogram\data\expanded_raw\Hyperpop\Global\Hyperpop\debandayo_-_ODETARI_PLAYLIST.wav,38fefe2f5002f67ff022f5c2d5eb2894dc691985aa46a7bac9fd3b2ef32e0975,30.000000,included,
1584,Navrasa,Hyperpop,Hyperpop,11,Hyperpop\Global\Hyperpop\dera_-_FREE_Hyperpop_x_digicore_type_beat_loved.wav,C:\Genrogram\data\expanded_raw\Hyperpop\Global\Hyperpop\dera_-_FREE_Hyperpop_x_digicore_type_beat_loved.wav,8d3122a9aa21e86bed4498e2e478dfb5e629df08a80475094c416bc11e76c16a,30.000000,included,
1585,Navrasa,Hyperpop,Hyperpop,11,Hyperpop\Global\Hyperpop\dera_-_FREE_Hyperpop_x_digicore_x_kawaii_x_jersey_type_beat_Overcome.wav,C:\Genrogram\data\expanded_raw\Hyperpop\Global\Hyperpop\dera_-_FREE_Hyperpop_x_digicore_x_kawaii_x_jersey_type_beat_Overcome.wav,4a7257371d86d88c17381dddb535e3f845108f878af726845a8514c4b987576d,30.000000,included,
1586,Navrasa,Hyperpop,Hyperpop,11,Hyperpop\Global\Hyperpop\dxllitta_-_Charli_XCX_Good_Girls_XCX_World_unreleased.wav,C:\Genrogram\data\expanded_raw\Hyperpop\Global\Hyperpop\dxllitta_-_Charli_XCX_Good_Girls_XCX_World_unreleased.wav,3330cc0b1c2e13d6169e994f14d2b0b65c7a495dfdc4cdb30d5b9e39f5f63f0f,30.000000,included,
1587,Navrasa,Hyperpop,Hyperpop,11,Hyperpop\Global\Hyperpop\eze_-_cant_let_gang_know_i_fw_this_mix_feat_k_poprnb_ukg_jersey_club.wav,C:\Genrogram\data\expanded_raw\Hyperpop\Global\Hyperpop\eze_-_cant_let_gang_know_i_fw_this_mix_feat_k_poprnb_ukg_jersey_club.wav,2032cf7bb5f15dfa5af67a6eec6125ed4f8b2409aa342e6170c2d1303aa9e91c,30.000000,included,
1588,Navrasa,Hyperpop,Hyperpop,11,Hyperpop\Global\Hyperpop\eze_-_recession_pop_on_speed_garage.wav,C:\Genrogram\data\expanded_raw\Hyperpop\Global\Hyperpop\eze_-_recession_pop_on_speed_garage.wav,e65653e7c707b667e328e4069a3dcbdbef1765f70170e3f3b1c3b8bc45ad8cbb,30.000000,included,
1589,Navrasa,Hyperpop,Hyperpop,11,Hyperpop\Global\Hyperpop\eze_-_tweaking_tf_out_on_y2k_hyperpop_techno_trance.wav,C:\Genrogram\data\expanded_raw\Hyperpop\Global\Hyperpop\eze_-_tweaking_tf_out_on_y2k_hyperpop_techno_trance.wav,e6a881126e500fcbc46de46fa61f2c5c8d05a6a9f3b81ba0a37e097f4b6ba986,30.000000,included,
1590,Navrasa,Hyperpop,Hyperpop,11,Hyperpop\Global\Hyperpop\friganya_-_SOPHIE_VYZEE_MELODIC_PART_EXTENTED_EDIT.wav,C:\Genrogram\data\expanded_raw\Hyperpop\Global\Hyperpop\friganya_-_SOPHIE_VYZEE_MELODIC_PART_EXTENTED_EDIT.wav,7c7880ef18379ea3daab627034a8e6c46aac3b6b693c63504c7716356bf2ff23,30.000000,included,
1591,Navrasa,Hyperpop,Hyperpop,11,Hyperpop\Global\Hyperpop\kolji_-_free_hyperpop_x_glitchore_type_beat_starlight_prodby_Kolji.wav,C:\Genrogram\data\expanded_raw\Hyperpop\Global\Hyperpop\kolji_-_free_hyperpop_x_glitchore_type_beat_starlight_prodby_Kolji.wav,824b47b22602a71b99dfb3e87f3a102a7bc9416f61d2cf2e39d126b0083f20a5,15.042313,included,
1592,Navrasa,Hyperpop,Hyperpop,11,Hyperpop\Global\Hyperpop\kyoku_-_speed_songs_that_give_me_energy.wav,C:\Genrogram\data\expanded_raw\Hyperpop\Global\Hyperpop\kyoku_-_speed_songs_that_give_me_energy.wav,562c4ceb3db7be124af065bfe171c6421c98f84735a2e7791574e6e286512eb7,30.000000,included,
1593,Navrasa,Hyperpop,Hyperpop,11,Hyperpop\Global\Hyperpop\luvercy_-_free_playboi_carti_x_hyperpop_type_beati_only_wish_the_best_4uprodluvercy.wav,C:\Genrogram\data\expanded_raw\Hyperpop\Global\Hyperpop\luvercy_-_free_playboi_carti_x_hyperpop_type_beati_only_wish_the_best_4uprodluvercy.wav,89dc6332e88e39429955e3f1485f5dcecb15431f132706a47bb9c2e2e26522fd,30.000000,included,
1594,Navrasa,Hyperpop,Hyperpop,11,Hyperpop\Global\Hyperpop\m00n_emoji_-_FREE_Charli_XCX_x_SOPHIE_x_hyperpop_Type_Beat_Why_Do_I_Always_Leave_Pop_2025.wav,C:\Genrogram\data\expanded_raw\Hyperpop\Global\Hyperpop\m00n_emoji_-_FREE_Charli_XCX_x_SOPHIE_x_hyperpop_Type_Beat_Why_Do_I_Always_Leave_Pop_2025.wav,1da1cc8cd8dab1bb609c10fb756610f8a6018a6813758a58408d8af3454616df,30.000000,included,
1595,Navrasa,Hyperpop,Hyperpop,11,Hyperpop\Global\Hyperpop\masen_-_starry_breakcore_mix.wav,C:\Genrogram\data\expanded_raw\Hyperpop\Global\Hyperpop\masen_-_starry_breakcore_mix.wav,ced16ed2d6dbf60d1e04489a59d58b119919a0a373e5bffe3de6c10b62150fb8,30.000000,included,
1596,Navrasa,Hyperpop,Hyperpop,11,Hyperpop\Global\Hyperpop\niklala_-_Top_30_best_hyperpop_songs_of_all_time.wav,C:\Genrogram\data\expanded_raw\Hyperpop\Global\Hyperpop\niklala_-_Top_30_best_hyperpop_songs_of_all_time.wav,e02d5a7f1b43a8ae843cd2b63ea5fa9782a3464e86fc7711bf0a6aa333d8bede,30.000000,included,
1597,Navrasa,Hyperpop,Hyperpop,11,Hyperpop\Global\Hyperpop\nomu_-_rush.wav,C:\Genrogram\data\expanded_raw\Hyperpop\Global\Hyperpop\nomu_-_rush.wav,99e9eb6a47e61c56640aad733d1d3905d0ad6625dd3ad314f0c5962294f0c30d,22.310159,included,
1598,Navrasa,Hyperpop,Hyperpop,11,Hyperpop\Global\Hyperpop\orDor_-_orDor_Unbridled_Wave_Your_Anthem_of_Night_Euphoria_Powerful_Dance_Pop_Hyperpop_ordor_music.wav,C:\Genrogram\data\expanded_raw\Hyperpop\Global\Hyperpop\orDor_-_orDor_Unbridled_Wave_Your_Anthem_of_Night_Euphoria_Powerful_Dance_Pop_Hyperpop_ordor_music.wav,c6cf5d24cdbc616178aaf263bac8632cf26ddc90cda7ded5e3c98d209ad12b7e,30.000000,included,
1599,Navrasa,Hyperpop,Hyperpop,11,Hyperpop\Global\Hyperpop\powafx_-_bass_boosted_music_for_when_you_are_energy_loaded_hyperpop_playlist_1.wav,C:\Genrogram\data\expanded_raw\Hyperpop\Global\Hyperpop\powafx_-_bass_boosted_music_for_when_you_are_energy_loaded_hyperpop_playlist_1.wav,6b3e2c431ed425ddf6b0676ce24181fa0ba42b8df3e23a64e4f3cd0fc1e013d8,30.000000,included,
1600,Navrasa,Hyperpop,Hyperpop,11,Hyperpop\Global\Hyperpop\pyne_-_BEST_HYPERPOP_SONGS_OF_2022_PART_2.wav,C:\Genrogram\data\expanded_raw\Hyperpop\Global\Hyperpop\pyne_-_BEST_HYPERPOP_SONGS_OF_2022_PART_2.wav,3e0bec29d0366d4e62650da2df640f0685e66ea671d3e7f922d6593cc4e3cfba,30.000000,included,
1601,Navrasa,Hyperpop,Hyperpop,11,Hyperpop\Global\Hyperpop\pyne_-_BEST_HYPERPOP_SONGS_of_2022_so_far.wav,C:\Genrogram\data\expanded_raw\Hyperpop\Global\Hyperpop\pyne_-_BEST_HYPERPOP_SONGS_of_2022_so_far.wav,9ccdfaf926e857e37c2f60c3c3d48ca951547895dad0b33c49da12a6dc1dc37e,30.000000,included,
1602,Navrasa,Hyperpop,Hyperpop,11,Hyperpop\Global\Hyperpop\pyne_-_BEST_HYPERPOP_SONGS_of_ALL_TIME.wav,C:\Genrogram\data\expanded_raw\Hyperpop\Global\Hyperpop\pyne_-_BEST_HYPERPOP_SONGS_of_ALL_TIME.wav,04e6e30e007224fdef0fee39bafc6d90d926ee876732375dc43b321c78016d71,30.000000,included,
1603,Navrasa,Hyperpop,Hyperpop,11,Hyperpop\Global\Hyperpop\pyne_-_BEST_HYPERPOP_SONGS_of_ALL_TIME_PART_3.wav,C:\Genrogram\data\expanded_raw\Hyperpop\Global\Hyperpop\pyne_-_BEST_HYPERPOP_SONGS_of_ALL_TIME_PART_3.wav,37092a7fe601b5e96e17698ba620ae14af4eb7c75a295b805ea620855bc87b3a,30.000000,included,
1604,Navrasa,Hyperpop,Hyperpop,11,Hyperpop\Global\Hyperpop\raincloud_-_202021_alt_tiktok_songs_for_a_blast_from_the_past.wav,C:\Genrogram\data\expanded_raw\Hyperpop\Global\Hyperpop\raincloud_-_202021_alt_tiktok_songs_for_a_blast_from_the_past.wav,9e78f6725d7f25d5b890d38d51575c42aadd78a73322a2fc0ec48543676b767a,30.000000,included,
1605,Navrasa,Hyperpop,Hyperpop,11,Hyperpop\Global\Hyperpop\reserchist_madi_-_Top_10_Electronicore_Kpop_Nintendocore_RB_Soul_Hyperpop_Electropop_Bands_Artist_Breakdown_Vol_1.wav,C:\Genrogram\data\expanded_raw\Hyperpop\Global\Hyperpop\reserchist_madi_-_Top_10_Electronicore_Kpop_Nintendocore_RB_Soul_Hyperpop_Electropop_Bands_Artist_Breakdown_Vol_1.wav,0e0a1ae7f128c49ef5742cc65f51d5b448c219c1b3ba11aa667b58614ac6a060,30.000000,included,
1606,Navrasa,Hyperpop,Hyperpop,11,Hyperpop\Global\Hyperpop\rewnstickq_-_free_for_profit_hyperpop_rewnstickq_type_beat_dream_lag.wav,C:\Genrogram\data\expanded_raw\Hyperpop\Global\Hyperpop\rewnstickq_-_free_for_profit_hyperpop_rewnstickq_type_beat_dream_lag.wav,9e064decbceac2781126492de2ec4fbb8745bad431197011fd24078a2c113ced,30.000000,included,
1607,Navrasa,Hyperpop,Hyperpop,11,Hyperpop\Global\Hyperpop\rozaine_-_freshmen_girlfriend_progamerboy6snot_official_remix.wav,C:\Genrogram\data\expanded_raw\Hyperpop\Global\Hyperpop\rozaine_-_freshmen_girlfriend_progamerboy6snot_official_remix.wav,15056108ab3d166a37ceb1b8edf330cd136da679a9c7d474f1f2b28501b0d8d8,30.000000,included,
1608,Navrasa,Hyperpop,Hyperpop,11,Hyperpop\Global\Hyperpop\sad_chll_-_best_of_hyperpop.wav,C:\Genrogram\data\expanded_raw\Hyperpop\Global\Hyperpop\sad_chll_-_best_of_hyperpop.wav,c06a2b1670c3de8b8f0909b5a6e6c89849dee4acf1f02501ddded96e4e0495dd,30.000000,included,
1609,Navrasa,Hyperpop,Hyperpop,11,Hyperpop\Global\Hyperpop\sazuken_-_BLACK_HEART_w_syxtenXIV_out_on_all_platforms_odetari_hyperpop_music.wav,C:\Genrogram\data\expanded_raw\Hyperpop\Global\Hyperpop\sazuken_-_BLACK_HEART_w_syxtenXIV_out_on_all_platforms_odetari_hyperpop_music.wav,04cc03eefb1a54aa00dbaf8f75083dccb0ee3666943d3a65ee4156c355c320f1,30.000000,included,
1610,Navrasa,Hyperpop,Hyperpop,11,Hyperpop\Global\Hyperpop\sheepy_-_FREE_Rage_x_Hyperpop_Type_Beat_No_Sleep_prod_sheepy_x_squirl_beats_x_yukkayo.wav,C:\Genrogram\data\expanded_raw\Hyperpop\Global\Hyperpop\sheepy_-_FREE_Rage_x_Hyperpop_Type_Beat_No_Sleep_prod_sheepy_x_squirl_beats_x_yukkayo.wav,5522db5ddde77ede500d3b173d8107d58a1a3df8cb2982162280c0e67ae9189a,30.000000,included,
1611,Navrasa,Hyperpop,Hyperpop,11,Hyperpop\Global\Hyperpop\sheepy_-_FREE_hyperpop_x_glitchcore_x_d0llywood1_type_beat_2D_game_prodsheepy_kid.wav,C:\Genrogram\data\expanded_raw\Hyperpop\Global\Hyperpop\sheepy_-_FREE_hyperpop_x_glitchcore_x_d0llywood1_type_beat_2D_game_prodsheepy_kid.wav,9e6e43ef7226db2d3e23e66cd31f82a3e6b8459e0da9f1406b90f90202d7e735,30.000000,included,
1612,Navrasa,Hyperpop,Hyperpop,11,Hyperpop\Global\Hyperpop\sheepy_-_FREE_hyperpop_x_miss_the_rage_type_beat_2_da_moon_prodsheepy_kid_goddamnbeats.wav,C:\Genrogram\data\expanded_raw\Hyperpop\Global\Hyperpop\sheepy_-_FREE_hyperpop_x_miss_the_rage_type_beat_2_da_moon_prodsheepy_kid_goddamnbeats.wav,d175c6bafe0ab01961edff23643ce1a366d7283d2d6e1073b4a2d9a5d5562c76,30.000000,included,
1613,Navrasa,Hyperpop,Hyperpop,11,Hyperpop\Global\Hyperpop\siem_spark_-_FREE_FOR_PROFIT_Glaive_x_Ericdoa_Hyperpop_Type_Beat_popular.wav,C:\Genrogram\data\expanded_raw\Hyperpop\Global\Hyperpop\siem_spark_-_FREE_FOR_PROFIT_Glaive_x_Ericdoa_Hyperpop_Type_Beat_popular.wav,d68154b87ffe11cbee728af1ece9007eac18bdc8e6b1b5f725ba592bfb184d0e,30.000000,included,
1614,Navrasa,Hyperpop,Hyperpop,11,Hyperpop\Global\Hyperpop\siem_spark_-_FREE_FOR_PROFIT_Hyperpop_x_Pop_Type_Beat_droid.wav,C:\Genrogram\data\expanded_raw\Hyperpop\Global\Hyperpop\siem_spark_-_FREE_FOR_PROFIT_Hyperpop_x_Pop_Type_Beat_droid.wav,d7e892a3dd71250366c0c2f5582af70a0448bb999c01afd1c165be9dc573426b,30.000000,included,
1615,Navrasa,Hyperpop,Hyperpop,11,Hyperpop\Global\Hyperpop\siem_spark_-_FREE_FOR_PROFIT_Hyperpop_x_Pop_Type_Beat_harvest.wav,C:\Genrogram\data\expanded_raw\Hyperpop\Global\Hyperpop\siem_spark_-_FREE_FOR_PROFIT_Hyperpop_x_Pop_Type_Beat_harvest.wav,6af3dd25d501799df5431d3727666b71e2fe04f8ca42788d03818ef2f63501f9,30.000000,included,
1616,Navrasa,Hyperpop,Hyperpop,11,Hyperpop\Global\Hyperpop\siem_spark_-_FREE_FOR_PROFIT_Hyperpop_x_Pop_Type_Beat_interest.wav,C:\Genrogram\data\expanded_raw\Hyperpop\Global\Hyperpop\siem_spark_-_FREE_FOR_PROFIT_Hyperpop_x_Pop_Type_Beat_interest.wav,8b65af43d9077761377cf24774161567f900c83ce5eae003f68f268e94cfc181,30.000000,included,
1617,Navrasa,Hyperpop,Hyperpop,11,Hyperpop\Global\Hyperpop\siem_spark_-_FREE_FOR_PROFIT_Hyperpop_x_Pop_Type_Beat_ipod.wav,C:\Genrogram\data\expanded_raw\Hyperpop\Global\Hyperpop\siem_spark_-_FREE_FOR_PROFIT_Hyperpop_x_Pop_Type_Beat_ipod.wav,c5e2277806d9e01297aa9a6e77e6bf35ccf0c4502b5e2c4716bd72fc8433e785,30.000000,included,
1618,Navrasa,Hyperpop,Hyperpop,11,Hyperpop\Global\Hyperpop\siem_spark_-_FREE_FOR_PROFIT_Hyperpop_x_Pop_Type_Beat_twin.wav,C:\Genrogram\data\expanded_raw\Hyperpop\Global\Hyperpop\siem_spark_-_FREE_FOR_PROFIT_Hyperpop_x_Pop_Type_Beat_twin.wav,8b4b0cb2ea0668cb5f856ebb53ffe209908408d64bd5701c6358286e7318299c,30.000000,included,
1619,Navrasa,Hyperpop,Hyperpop,11,Hyperpop\Global\Hyperpop\sping_tap_-_jerk_it_for_kirk_hyperpop_music_video.wav,C:\Genrogram\data\expanded_raw\Hyperpop\Global\Hyperpop\sping_tap_-_jerk_it_for_kirk_hyperpop_music_video.wav,faec3175d6dd3d9c2c3af9f0978db0727d0bf78fb3e6f4d004d9a91b95416b6e,30.000000,included,
1620,Navrasa,Hyperpop,Hyperpop,11,Hyperpop\Global\Hyperpop\sssaraphene_-_Keha_Die_Young_Sssaraphene_Hyperpop_remix.wav,C:\Genrogram\data\expanded_raw\Hyperpop\Global\Hyperpop\sssaraphene_-_Keha_Die_Young_Sssaraphene_Hyperpop_remix.wav,e927f6545a0d07e6ce2dd0489818081c2211be6239f03a8acc12ffd6b99b454f,28.985896,included,
1621,Navrasa,Hyperpop,Hyperpop,11,Hyperpop\Global\Hyperpop\stxlkin_-_so_bitter.wav,C:\Genrogram\data\expanded_raw\Hyperpop\Global\Hyperpop\stxlkin_-_so_bitter.wav,95202d6a07ec28e3d4bbd9fccb334d858a6a2b77c9ab99662151c7e7a4764494,30.000000,included,
1622,Navrasa,I-Pop,I-Pop,18,I-Pop\India\I-Pop\2_Chainz_-_Pop_Music_feat_BeatKing_Moneybagg_Yo.wav,C:\Genrogram\data\expanded_raw\I-Pop\India\I-Pop\2_Chainz_-_Pop_Music_feat_BeatKing_Moneybagg_Yo.wav,78f6223ff5df3687f478097e0acce888d67dfac571e266182a385a74c33ae946,30.000000,included,
1623,Navrasa,I-Pop,I-Pop,18,I-Pop\India\I-Pop\3NT_Productions_Official_-_Blind_Fury_I_Pop_Beans_Freestyle_Deleted_after_7_million_views.wav,C:\Genrogram\data\expanded_raw\I-Pop\India\I-Pop\3NT_Productions_Official_-_Blind_Fury_I_Pop_Beans_Freestyle_Deleted_after_7_million_views.wav,9c53759acb25acc76badc5638fab6b4065f6a3973284f13c5bfef3f910242522,5.986531,included,
1624,Navrasa,I-Pop,I-Pop,18,I-Pop\India\I-Pop\Abhijay_Sharma_-_O_Soneya.wav,C:\Genrogram\data\expanded_raw\I-Pop\India\I-Pop\Abhijay_Sharma_-_O_Soneya.wav,101b6c83a6427ce720f295ec013d954ce32dd5e418396777d24c3cfc09f443f1,30.000000,included,
1625,Navrasa,I-Pop,I-Pop,18,I-Pop\India\I-Pop\Abhijay_Sharma_-_Sadiyan.wav,C:\Genrogram\data\expanded_raw\I-Pop\India\I-Pop\Abhijay_Sharma_-_Sadiyan.wav,7b78946256fe715d7731086d4646abab88d74b297146aba04390d986d6d6f6fc,30.000000,included,
1626,Navrasa,I-Pop,I-Pop,18,I-Pop\India\I-Pop\Abhijay_Sharma_-_Zakhm_I_Popstar_Vol_1.wav,C:\Genrogram\data\expanded_raw\I-Pop\India\I-Pop\Abhijay_Sharma_-_Zakhm_I_Popstar_Vol_1.wav,18e0beaf6e3e4b69f9bf70d58bf1fc81f8391a81c277a1230385a006f4cce496,30.000000,included,
1627,Navrasa,I-Pop,I-Pop,18,I-Pop\India\I-Pop\Alejandro_Barrera_Dj_-_80s_Mix_I_Pop_Rock_Queen_Baltimora_Rick_Astley_Michael_Jackson_Pet_Shop_Boys_etc.wav,C:\Genrogram\data\expanded_raw\I-Pop\India\I-Pop\Alejandro_Barrera_Dj_-_80s_Mix_I_Pop_Rock_Queen_Baltimora_Rick_Astley_Michael_Jackson_Pet_Shop_Boys_etc.wav,87bd8e43317af44fac75234d711d9318132bf16939b66fc8e245af6194a9c034,30.000000,included,
1628,Navrasa,I-Pop,I-Pop,18,I-Pop\India\I-Pop\Amazon_MX_Player_-_KING_Ne_Finale_Mein_Kamaal_Kar_Diya_I_Popstar_Amazon_MX_Player.wav,C:\Genrogram\data\expanded_raw\I-Pop\India\I-Pop\Amazon_MX_Player_-_KING_Ne_Finale_Mein_Kamaal_Kar_Diya_I_Popstar_Amazon_MX_Player.wav,998cb6c6dd4664f7968f045c5daad4cc4bf60e24be9869c18f87d12b2ffe5bb8,30.000000,included,
1629,Navrasa,I-Pop,I-Pop,18,I-Pop\India\I-Pop\Amazon_MX_Player_-_Magical_Paro_Song_Duet_with_Aditya_Rikhari_Radhika_Bhide_I_Popstar_Amazon_MX_Player.wav,C:\Genrogram\data\expanded_raw\I-Pop\India\I-Pop\Amazon_MX_Player_-_Magical_Paro_Song_Duet_with_Aditya_Rikhari_Radhika_Bhide_I_Popstar_Amazon_MX_Player.wav,700f5a0d87a9175d13a3d014ced1d4e2864a549a44a78f1f4ca62a6d2ee56c0d,30.000000,included,
1630,Navrasa,I-Pop,I-Pop,18,I-Pop\India\I-Pop\Andrew_Magnata_-_MIX_DE_POP_RECORDAR_ANOS_70_80_90_S_SUCESSO_35_MINUTOS_DE_MUITAS_NOSTALGIA.wav,C:\Genrogram\data\expanded_raw\I-Pop\India\I-Pop\Andrew_Magnata_-_MIX_DE_POP_RECORDAR_ANOS_70_80_90_S_SUCESSO_35_MINUTOS_DE_MUITAS_NOSTALGIA.wav,16af88d43680cb3ad01f54120c85cf7a6e0b43cf8f3359a0912551738399b536,30.000000,included,
1631,Navrasa,I-Pop,I-Pop,18,I-Pop\India\I-Pop\Aryan_Chittala_Vlogs_-_SPOTIFY_I_POP_ICONS_2025_spotifyindia91.wav,C:\Genrogram\data\expanded_raw\I-Pop\India\I-Pop\Aryan_Chittala_Vlogs_-_SPOTIFY_I_POP_ICONS_2025_spotifyindia91.wav,3d54e8eaff7d3259494fb879917d42fcb107e9fe5f981210c9e38af065225bac,30.000000,included,
1632,Navrasa,I-Pop,I-Pop,18,I-Pop\India\I-Pop\BAK_Jay_-_Pop_Shii.wav,C:\Genrogram\data\expanded_raw\I-Pop\India\I-Pop\BAK_Jay_-_Pop_Shii.wav,9392c31b99a21e95843eb636edf9b86a5bd632a17320ea48bde9f94af76a7521,30.000000,included,
1633,Navrasa,I-Pop,I-Pop,18,I-Pop\India\I-Pop\Blissful_Mind_-_M_Pop_Muzik_Lyrics.wav,C:\Genrogram\data\expanded_raw\I-Pop\India\I-Pop\Blissful_Mind_-_M_Pop_Muzik_Lyrics.wav,3f3310bb91f0707ffa4fd8a9b20ef9f1484204db6ce7486e7d9696ebdc4ea2a6,30.000000,included,
1634,Navrasa,I-Pop,I-Pop,18,I-Pop\India\I-Pop\Brand_New_-_Yo_Gotti_ft_Est_Gee_Pop_My_Shit_Music_Video.wav,C:\Genrogram\data\expanded_raw\I-Pop\India\I-Pop\Brand_New_-_Yo_Gotti_ft_Est_Gee_Pop_My_Shit_Music_Video.wav,332b7b1a42ca8b5b6fd156999e804286be4d392999f7f24de9f325aaea02b2bf,30.000000,included,
1635,Navrasa,I-Pop,I-Pop,18,I-Pop\India\I-Pop\Charan_-_First_Love.wav,C:\Genrogram\data\expanded_raw\I-Pop\India\I-Pop\Charan_-_First_Love.wav,fdabe248db5777eaabf615c6e22a3ea3a02d150a27fd4bd52fee4ae7bd3db347,30.000000,included,
1636,Navrasa,I-Pop,I-Pop,18,I-Pop\India\I-Pop\Charan_-_Mann_Barse.wav,C:\Genrogram\data\expanded_raw\I-Pop\India\I-Pop\Charan_-_Mann_Barse.wav,0002b91e49a2727bc2f1a5cab45c09a87669e44ae867a4c721167127303c413b,30.000000,included,
1637,Navrasa,I-Pop,I-Pop,18,I-Pop\India\I-Pop\Charan_-_Pyaar_Ni_Labda_I_Popstar_Vol_1.wav,C:\Genrogram\data\expanded_raw\I-Pop\India\I-Pop\Charan_-_Pyaar_Ni_Labda_I_Popstar_Vol_1.wav,71cf7810a0e5636123f85450a16d955d81f05363a8f90f50ee74375d24bf5947,30.000000,included,
1638,Navrasa,I-Pop,I-Pop,18,I-Pop\India\I-Pop\Charan_-_Sitaare_Top_6_Song_I_Popstar_Vol_1_feat_Rishabh_Panchal_Rohit_Raut_Radhika_Bhide.wav,C:\Genrogram\data\expanded_raw\I-Pop\India\I-Pop\Charan_-_Sitaare_Top_6_Song_I_Popstar_Vol_1_feat_Rishabh_Panchal_Rohit_Raut_Radhika_Bhide.wav,ec373877ee845daf46635bbb14ef8b56b35509b8e7251dca83816f585b985956,30.000000,included,
1639,Navrasa,I-Pop,I-Pop,18,I-Pop\India\I-Pop\Chill_Travel_-_Welcome_2026_Make_you_feel_positive_and_peaceful_Best_IndiePopFolkAcoustic_Playlist.wav,C:\Genrogram\data\expanded_raw\I-Pop\India\I-Pop\Chill_Travel_-_Welcome_2026_Make_you_feel_positive_and_peaceful_Best_IndiePopFolkAcoustic_Playlist.wav,889742622a57443d34a8327b68987d46599ce8f52d61aedb0f7fb42657c959c4,30.000000,included,
1640,Navrasa,I-Pop,I-Pop,18,I-Pop\India\I-Pop\Chris_Delluomo_-_I_POP_I_DRANkmov.wav,C:\Genrogram\data\expanded_raw\I-Pop\India\I-Pop\Chris_Delluomo_-_I_POP_I_DRANkmov.wav,ebc2935d6aff8c7a50cb9601bb5c168824a28f61819b13473bc7e18e4d851d5f,30.000000,included,
1641,Navrasa,I-Pop,I-Pop,18,I-Pop\India\I-Pop\DJ_ANDRES_CRUZ_-_Remix_2025_I_Remixes_of_Popular_Songs_I_Pop_Music_Nu_Disco_Part_02.wav,C:\Genrogram\data\expanded_raw\I-Pop\India\I-Pop\DJ_ANDRES_CRUZ_-_Remix_2025_I_Remixes_of_Popular_Songs_I_Pop_Music_Nu_Disco_Part_02.wav,47f663091bc75221c0f851e5db2ebc5d0c1609f59d158165a5d48099df98d7d8,30.000000,included,
1642,Navrasa,I-Pop,I-Pop,18,I-Pop\India\I-Pop\DJ_MAXIMO_-_80s_Mix_I_Pop_Dance_Duran_Duran_Madonna_Rick_Astley_Michael_Jackson_Alphaville_etc.wav,C:\Genrogram\data\expanded_raw\I-Pop\India\I-Pop\DJ_MAXIMO_-_80s_Mix_I_Pop_Dance_Duran_Duran_Madonna_Rick_Astley_Michael_Jackson_Alphaville_etc.wav,b96afc9f109a898b03869566fa105f383b5a42b2afa3dac36b4d018928b0ae38,30.000000,included,
1643,Navrasa,I-Pop,I-Pop,18,I-Pop\India\I-Pop\DJ_Mathon_Official_-_Top_Pop_Hits_2025_Trending_Songs_2026_Music_2025_New_Songs_Spotify_Viral_Songs_Live_DJ_Mix.wav,C:\Genrogram\data\expanded_raw\I-Pop\India\I-Pop\DJ_Mathon_Official_-_Top_Pop_Hits_2025_Trending_Songs_2026_Music_2025_New_Songs_Spotify_Viral_Songs_Live_DJ_Mix.wav,23b8983bedf89405fd7c791dee929ba7f8e80462b74f78f18baf3cde2b2a791a,30.000000,included,
1644,Navrasa,I-Pop,I-Pop,18,I-Pop\India\I-Pop\DJ_Rita_Hong_-_Dance_Pop_Mix_1_Pop_Dance_Upbeat_Pop_Mix_by_Rita_Hong.wav,C:\Genrogram\data\expanded_raw\I-Pop\India\I-Pop\DJ_Rita_Hong_-_Dance_Pop_Mix_1_Pop_Dance_Upbeat_Pop_Mix_by_Rita_Hong.wav,ad2f0947453584b666ba61eab8a5026e2ab897e9ea8e5cf19426711aecad67a3,30.000000,included,
1645,Navrasa,I-Pop,I-Pop,18,I-Pop\India\I-Pop\DJ_TARUN_-_DJ_2026_Remixes_Mashups_of_Popular_Songs_2025_DJ_Remix_Club_Music_Disco_DJ_Mix_2025.wav,C:\Genrogram\data\expanded_raw\I-Pop\India\I-Pop\DJ_TARUN_-_DJ_2026_Remixes_Mashups_of_Popular_Songs_2025_DJ_Remix_Club_Music_Disco_DJ_Mix_2025.wav,ef4bd5cdb7e853cc47756a176dd54f51f3b997624f0a61b062b9ddd89ba533c9,30.000000,included,
1646,Navrasa,I-Pop,I-Pop,18,I-Pop\India\I-Pop\DSB_APNA_MUSIC_ADDA_-_Ab_to_Tera_intezar_hi_nahin_Hai_hindi_pop_Mumbai_video_full_song_maan_panu_i_popstar.wav,C:\Genrogram\data\expanded_raw\I-Pop\India\I-Pop\DSB_APNA_MUSIC_ADDA_-_Ab_to_Tera_intezar_hi_nahin_Hai_hindi_pop_Mumbai_video_full_song_maan_panu_i_popstar.wav,d1439190309b95a5242fc88bb2c8aa133f9f1109dca6f2a391704ede6b471b43,30.000000,included,
1647,Navrasa,I-Pop,I-Pop,18,I-Pop\India\I-Pop\Disha_thakur_-_Banjari_Anurag_Shrivastava_I_pop_star_song_ipopstar.wav,C:\Genrogram\data\expanded_raw\I-Pop\India\I-Pop\Disha_thakur_-_Banjari_Anurag_Shrivastava_I_pop_star_song_ipopstar.wav,12333f73b6e43d04eda71a921ee71c656954ccfb92ade6561a1f6be708d6a194,30.000000,included,
1648,Navrasa,I-Pop,I-Pop,18,I-Pop\India\I-Pop\Dj_GG_-_Family_Soda_Pop_Song_Kpop_Demon_Hunters.wav,C:\Genrogram\data\expanded_raw\I-Pop\India\I-Pop\Dj_GG_-_Family_Soda_Pop_Song_Kpop_Demon_Hunters.wav,f4188ba95e856d8a198cb6228fbde0d5be4569d65c141ac751bd26597891ff68,30.000000,included,
1649,Navrasa,I-Pop,I-Pop,18,I-Pop\India\I-Pop\Dj_Shiv_Chauhan_-_Pop_Mashup_2024_Dj_Shiv_Chauhan_Best_Of_Hollywood_Bollywood_Songs_Pop_Party_Mashup_Mix.wav,C:\Genrogram\data\expanded_raw\I-Pop\India\I-Pop\Dj_Shiv_Chauhan_-_Pop_Mashup_2024_Dj_Shiv_Chauhan_Best_Of_Hollywood_Bollywood_Songs_Pop_Party_Mashup_Mix.wav,52326d60e7608509203648d904e6e1f2ca5a06737892d7fb429a059d7e7e15cb,30.000000,included,
1650,Navrasa,I-Pop,I-Pop,18,I-Pop\India\I-Pop\ENCHANTING_BLISS_-_BollywoodK_pop_playlist_to_vibe_on_requested_audio_edit_kpop_desi_TIMESTAMPS.wav,C:\Genrogram\data\expanded_raw\I-Pop\India\I-Pop\ENCHANTING_BLISS_-_BollywoodK_pop_playlist_to_vibe_on_requested_audio_edit_kpop_desi_TIMESTAMPS.wav,58e30d1bdbb1c6847bcf7a0a0d49ec2b4afd2896d48d8c734972779d1fc99a1b,30.000000,included,
1651,Navrasa,I-Pop,I-Pop,18,I-Pop\India\I-Pop\Fifth_Harmony_-_Work_from_Home_Official_Video_feat_Ty_Dolla_ign.wav,C:\Genrogram\data\expanded_raw\I-Pop\India\I-Pop\Fifth_Harmony_-_Work_from_Home_Official_Video_feat_Ty_Dolla_ign.wav,5f5a492b7741ea0ed016fb82fd68536265a9851f689b18a2e0908b8f0913b61b,30.000000,included,
1652,Navrasa,I-Pop,I-Pop,18,I-Pop\India\I-Pop\Glow_Harmony_-_Best_100_Cruisin_Love_Songs_80s_90s_CollectionSentimental_Cruisin_Love_SongsLove_Songs_Medley.wav,C:\Genrogram\data\expanded_raw\I-Pop\India\I-Pop\Glow_Harmony_-_Best_100_Cruisin_Love_Songs_80s_90s_CollectionSentimental_Cruisin_Love_SongsLove_Songs_Medley.wav,e74a1fe1c55f58f8214261c83ef1bc3011d38d428b654620053ba8df24535152,30.000000,included,
1653,Navrasa,I-Pop,I-Pop,18,I-Pop\India\I-Pop\I_POPSTAR_-_Ye_hua_na_Original_PopmusicPopstar_Watch_Ipopstar_now_on_amazonmxplayer_abcopynahibasoriginal.wav,C:\Genrogram\data\expanded_raw\I-Pop\India\I-Pop\I_POPSTAR_-_Ye_hua_na_Original_PopmusicPopstar_Watch_Ipopstar_now_on_amazonmxplayer_abcopynahibasoriginal.wav,3ee9fd3c93b027118d6617e8c7ac64c2674a648506d14d05a6858e9750b23b9e,6.369660,included,
1654,Navrasa,I-Pop,I-Pop,18,I-Pop\India\I-Pop\Icona_Pop_-_I_Love_It_clean_feat_Charli_xcx.wav,C:\Genrogram\data\expanded_raw\I-Pop\India\I-Pop\Icona_Pop_-_I_Love_It_clean_feat_Charli_xcx.wav,ca87a34fc6b87334314dd649a8c6fc9f0c43f77f25b274ad5761aae57e028030,30.000000,included,
1655,Navrasa,I-Pop,I-Pop,18,I-Pop\India\I-Pop\Iggy_Pop_-_Candy.wav,C:\Genrogram\data\expanded_raw\I-Pop\India\I-Pop\Iggy_Pop_-_Candy.wav,5a18fd6666cb123f314bfaa6cbb54b049c2e52d681291c4adccc97fae0bc2f38,30.000000,included,
1656,Navrasa,I-Pop,I-Pop,18,I-Pop\India\I-Pop\Iggy_Pop_-_Passenger_Live_at_the_Royal_Albert_Hall.wav,C:\Genrogram\data\expanded_raw\I-Pop\India\I-Pop\Iggy_Pop_-_Passenger_Live_at_the_Royal_Albert_Hall.wav,b8b7602f23d3f84515db20a8f2ecf00b0d4a7426f6b0e78ce4272db5ac2900f1,30.000000,included,
1657,Navrasa,I-Pop,I-Pop,18,I-Pop\India\I-Pop\Iggy_Pop_-_The_Passenger.wav,C:\Genrogram\data\expanded_raw\I-Pop\India\I-Pop\Iggy_Pop_-_The_Passenger.wav,157d177ae1d4c931e5a1946ad681a57ca92a83e8f4ea9d9114855f2c731d9ae6,30.000000,included,
1658,Navrasa,I-Pop,I-Pop,18,I-Pop\India\I-Pop\Inderjeet_Singh_-_Khayaal_Na_Aaya.wav,C:\Genrogram\data\expanded_raw\I-Pop\India\I-Pop\Inderjeet_Singh_-_Khayaal_Na_Aaya.wav,6030bdc8edbfef03946c6abc633e9bc9341e4e084dff112b7b9fdb93cc48b815,30.000000,included,
1659,Navrasa,I-Pop,I-Pop,18,I-Pop\India\I-Pop\Inderjeet_Singh_-_Mere_Shankar.wav,C:\Genrogram\data\expanded_raw\I-Pop\India\I-Pop\Inderjeet_Singh_-_Mere_Shankar.wav,dc9733916c66f0c8e412ca08fbcad331e824a7c5e5142433ba5c70a46b68a124,30.000000,included,
1660,Navrasa,I-Pop,I-Pop,18,I-Pop\India\I-Pop\Inderjeet_Singh_-_Tera_Rehn_De_I_Popstar_Vol_1.wav,C:\Genrogram\data\expanded_raw\I-Pop\India\I-Pop\Inderjeet_Singh_-_Tera_Rehn_De_I_Popstar_Vol_1.wav,3cbdd920392f9dbb414a91a0ebacc98383662d7926ddd0690b20e15bdf7145ef,30.000000,included,
1661,Navrasa,I-Pop,I-Pop,18,I-Pop\India\I-Pop\Jaya_Rohilla_-_Eye_Contact_I_Popstar_Vol_1.wav,C:\Genrogram\data\expanded_raw\I-Pop\India\I-Pop\Jaya_Rohilla_-_Eye_Contact_I_Popstar_Vol_1.wav,d5798eba812dd37d7e65a36fd5db345c07d1d8d6fd470c17da0eb3eee7b5c650,30.000000,included,
1662,Navrasa,I-Pop,I-Pop,18,I-Pop\India\I-Pop\Jaya_Rohilla_-_Keher.wav,C:\Genrogram\data\expanded_raw\I-Pop\India\I-Pop\Jaya_Rohilla_-_Keher.wav,4c4c18380ddbd7d25cabc9af8a01c23d98cbe5b63307e19e273c2d4002761575,30.000000,included,
1663,Navrasa,I-Pop,I-Pop,18,I-Pop\India\I-Pop\Jaya_Rohilla_-_Nanand_Ka_Bhai.wav,C:\Genrogram\data\expanded_raw\I-Pop\India\I-Pop\Jaya_Rohilla_-_Nanand_Ka_Bhai.wav,26fe2c85f4837fce1c6d86b0cce5505eb1a537fcca8a1277aefdc8c191b66007,30.000000,included,
1664,Navrasa,I-Pop,I-Pop,18,I-Pop\India\I-Pop\Jaya_Rohilla_-_Thande_Pahadon_Mein_I_Popstar_Vol_1.wav,C:\Genrogram\data\expanded_raw\I-Pop\India\I-Pop\Jaya_Rohilla_-_Thande_Pahadon_Mein_I_Popstar_Vol_1.wav,d18108ccc1693d83835e14fc68cc1c52a8fe2787655b9abc69dd34300b61dfd4,30.000000,included,
1665,Navrasa,I-Pop,I-Pop,18,I-Pop\India\I-Pop\Jocelin_Francis_Willshaw_-_Althea_and_Donna_Uptown_Top_Ranking.wav,C:\Genrogram\data\expanded_raw\I-Pop\India\I-Pop\Jocelin_Francis_Willshaw_-_Althea_and_Donna_Uptown_Top_Ranking.wav,66f890c3168fbed98a95455e8464ee5109510793cd6a3ea5e04d42fe39bd3c89,30.000000,included,
1666,Navrasa,I-Pop,I-Pop,18,I-Pop\India\I-Pop\Karan_Aujla_-_P_POP_CULTURE.wav,C:\Genrogram\data\expanded_raw\I-Pop\India\I-Pop\Karan_Aujla_-_P_POP_CULTURE.wav,3472154baab0739e916a715366c7228cb26debba6a3830e336779c22b54fc4f9,30.000000,included,
1667,Navrasa,I-Pop,I-Pop,18,I-Pop\India\I-Pop\King_P_-_EPop.wav,C:\Genrogram\data\expanded_raw\I-Pop\India\I-Pop\King_P_-_EPop.wav,088cc6e193e2156d320e28248df957bfebc3ae392973f0ad1622f042aaa1f925,30.000000,included,
1668,Navrasa,I-Pop,I-Pop,18,I-Pop\India\I-Pop\League_of_Legends_-_KDA_POPSTARS_ft_Madison_Beer_GI_DLE_Jaira_Burns_Music_Video_League_of_Legends.wav,C:\Genrogram\data\expanded_raw\I-Pop\India\I-Pop\League_of_Legends_-_KDA_POPSTARS_ft_Madison_Beer_GI_DLE_Jaira_Burns_Music_Video_League_of_Legends.wav,8457e439ba62760f40e7fb5171c98cc3b30e270c8854063ec4c3fcef2154cfc9,30.000000,included,
1669,Navrasa,I-Pop,I-Pop,18,I-Pop\India\I-Pop\Little_Mix_-_Black_Magic_Official_Video.wav,C:\Genrogram\data\expanded_raw\I-Pop\India\I-Pop\Little_Mix_-_Black_Magic_Official_Video.wav,6cefa47d8de5180036c8080e5ef37379c9648e9b3d7c8fa0783505560bb2b77e,30.000000,included,
1670,Navrasa,I-Pop,I-Pop,18,I-Pop\India\I-Pop\M_Robin_Scott_-_Pop_Muzik.wav,C:\Genrogram\data\expanded_raw\I-Pop\India\I-Pop\M_Robin_Scott_-_Pop_Muzik.wav,bdf6a80d36f5e9d935fc7b288593b582f120d2476f5c46c520fb5a59963a6f9f,30.000000,included,
1671,Navrasa,I-Pop,I-Pop,18,I-Pop\India\I-Pop\Maan_Panu_-_Fear_I_Popstar_Vol_1.wav,C:\Genrogram\data\expanded_raw\I-Pop\India\I-Pop\Maan_Panu_-_Fear_I_Popstar_Vol_1.wav,6b01fb42277dcd491d4068f8f347736a3a6c0899c2cde6ed9fe0e01c17105397,30.000000,included,
1672,Navrasa,I-Pop,I-Pop,18,I-Pop\India\I-Pop\Maan_Panu_-_Hope.wav,C:\Genrogram\data\expanded_raw\I-Pop\India\I-Pop\Maan_Panu_-_Hope.wav,8732003175a1eed8bb8c83ee68b929a4dcc85e1380e98d92c41cb94b6e68a11e,30.000000,included,
1673,Navrasa,I-Pop,I-Pop,18,I-Pop\India\I-Pop\Maan_Panu_-_Im_Done_LIVE.wav,C:\Genrogram\data\expanded_raw\I-Pop\India\I-Pop\Maan_Panu_-_Im_Done_LIVE.wav,588279023d1700f0fb9bfbc5a778f44dc1bc1d90f5f7ed67cfa31a9b4b1905f5,30.000000,included,
1674,Navrasa,I-Pop,I-Pop,18,I-Pop\India\I-Pop\Maan_Panu_-_O_Re_O_Suaa_I_Popstar_Vol_1.wav,C:\Genrogram\data\expanded_raw\I-Pop\India\I-Pop\Maan_Panu_-_O_Re_O_Suaa_I_Popstar_Vol_1.wav,433987337a88090325b693ea8169c07c6b6855442d711086dcaf7cefa4299596,30.000000,included,
1675,Navrasa,I-Pop,I-Pop,18,I-Pop\India\I-Pop\Maan_Panu_-_Sab_Ho_Jayega_I_Popstar_Vol_1.wav,C:\Genrogram\data\expanded_raw\I-Pop\India\I-Pop\Maan_Panu_-_Sab_Ho_Jayega_I_Popstar_Vol_1.wav,6f13ce9bd9ed30661b64291baad32ccbf64cd3530ba0de43cc1dbbbbd06c5de1,30.000000,included,
1676,Navrasa,I-Pop,I-Pop,18,I-Pop\India\I-Pop\Magic_Club_-_New_Year_Music_Mix_2026_Best_Music_2025_Party_Mix_Remixes_of_Popular_Songs.wav,C:\Genrogram\data\expanded_raw\I-Pop\India\I-Pop\Magic_Club_-_New_Year_Music_Mix_2026_Best_Music_2025_Party_Mix_Remixes_of_Popular_Songs.wav,4b370ae713f83d27430994873d55fff03fc478ecade18aea4ec81bc65240f8e7,30.000000,included,
1677,Navrasa,I-Pop,I-Pop,18,I-Pop\India\I-Pop\Megan_Thee_Stallion_-_Pop_It_Official_Video.wav,C:\Genrogram\data\expanded_raw\I-Pop\India\I-Pop\Megan_Thee_Stallion_-_Pop_It_Official_Video.wav,2ed4e6aee3bec0dce78cb94b747b092ef2c46fc6472b700ae54d029480f255e4,30.000000,included,
1678,Navrasa,I-Pop,I-Pop,18,I-Pop\India\I-Pop\Midnight_Tears_-_OPM_Trending_2025_Best_New_Tagalog_Love_Songs_2025_Viral_Tagalog_Music_Playlist.wav,C:\Genrogram\data\expanded_raw\I-Pop\India\I-Pop\Midnight_Tears_-_OPM_Trending_2025_Best_New_Tagalog_Love_Songs_2025_Viral_Tagalog_Music_Playlist.wav,022f35a0dd749cf22dad8fd9e45a9a39e177b0341dfa1f1c3c88d42963bbb734,30.000000,included,
1679,Navrasa,I-Pop,I-Pop,18,I-Pop\India\I-Pop\Moneybagg_Yo_-_Pop_My_Shit.wav,C:\Genrogram\data\expanded_raw\I-Pop\India\I-Pop\Moneybagg_Yo_-_Pop_My_Shit.wav,fbec56ea96a0afadfc92857e7739a07b43ee209666ecdb6293cc00527b044750,30.000000,included,
1680,Navrasa,I-Pop,I-Pop,18,I-Pop\India\I-Pop\NSYNC_-_Pop_Official_HD_Video.wav,C:\Genrogram\data\expanded_raw\I-Pop\India\I-Pop\NSYNC_-_Pop_Official_HD_Video.wav,31aaed89833512877742df330346adde9c5f998ad78d5fc2246c576c2a58dacc,30.000000,included,
1681,Navrasa,I-Pop,I-Pop,18,I-Pop\India\I-Pop\Neeraj_Kumar_Nirala_-_Kamar_Ya_Kaanch.wav,C:\Genrogram\data\expanded_raw\I-Pop\India\I-Pop\Neeraj_Kumar_Nirala_-_Kamar_Ya_Kaanch.wav,a0fc2ddcfa9e36c37dc577348db7ea37a1d4704bd3605c2e82241cedd49c1971,30.000000,included,
1682,Navrasa,I-Pop,I-Pop,18,I-Pop\India\I-Pop\Neon_Beats_-_Msicas_Pop_em_Ingls_Mais_Tocadas_2025_Top_100_Msicas_Acsticas_Pop_Internacionais_2025.wav,C:\Genrogram\data\expanded_raw\I-Pop\India\I-Pop\Neon_Beats_-_Msicas_Pop_em_Ingls_Mais_Tocadas_2025_Top_100_Msicas_Acsticas_Pop_Internacionais_2025.wav,ada99844e077f94b897bfab3a9339b43c73e64d9a3d07ccfd01071be7b002b3e,30.000000,included,
1683,Navrasa,I-Pop,I-Pop,18,I-Pop\India\I-Pop\Polo_G_-_Pop_Out.wav,C:\Genrogram\data\expanded_raw\I-Pop\India\I-Pop\Polo_G_-_Pop_Out.wav,0de9bd5c8d6e3688c9b38ff04d7348cc6a36bbc81a8dee854a275d8b220742e0,30.000000,included,
1684,Navrasa,I-Pop,I-Pop,18,I-Pop\India\I-Pop\Polo_G_-_Pop_Out_Again_feat_Gunna_Lil_Baby.wav,C:\Genrogram\data\expanded_raw\I-Pop\India\I-Pop\Polo_G_-_Pop_Out_Again_feat_Gunna_Lil_Baby.wav,559185f14afa00b5cb540344fc7fc8c0087552e4d08738c0301990cf24f411b5,30.000000,included,
1685,Navrasa,I-Pop,I-Pop,18,I-Pop\India\I-Pop\Pop_Christmas_Hits_-_Happy_New_Year_2026_Best_Pop_Songs_Playlist_New_Year_Party_Hits.wav,C:\Genrogram\data\expanded_raw\I-Pop\India\I-Pop\Pop_Christmas_Hits_-_Happy_New_Year_2026_Best_Pop_Songs_Playlist_New_Year_Party_Hits.wav,00a5d26a9027f1232f837083e4d58488d7c6ed7e1126db6b63d6700de60d8ce5,30.000000,included,
1686,Navrasa,I-Pop,I-Pop,18,I-Pop\India\I-Pop\Pop_Music_-_Pop_Song_2025_Bruno_Mars_Adele_Dua_Lipa_Ed_Sheeran_Selena_Gomez_Maroon_5_Taylor_Swift.wav,C:\Genrogram\data\expanded_raw\I-Pop\India\I-Pop\Pop_Music_-_Pop_Song_2025_Bruno_Mars_Adele_Dua_Lipa_Ed_Sheeran_Selena_Gomez_Maroon_5_Taylor_Swift.wav,b59e9b827ae5c199d7c526afdb1ec9620a2520cd7aca2a17ef5fe3d3a2a046a6,30.000000,included,
1687,Navrasa,I-Pop,I-Pop,18,I-Pop\India\I-Pop\Pop_Smoke_-_Christopher_Walking.wav,C:\Genrogram\data\expanded_raw\I-Pop\India\I-Pop\Pop_Smoke_-_Christopher_Walking.wav,77725fa9c926fe7a9befc65a2c77969d34fe26a94ab73b1db235c4d421fa7316,30.000000,included,
1688,Navrasa,I-Pop,I-Pop,18,I-Pop\India\I-Pop\Pop_Smoke_-_Dior.wav,C:\Genrogram\data\expanded_raw\I-Pop\India\I-Pop\Pop_Smoke_-_Dior.wav,b76a2726e0a1653c6dacb28639763ee71b2a104b387b678ec8514854092cf111,30.000000,included,
1689,Navrasa,I-Pop,I-Pop,18,I-Pop\India\I-Pop\Pop_Smoke_-_For_The_Night_Visualizer_Official_feat_Lil_Baby_DaBaby.wav,C:\Genrogram\data\expanded_raw\I-Pop\India\I-Pop\Pop_Smoke_-_For_The_Night_Visualizer_Official_feat_Lil_Baby_DaBaby.wav,43f18fbf629a7e3c3b69ebbadbdb3b7e6ed8a740c2d0d084a5a7887deea4b14d,30.000000,included,
1690,Navrasa,I-Pop,I-Pop,18,I-Pop\India\I-Pop\Pop_Smoke_-_Invincible.wav,C:\Genrogram\data\expanded_raw\I-Pop\India\I-Pop\Pop_Smoke_-_Invincible.wav,186e14991ae725b400ccafef0f4a76319ddaf74d8223865a305a5a603ba947de,30.000000,included,
1691,Navrasa,I-Pop,I-Pop,18,I-Pop\India\I-Pop\Radhika_Bhide_-_Mann_Dhaavataya_I_Popstar_Vol_1_LIVE.wav,C:\Genrogram\data\expanded_raw\I-Pop\India\I-Pop\Radhika_Bhide_-_Mann_Dhaavataya_I_Popstar_Vol_1_LIVE.wav,36f518b5d5037c0b9380bfd37caea180c725e796cd08660f6c960eecc468a2d4,30.000000,included,
1692,Navrasa,I-Pop,I-Pop,18,I-Pop\India\I-Pop\Radhika_Bhide_-_Punha_Punha.wav,C:\Genrogram\data\expanded_raw\I-Pop\India\I-Pop\Radhika_Bhide_-_Punha_Punha.wav,c135dc69092a003169a97e766b7df03a2124f77fbb356f008b24c6ad4c9cdecc,30.000000,included,
1693,Navrasa,I-Pop,I-Pop,18,I-Pop\India\I-Pop\Rap_Samurai_-_ROS_x_Bruno_Mars_APT_Lyrics.wav,C:\Genrogram\data\expanded_raw\I-Pop\India\I-Pop\Rap_Samurai_-_ROS_x_Bruno_Mars_APT_Lyrics.wav,30763e082e36f4d6ad8bed30df7e82373d0fb0e3d75ec2df9522cec88033da90,30.000000,included,
1694,Navrasa,I-Pop,I-Pop,18,I-Pop\India\I-Pop\Rishabh_Panchal_-_Din_Ban_Jata_Hai_I_Popstar_Vol_1.wav,C:\Genrogram\data\expanded_raw\I-Pop\India\I-Pop\Rishabh_Panchal_-_Din_Ban_Jata_Hai_I_Popstar_Vol_1.wav,0c2ac54c2dcd55185c7419a9240b98428554ea9f4f14746451fc9ff61e13bac1,30.000000,included,
1695,Navrasa,I-Pop,I-Pop,18,I-Pop\India\I-Pop\Riya_Goley_-_Dard.wav,C:\Genrogram\data\expanded_raw\I-Pop\India\I-Pop\Riya_Goley_-_Dard.wav,5e61ea28de4ae062d14cd816edcda03d7404bcae5154c26830f424c8fdec759c,30.000000,included,
1696,Navrasa,I-Pop,I-Pop,18,I-Pop\India\I-Pop\Riya_Goley_-_Tarsaaye.wav,C:\Genrogram\data\expanded_raw\I-Pop\India\I-Pop\Riya_Goley_-_Tarsaaye.wav,4cf55099860af7b401ae227d81d2487d790ea516fc8085653e04a853435cac67,30.000000,included,
1697,Navrasa,I-Pop,I-Pop,18,I-Pop\India\I-Pop\Rohit_Raut_-_O_Kadambari_LIVE.wav,C:\Genrogram\data\expanded_raw\I-Pop\India\I-Pop\Rohit_Raut_-_O_Kadambari_LIVE.wav,f284c2ef69a878b1f7e1b8f61f3722596a84954ac7a9d88898515f118360b8a3,30.000000,included,
1698,Navrasa,I-Pop,I-Pop,18,I-Pop\India\I-Pop\Rohit_Raut_-_Prem_Rog.wav,C:\Genrogram\data\expanded_raw\I-Pop\India\I-Pop\Rohit_Raut_-_Prem_Rog.wav,974613b4ccfbf7beedfbb6eb4a2969d9fef33ae8458e5df3f45d7bc17503afb9,30.000000,included,
1699,Navrasa,I-Pop,I-Pop,18,I-Pop\India\I-Pop\Rohit_Raut_-_Tujhi_Taar_Lagli.wav,C:\Genrogram\data\expanded_raw\I-Pop\India\I-Pop\Rohit_Raut_-_Tujhi_Taar_Lagli.wav,155a34171f8e96e9e85025a598097a06479caacb9511f9377f836d1ca9090a75,30.000000,included,
1700,Navrasa,I-Pop,I-Pop,18,I-Pop\India\I-Pop\Saja_Boys_-_Soda_Pop.wav,C:\Genrogram\data\expanded_raw\I-Pop\India\I-Pop\Saja_Boys_-_Soda_Pop.wav,5c88d7f74eef5db0eedaab718e0a2ddb564ed9d46d7b7b09bc99593a67549826,30.000000,included,
1701,Navrasa,I-Pop,I-Pop,18,I-Pop\India\I-Pop\She_Him_-_I_Thought_I_Saw_Your_Face_Today.wav,C:\Genrogram\data\expanded_raw\I-Pop\India\I-Pop\She_Him_-_I_Thought_I_Saw_Your_Face_Today.wav,2cd434e05bac919f054990e7a1c2442ef2f97d874c8cb06bb7ed2f9b1488525f,30.000000,included,
1702,Navrasa,I-Pop,I-Pop,18,I-Pop\India\I-Pop\Slow_Acoustic_-_Spotify_Pop_Hits_2025_Lady_Gaga_Bruno_Mars_Ed_Sheeran_Billie_Eilish_Miley_Cyrus_Tate_McRae_9.wav,C:\Genrogram\data\expanded_raw\I-Pop\India\I-Pop\Slow_Acoustic_-_Spotify_Pop_Hits_2025_Lady_Gaga_Bruno_Mars_Ed_Sheeran_Billie_Eilish_Miley_Cyrus_Tate_McRae_9.wav,ba66e40eb3e39757209bb3137b10341537f57c3aaf23a877278edc4847c054c9,30.000000,included,
1703,Navrasa,I-Pop,I-Pop,18,I-Pop\India\I-Pop\Sunset_Playlist_-_Spotify_Pop_Hits_2025_Lady_Gaga_Bruno_Mars_Ed_Sheeran_Billie_Eilish_Miley_Cyrus_Tate_McRae_1.wav,C:\Genrogram\data\expanded_raw\I-Pop\India\I-Pop\Sunset_Playlist_-_Spotify_Pop_Hits_2025_Lady_Gaga_Bruno_Mars_Ed_Sheeran_Billie_Eilish_Miley_Cyrus_Tate_McRae_1.wav,59dc1620e7b9436b8d2bb6b463f552dc24d1c23f5b48902895dfde7bda615f89,30.000000,included,
1704,Navrasa,I-Pop,I-Pop,18,I-Pop\India\I-Pop\TPOP_CENTRAL_-_BEST_Southeast_Asian_Girlgroups_2024_T_POP_P_POP_I_POP_M_POP_more.wav,C:\Genrogram\data\expanded_raw\I-Pop\India\I-Pop\TPOP_CENTRAL_-_BEST_Southeast_Asian_Girlgroups_2024_T_POP_P_POP_I_POP_M_POP_more.wav,86a173de9d94ea3e72e813aeb88be6dbd9d0cc16b535826ae3215b77d8fc2458,30.000000,included,
1705,Navrasa,I-Pop,I-Pop,18,I-Pop\India\I-Pop\TPOP_CENTRAL_-_Southeast_Asian_Pop_Girlgroups_2024_P_POP_T_POP_I_POP_M_POP_and_more.wav,C:\Genrogram\data\expanded_raw\I-Pop\India\I-Pop\TPOP_CENTRAL_-_Southeast_Asian_Pop_Girlgroups_2024_P_POP_T_POP_I_POP_M_POP_and_more.wav,c43962a5b901fdad9020454e8ecbbb77bec322965533d787cdbf04a955495583,30.000000,included,
1706,Navrasa,I-Pop,I-Pop,18,I-Pop\India\I-Pop\TheLepeman_-_The_Best_of_Westlife_Westlife_Greatest_Hits_Full_Album_2026.wav,C:\Genrogram\data\expanded_raw\I-Pop\India\I-Pop\TheLepeman_-_The_Best_of_Westlife_Westlife_Greatest_Hits_Full_Album_2026.wav,cbabbe0b2a4cc073903df329a336e0e8abe5a89dec1c04a33dc7917e08cf3e68,30.000000,included,
1707,Navrasa,I-Pop,I-Pop,18,I-Pop\India\I-Pop\The_Vibe_Guide_-_Civ_1_AM_Lyrics_pop_out_at_1_in_the_mornin.wav,C:\Genrogram\data\expanded_raw\I-Pop\India\I-Pop\The_Vibe_Guide_-_Civ_1_AM_Lyrics_pop_out_at_1_in_the_mornin.wav,c5ac49af6b5ef95877700fb2d4dafa4db8a4dea924c0107237a279182fb8fe74,30.000000,included,
1708,Navrasa,I-Pop,I-Pop,18,I-Pop\India\I-Pop\TrendingTracks_-_Civ_1AM_Lyrics_we_pop_out_at_1_in_the_morning.wav,C:\Genrogram\data\expanded_raw\I-Pop\India\I-Pop\TrendingTracks_-_Civ_1AM_Lyrics_we_pop_out_at_1_in_the_morning.wav,7e1651baedb14b1c96ce519202d872c19abd4f319fc8f2b5915f144b2fd630ef,30.000000,included,
1709,Navrasa,I-Pop,I-Pop,18,I-Pop\India\I-Pop\VDJ_Third_Dimension_-_Non_Stop_Indi_Pop_Classics_Best_Of_90s_Pop_Music_Third_Dimension_Dj_Akshay.wav,C:\Genrogram\data\expanded_raw\I-Pop\India\I-Pop\VDJ_Third_Dimension_-_Non_Stop_Indi_Pop_Classics_Best_Of_90s_Pop_Music_Third_Dimension_Dj_Akshay.wav,a9df58e9e15d7d25a183e37f688f187bf09ba2a4e04979e844b85ef62abc0281,30.000000,included,
1710,Navrasa,I-Pop,I-Pop,18,I-Pop\India\I-Pop\Valentino_Sirolli_-_DJ_SONG_2025_Remixes_Mashups_of_Popular_Songs_2025_DJ_Remix_Club_Music_Disco_DJ_Mix_2025.wav,C:\Genrogram\data\expanded_raw\I-Pop\India\I-Pop\Valentino_Sirolli_-_DJ_SONG_2025_Remixes_Mashups_of_Popular_Songs_2025_DJ_Remix_Club_Music_Disco_DJ_Mix_2025.wav,38935c2246f97afba8695109e7d05e5fc025417f6748e67e820c273977ea2d20,30.000000,included,
1711,Navrasa,I-Pop,I-Pop,18,I-Pop\India\I-Pop\WiSH_-_Lazeez.wav,C:\Genrogram\data\expanded_raw\I-Pop\India\I-Pop\WiSH_-_Lazeez.wav,da2b902c3795c92305c55e1cb2a00ebb291a4994b40d5645982358eec3ede3d6,30.000000,included,
1712,Navrasa,I-Pop,I-Pop,18,I-Pop\India\I-Pop\WiSH_-_WiSH_Boom_Boom_Official_Music_Video.wav,C:\Genrogram\data\expanded_raw\I-Pop\India\I-Pop\WiSH_-_WiSH_Boom_Boom_Official_Music_Video.wav,49ffb70760098245a7727844289dffd6d978251eb03cc7849e487a70d7bdd421,30.000000,included,
1713,Navrasa,I-Pop,I-Pop,18,I-Pop\India\I-Pop\WiSH_-_WiSH_Headrush_Official_Music_Video.wav,C:\Genrogram\data\expanded_raw\I-Pop\India\I-Pop\WiSH_-_WiSH_Headrush_Official_Music_Video.wav,c3668db45d759d2bd44fb10c6af909c7f91367a7b16e64cde93cb0dc003341ee,30.000000,included,
1714,Navrasa,I-Pop,I-Pop,18,I-Pop\India\I-Pop\WiSH_Updates_-_Real_talent_of_girlgroups_wish_katseye_ipop_girlgroup.wav,C:\Genrogram\data\expanded_raw\I-Pop\India\I-Pop\WiSH_Updates_-_Real_talent_of_girlgroups_wish_katseye_ipop_girlgroup.wav,f2b9f63bcd5b701e79abad68684b928d75cb6c095ad2c0783b18a5ac8b16f35f,0.750431,included,
1715,Navrasa,I-Pop,I-Pop,18,I-Pop\India\I-Pop\Y2K_-_Lalala.wav,C:\Genrogram\data\expanded_raw\I-Pop\India\I-Pop\Y2K_-_Lalala.wav,90046dede03d2ff26a116af073cd859a705d3077a4df06a0f8b81109077808fb,30.000000,included,
1716,Navrasa,I-Pop,I-Pop,18,I-Pop\India\I-Pop\Y2K_-_Lalala_Official_Video.wav,C:\Genrogram\data\expanded_raw\I-Pop\India\I-Pop\Y2K_-_Lalala_Official_Video.wav,1b7ff721daf6b480b829abe9b96d37f77b33668c4f057c2f7cdbd9652e84db56,30.000000,included,
1717,Navrasa,I-Pop,I-Pop,18,I-Pop\India\I-Pop\Yelawolf_-_Pop_The_Trunk.wav,C:\Genrogram\data\expanded_raw\I-Pop\India\I-Pop\Yelawolf_-_Pop_The_Trunk.wav,626df8f78e7a8ad52c2e209e6a0c6985fd62177703da77ffdd311dbc6696c428,30.000000,included,
1718,Navrasa,I-Pop,I-Pop,18,I-Pop\India\I-Pop\musicmonsterinternational_-_BEST_OF_POP_MIX_2025_Zj_Konia_Justin_Bieber_dax_Khalid_chrisbrown_urban_POP_MUSIC_MIX.wav,C:\Genrogram\data\expanded_raw\I-Pop\India\I-Pop\musicmonsterinternational_-_BEST_OF_POP_MIX_2025_Zj_Konia_Justin_Bieber_dax_Khalid_chrisbrown_urban_POP_MUSIC_MIX.wav,603ea384354c7e85e36b1eb963390847c11e5b91dc3314a5155b434f0ade797c,30.000000,included,
1719,Navrasa,I-Pop,I-Pop,18,I-Pop\India\I-Pop\my_only_wish_-_WiSH_GALTI_Live_Performance_at_Socialnation_Festival_Indian_girl_pop_group_WiSH.wav,C:\Genrogram\data\expanded_raw\I-Pop\India\I-Pop\my_only_wish_-_WiSH_GALTI_Live_Performance_at_Socialnation_Festival_Indian_girl_pop_group_WiSH.wav,b5b4d1019d7c3b3c6d44896a9e00ad85ac5c0a1037db4413252faacc5f479c53,30.000000,included,
1720,Navrasa,I-Pop,I-Pop,18,I-Pop\India\I-Pop\shotaluuv_-_KPOP_RANDOM_DANCE_POPULARNEW.wav,C:\Genrogram\data\expanded_raw\I-Pop\India\I-Pop\shotaluuv_-_KPOP_RANDOM_DANCE_POPULARNEW.wav,0aaa9b4306230eed7af813d0356c86d85da5ad9e7f559fbb2a37f340b48fdb99,30.000000,included,
1721,GTZAN,jazz,Jazz,5,jazz\jazz.00000.wav,C:\Genrogram\data\gtzan\genres\jazz\jazz.00000.wav,97135f273616d39b11db37a1ec61e0bd729b82c085f7dcdc472b26a37affca8a,30.013333,included,
1722,GTZAN,jazz,Jazz,5,jazz\jazz.00000.wav,C:\Genrogram\data\gtzan\genres\jazz\jazz.00000.wav,97135f273616d39b11db37a1ec61e0bd729b82c085f7dcdc472b26a37affca8a,30.013333,included,
1723,GTZAN,jazz,Jazz,5,jazz\jazz.00001.wav,C:\Genrogram\data\gtzan\genres\jazz\jazz.00001.wav,4e8d62ebbfbf29b6d5f7ecbdea9a79177222704e16dba0e3a501a027fdea7c90,30.013333,included,
1724,GTZAN,jazz,Jazz,5,jazz\jazz.00001.wav,C:\Genrogram\data\gtzan\genres\jazz\jazz.00001.wav,4e8d62ebbfbf29b6d5f7ecbdea9a79177222704e16dba0e3a501a027fdea7c90,30.013333,included,
1725,GTZAN,jazz,Jazz,5,jazz\jazz.00002.wav,C:\Genrogram\data\gtzan\genres\jazz\jazz.00002.wav,37274a42a5a71ca61fb2c8088c1bb071103d7242fea20f7020165903e551de81,30.013333,included,
1726,GTZAN,jazz,Jazz,5,jazz\jazz.00002.wav,C:\Genrogram\data\gtzan\genres\jazz\jazz.00002.wav,37274a42a5a71ca61fb2c8088c1bb071103d7242fea20f7020165903e551de81,30.013333,included,
1727,GTZAN,jazz,Jazz,5,jazz\jazz.00003.wav,C:\Genrogram\data\gtzan\genres\jazz\jazz.00003.wav,9a2a90279fce5d7d82c5c02b56aefed2aa143449f41178af2dff4bc98884c21e,30.013333,included,
1728,GTZAN,jazz,Jazz,5,jazz\jazz.00003.wav,C:\Genrogram\data\gtzan\genres\jazz\jazz.00003.wav,9a2a90279fce5d7d82c5c02b56aefed2aa143449f41178af2dff4bc98884c21e,30.013333,included,
1729,GTZAN,jazz,Jazz,5,jazz\jazz.00004.wav,C:\Genrogram\data\gtzan\genres\jazz\jazz.00004.wav,3bc0edd3e9e73184c8ab2c0f1998a2b9c88111db0a3076099cfa0c5d9ab110c2,30.013333,included,
1730,GTZAN,jazz,Jazz,5,jazz\jazz.00004.wav,C:\Genrogram\data\gtzan\genres\jazz\jazz.00004.wav,3bc0edd3e9e73184c8ab2c0f1998a2b9c88111db0a3076099cfa0c5d9ab110c2,30.013333,included,
1731,GTZAN,jazz,Jazz,5,jazz\jazz.00005.wav,C:\Genrogram\data\gtzan\genres\jazz\jazz.00005.wav,85be1d12a6273cc6637142a0e296ff9e8183618dfb5eaf11727543904338c01e,30.013333,included,
1732,GTZAN,jazz,Jazz,5,jazz\jazz.00005.wav,C:\Genrogram\data\gtzan\genres\jazz\jazz.00005.wav,85be1d12a6273cc6637142a0e296ff9e8183618dfb5eaf11727543904338c01e,30.013333,included,
1733,GTZAN,jazz,Jazz,5,jazz\jazz.00006.wav,C:\Genrogram\data\gtzan\genres\jazz\jazz.00006.wav,5cf9bbaf0292e930f74759936cef990eb447f71109d9075f8a2c010eea0eaa89,30.013333,included,
1734,GTZAN,jazz,Jazz,5,jazz\jazz.00006.wav,C:\Genrogram\data\gtzan\genres\jazz\jazz.00006.wav,5cf9bbaf0292e930f74759936cef990eb447f71109d9075f8a2c010eea0eaa89,30.013333,included,
1735,GTZAN,jazz,Jazz,5,jazz\jazz.00007.wav,C:\Genrogram\data\gtzan\genres\jazz\jazz.00007.wav,c5c6c20eb67af3d762f4578894116dba904fdf52f8eef632f80330ee8ef83cf5,30.013333,included,
1736,GTZAN,jazz,Jazz,5,jazz\jazz.00007.wav,C:\Genrogram\data\gtzan\genres\jazz\jazz.00007.wav,c5c6c20eb67af3d762f4578894116dba904fdf52f8eef632f80330ee8ef83cf5,30.013333,included,
1737,GTZAN,jazz,Jazz,5,jazz\jazz.00008.wav,C:\Genrogram\data\gtzan\genres\jazz\jazz.00008.wav,b474d4348bfae890c4d2116d68ba18f9de8693ae7f9335591190f2ac2661b042,30.013333,included,
1738,GTZAN,jazz,Jazz,5,jazz\jazz.00008.wav,C:\Genrogram\data\gtzan\genres\jazz\jazz.00008.wav,b474d4348bfae890c4d2116d68ba18f9de8693ae7f9335591190f2ac2661b042,30.013333,included,
1739,GTZAN,jazz,Jazz,5,jazz\jazz.00009.wav,C:\Genrogram\data\gtzan\genres\jazz\jazz.00009.wav,d9d17c3ea4ec79948563dc297b7604afa928f1cbfcdfbb306201f267360c3f03,30.013333,included,
1740,GTZAN,jazz,Jazz,5,jazz\jazz.00009.wav,C:\Genrogram\data\gtzan\genres\jazz\jazz.00009.wav,d9d17c3ea4ec79948563dc297b7604afa928f1cbfcdfbb306201f267360c3f03,30.013333,included,
1741,GTZAN,jazz,Jazz,5,jazz\jazz.00010.wav,C:\Genrogram\data\gtzan\genres\jazz\jazz.00010.wav,b92fe8b9d1379133ee8cf9e35ec7d5b730d6972fd24e2d76b4b4ee113ab67952,30.013333,included,
1742,GTZAN,jazz,Jazz,5,jazz\jazz.00010.wav,C:\Genrogram\data\gtzan\genres\jazz\jazz.00010.wav,b92fe8b9d1379133ee8cf9e35ec7d5b730d6972fd24e2d76b4b4ee113ab67952,30.013333,included,
1743,GTZAN,jazz,Jazz,5,jazz\jazz.00011.wav,C:\Genrogram\data\gtzan\genres\jazz\jazz.00011.wav,18e5949f4e89b7dcd14fa82c71b57ee509fb114175bf9327a5418fbd41d928fe,30.013333,included,
1744,GTZAN,jazz,Jazz,5,jazz\jazz.00011.wav,C:\Genrogram\data\gtzan\genres\jazz\jazz.00011.wav,18e5949f4e89b7dcd14fa82c71b57ee509fb114175bf9327a5418fbd41d928fe,30.013333,included,
1745,GTZAN,jazz,Jazz,5,jazz\jazz.00012.wav,C:\Genrogram\data\gtzan\genres\jazz\jazz.00012.wav,fe0aa871fe8166ca9bdcc91b9fbbf27cb15aef0a5a0569929714253bc96603e4,30.013333,included,
1746,GTZAN,jazz,Jazz,5,jazz\jazz.00012.wav,C:\Genrogram\data\gtzan\genres\jazz\jazz.00012.wav,fe0aa871fe8166ca9bdcc91b9fbbf27cb15aef0a5a0569929714253bc96603e4,30.013333,included,
1747,GTZAN,jazz,Jazz,5,jazz\jazz.00013.wav,C:\Genrogram\data\gtzan\genres\jazz\jazz.00013.wav,69c39c896fcc6ab9c758713d482d17a5d88c65d04505ee9786457130ea77a862,30.013333,included,
1748,GTZAN,jazz,Jazz,5,jazz\jazz.00013.wav,C:\Genrogram\data\gtzan\genres\jazz\jazz.00013.wav,69c39c896fcc6ab9c758713d482d17a5d88c65d04505ee9786457130ea77a862,30.013333,included,
1749,GTZAN,jazz,Jazz,5,jazz\jazz.00014.wav,C:\Genrogram\data\gtzan\genres\jazz\jazz.00014.wav,84ecb70e05eac6f443d22a3f6afb67590fa53c2261e8bc43e02769ebcf3c3449,30.013333,included,
1750,GTZAN,jazz,Jazz,5,jazz\jazz.00014.wav,C:\Genrogram\data\gtzan\genres\jazz\jazz.00014.wav,84ecb70e05eac6f443d22a3f6afb67590fa53c2261e8bc43e02769ebcf3c3449,30.013333,included,
1751,GTZAN,jazz,Jazz,5,jazz\jazz.00015.wav,C:\Genrogram\data\gtzan\genres\jazz\jazz.00015.wav,045c1127699b0edab97512fa2d000cc80246877feea35ea4b8be8009860ddb90,30.013333,included,
1752,GTZAN,jazz,Jazz,5,jazz\jazz.00015.wav,C:\Genrogram\data\gtzan\genres\jazz\jazz.00015.wav,045c1127699b0edab97512fa2d000cc80246877feea35ea4b8be8009860ddb90,30.013333,included,
1753,GTZAN,jazz,Jazz,5,jazz\jazz.00016.wav,C:\Genrogram\data\gtzan\genres\jazz\jazz.00016.wav,0f62f8c85b456c9df7207ca7a1b9de662906b2bcce116c55cec351011a2b26ef,30.013333,included,
1754,GTZAN,jazz,Jazz,5,jazz\jazz.00016.wav,C:\Genrogram\data\gtzan\genres\jazz\jazz.00016.wav,0f62f8c85b456c9df7207ca7a1b9de662906b2bcce116c55cec351011a2b26ef,30.013333,included,
1755,GTZAN,jazz,Jazz,5,jazz\jazz.00017.wav,C:\Genrogram\data\gtzan\genres\jazz\jazz.00017.wav,b8895653b07be3aea1f461e3b8e1abf7c62afbfb48f50504c8b946730d67a1da,30.013333,included,
1756,GTZAN,jazz,Jazz,5,jazz\jazz.00017.wav,C:\Genrogram\data\gtzan\genres\jazz\jazz.00017.wav,b8895653b07be3aea1f461e3b8e1abf7c62afbfb48f50504c8b946730d67a1da,30.013333,included,
1757,GTZAN,jazz,Jazz,5,jazz\jazz.00018.wav,C:\Genrogram\data\gtzan\genres\jazz\jazz.00018.wav,6a508c12ff4c869a6b154a46026b9410b342ae41e78d1bc4e9cd7a5558aebaad,30.013333,included,
1758,GTZAN,jazz,Jazz,5,jazz\jazz.00018.wav,C:\Genrogram\data\gtzan\genres\jazz\jazz.00018.wav,6a508c12ff4c869a6b154a46026b9410b342ae41e78d1bc4e9cd7a5558aebaad,30.013333,included,
1759,GTZAN,jazz,Jazz,5,jazz\jazz.00019.wav,C:\Genrogram\data\gtzan\genres\jazz\jazz.00019.wav,92ce80dd9eb1ea56a0216cf262431d1c01dab79e182c04642dfdb4858a74db87,30.013333,included,
1760,GTZAN,jazz,Jazz,5,jazz\jazz.00019.wav,C:\Genrogram\data\gtzan\genres\jazz\jazz.00019.wav,92ce80dd9eb1ea56a0216cf262431d1c01dab79e182c04642dfdb4858a74db87,30.013333,included,
1761,GTZAN,jazz,Jazz,5,jazz\jazz.00020.wav,C:\Genrogram\data\gtzan\genres\jazz\jazz.00020.wav,e1900f7ed5b537609293ee402e01226c3badf2922954bfe50dae741564cb7629,30.013333,included,
1762,GTZAN,jazz,Jazz,5,jazz\jazz.00020.wav,C:\Genrogram\data\gtzan\genres\jazz\jazz.00020.wav,e1900f7ed5b537609293ee402e01226c3badf2922954bfe50dae741564cb7629,30.013333,included,
1763,GTZAN,jazz,Jazz,5,jazz\jazz.00021.wav,C:\Genrogram\data\gtzan\genres\jazz\jazz.00021.wav,cf057aaadf1fffbce11684f53a0fe6905827442e6975384d27278c2b69385be2,30.013333,included,
1764,GTZAN,jazz,Jazz,5,jazz\jazz.00021.wav,C:\Genrogram\data\gtzan\genres\jazz\jazz.00021.wav,cf057aaadf1fffbce11684f53a0fe6905827442e6975384d27278c2b69385be2,30.013333,included,
1765,GTZAN,jazz,Jazz,5,jazz\jazz.00022.wav,C:\Genrogram\data\gtzan\genres\jazz\jazz.00022.wav,e066045a47169adce804ee68c8d7d935dc7f626645509301e336132a168327de,30.013333,included,
1766,GTZAN,jazz,Jazz,5,jazz\jazz.00022.wav,C:\Genrogram\data\gtzan\genres\jazz\jazz.00022.wav,e066045a47169adce804ee68c8d7d935dc7f626645509301e336132a168327de,30.013333,included,
1767,GTZAN,jazz,Jazz,5,jazz\jazz.00023.wav,C:\Genrogram\data\gtzan\genres\jazz\jazz.00023.wav,70e2ff2bac4928cedcb7e4d117e64c21b97915d3f1d5d3d85e9714f3aff6402b,30.013333,included,
1768,GTZAN,jazz,Jazz,5,jazz\jazz.00023.wav,C:\Genrogram\data\gtzan\genres\jazz\jazz.00023.wav,70e2ff2bac4928cedcb7e4d117e64c21b97915d3f1d5d3d85e9714f3aff6402b,30.013333,included,
1769,GTZAN,jazz,Jazz,5,jazz\jazz.00024.wav,C:\Genrogram\data\gtzan\genres\jazz\jazz.00024.wav,d80481d81c01667a1561534866524088fd0bc7c971e3637a61f7d6bf32cad093,30.013333,included,
1770,GTZAN,jazz,Jazz,5,jazz\jazz.00024.wav,C:\Genrogram\data\gtzan\genres\jazz\jazz.00024.wav,d80481d81c01667a1561534866524088fd0bc7c971e3637a61f7d6bf32cad093,30.013333,included,
1771,GTZAN,jazz,Jazz,5,jazz\jazz.00025.wav,C:\Genrogram\data\gtzan\genres\jazz\jazz.00025.wav,cbc7e5f2c0ba0665f23fc2aa4723f7592ea81ef82612ccf17befa94d8090d800,30.013333,included,
1772,GTZAN,jazz,Jazz,5,jazz\jazz.00025.wav,C:\Genrogram\data\gtzan\genres\jazz\jazz.00025.wav,cbc7e5f2c0ba0665f23fc2aa4723f7592ea81ef82612ccf17befa94d8090d800,30.013333,included,
1773,GTZAN,jazz,Jazz,5,jazz\jazz.00026.wav,C:\Genrogram\data\gtzan\genres\jazz\jazz.00026.wav,c5bafdc132c8e0a5407554853eb5906866898175704dd9dddf798227f19c0287,30.013333,included,
1774,GTZAN,jazz,Jazz,5,jazz\jazz.00026.wav,C:\Genrogram\data\gtzan\genres\jazz\jazz.00026.wav,c5bafdc132c8e0a5407554853eb5906866898175704dd9dddf798227f19c0287,30.013333,included,
1775,GTZAN,jazz,Jazz,5,jazz\jazz.00027.wav,C:\Genrogram\data\gtzan\genres\jazz\jazz.00027.wav,6d5d3617da5e5c75588e990aeb4fc618f7c1442f98a58d3638a5b39aabb77ad3,30.013333,included,
1776,GTZAN,jazz,Jazz,5,jazz\jazz.00027.wav,C:\Genrogram\data\gtzan\genres\jazz\jazz.00027.wav,6d5d3617da5e5c75588e990aeb4fc618f7c1442f98a58d3638a5b39aabb77ad3,30.013333,included,
1777,GTZAN,jazz,Jazz,5,jazz\jazz.00028.wav,C:\Genrogram\data\gtzan\genres\jazz\jazz.00028.wav,c6f7c3b0d46e802cd8b98757d3995a0a8a402e2b96e6069fc52ef5bb5a25b103,30.013333,included,
1778,GTZAN,jazz,Jazz,5,jazz\jazz.00028.wav,C:\Genrogram\data\gtzan\genres\jazz\jazz.00028.wav,c6f7c3b0d46e802cd8b98757d3995a0a8a402e2b96e6069fc52ef5bb5a25b103,30.013333,included,
1779,GTZAN,jazz,Jazz,5,jazz\jazz.00029.wav,C:\Genrogram\data\gtzan\genres\jazz\jazz.00029.wav,7e007e2b59ae0d293108f7e632db673d9517e23b002f67a0b327e95cbd866467,30.013333,included,
1780,GTZAN,jazz,Jazz,5,jazz\jazz.00029.wav,C:\Genrogram\data\gtzan\genres\jazz\jazz.00029.wav,7e007e2b59ae0d293108f7e632db673d9517e23b002f67a0b327e95cbd866467,30.013333,included,
1781,GTZAN,jazz,Jazz,5,jazz\jazz.00030.wav,C:\Genrogram\data\gtzan\genres\jazz\jazz.00030.wav,7d4ed0170e96dd1834065c54059db26d2dc9652d96bdc83ab4dbcc90b4f93c37,30.013333,included,
1782,GTZAN,jazz,Jazz,5,jazz\jazz.00030.wav,C:\Genrogram\data\gtzan\genres\jazz\jazz.00030.wav,7d4ed0170e96dd1834065c54059db26d2dc9652d96bdc83ab4dbcc90b4f93c37,30.013333,included,
1783,GTZAN,jazz,Jazz,5,jazz\jazz.00031.wav,C:\Genrogram\data\gtzan\genres\jazz\jazz.00031.wav,28ee1d82b1bba98b41d4fb84d96e908b7c85c78c07f4bf640b7ec3c60c5ee283,30.013333,included,
1784,GTZAN,jazz,Jazz,5,jazz\jazz.00031.wav,C:\Genrogram\data\gtzan\genres\jazz\jazz.00031.wav,28ee1d82b1bba98b41d4fb84d96e908b7c85c78c07f4bf640b7ec3c60c5ee283,30.013333,included,
1785,GTZAN,jazz,Jazz,5,jazz\jazz.00032.wav,C:\Genrogram\data\gtzan\genres\jazz\jazz.00032.wav,8cdb4d31abdd27a53e4b8d8a5c77c620a25b762149197cb8a340e0febe5ea933,30.013333,included,
1786,GTZAN,jazz,Jazz,5,jazz\jazz.00032.wav,C:\Genrogram\data\gtzan\genres\jazz\jazz.00032.wav,8cdb4d31abdd27a53e4b8d8a5c77c620a25b762149197cb8a340e0febe5ea933,30.013333,included,
1787,GTZAN,jazz,Jazz,5,jazz\jazz.00033.wav,C:\Genrogram\data\gtzan\genres\jazz\jazz.00033.wav,55dfc6e206889257608c95382146210f3397a7f178188b5bc084beb65589420f,30.013333,included,
1788,GTZAN,jazz,Jazz,5,jazz\jazz.00033.wav,C:\Genrogram\data\gtzan\genres\jazz\jazz.00033.wav,55dfc6e206889257608c95382146210f3397a7f178188b5bc084beb65589420f,30.013333,included,
1789,GTZAN,jazz,Jazz,5,jazz\jazz.00034.wav,C:\Genrogram\data\gtzan\genres\jazz\jazz.00034.wav,d5229cacb37acac9a009ceb36b86cc4bb1a5a206b5be0dd2afc3a3a476e0d218,30.013333,included,
1790,GTZAN,jazz,Jazz,5,jazz\jazz.00034.wav,C:\Genrogram\data\gtzan\genres\jazz\jazz.00034.wav,d5229cacb37acac9a009ceb36b86cc4bb1a5a206b5be0dd2afc3a3a476e0d218,30.013333,included,
1791,GTZAN,jazz,Jazz,5,jazz\jazz.00035.wav,C:\Genrogram\data\gtzan\genres\jazz\jazz.00035.wav,21f6efba1275994290d51b9b2c594eab793f6d142ae9d7a7dd5f715e5402c840,30.013333,included,
1792,GTZAN,jazz,Jazz,5,jazz\jazz.00035.wav,C:\Genrogram\data\gtzan\genres\jazz\jazz.00035.wav,21f6efba1275994290d51b9b2c594eab793f6d142ae9d7a7dd5f715e5402c840,30.013333,included,
1793,GTZAN,jazz,Jazz,5,jazz\jazz.00036.wav,C:\Genrogram\data\gtzan\genres\jazz\jazz.00036.wav,71392a4031e70f9e0bbdb3b2effc6a9d04570551ce0e46c56d0aa5c9ebfed774,30.013333,included,
1794,GTZAN,jazz,Jazz,5,jazz\jazz.00036.wav,C:\Genrogram\data\gtzan\genres\jazz\jazz.00036.wav,71392a4031e70f9e0bbdb3b2effc6a9d04570551ce0e46c56d0aa5c9ebfed774,30.013333,included,
1795,GTZAN,jazz,Jazz,5,jazz\jazz.00037.wav,C:\Genrogram\data\gtzan\genres\jazz\jazz.00037.wav,78a7de4dc76b4ef6918d5a5318b3201d7bcec8c9425c4e361492c05337681d9a,30.013333,included,
1796,GTZAN,jazz,Jazz,5,jazz\jazz.00037.wav,C:\Genrogram\data\gtzan\genres\jazz\jazz.00037.wav,78a7de4dc76b4ef6918d5a5318b3201d7bcec8c9425c4e361492c05337681d9a,30.013333,included,
1797,GTZAN,jazz,Jazz,5,jazz\jazz.00038.wav,C:\Genrogram\data\gtzan\genres\jazz\jazz.00038.wav,cd762f6bdb93665a2a04014848d63a461ff4dc6a0104a5d2d179f2a28a6663e2,30.013333,included,
1798,GTZAN,jazz,Jazz,5,jazz\jazz.00038.wav,C:\Genrogram\data\gtzan\genres\jazz\jazz.00038.wav,cd762f6bdb93665a2a04014848d63a461ff4dc6a0104a5d2d179f2a28a6663e2,30.013333,included,
1799,GTZAN,jazz,Jazz,5,jazz\jazz.00039.wav,C:\Genrogram\data\gtzan\genres\jazz\jazz.00039.wav,daeb8c67fe66ae48c8cb60a4ddf64c30cc94324e17be72335bc8779ac465d148,30.013333,included,
1800,GTZAN,jazz,Jazz,5,jazz\jazz.00039.wav,C:\Genrogram\data\gtzan\genres\jazz\jazz.00039.wav,daeb8c67fe66ae48c8cb60a4ddf64c30cc94324e17be72335bc8779ac465d148,30.013333,included,
1801,GTZAN,jazz,Jazz,5,jazz\jazz.00040.wav,C:\Genrogram\data\gtzan\genres\jazz\jazz.00040.wav,1c81317f2120576e10d8591c4f8734775001ec4b87ee981b5b70a928fc70ad1a,30.013333,included,
1802,GTZAN,jazz,Jazz,5,jazz\jazz.00040.wav,C:\Genrogram\data\gtzan\genres\jazz\jazz.00040.wav,1c81317f2120576e10d8591c4f8734775001ec4b87ee981b5b70a928fc70ad1a,30.013333,included,
1803,GTZAN,jazz,Jazz,5,jazz\jazz.00041.wav,C:\Genrogram\data\gtzan\genres\jazz\jazz.00041.wav,08fc362a4af03fe1aa66e1310c7869c7003fb1191fc5112169009fdb6c265053,30.013333,included,
1804,GTZAN,jazz,Jazz,5,jazz\jazz.00041.wav,C:\Genrogram\data\gtzan\genres\jazz\jazz.00041.wav,08fc362a4af03fe1aa66e1310c7869c7003fb1191fc5112169009fdb6c265053,30.013333,included,
1805,GTZAN,jazz,Jazz,5,jazz\jazz.00042.wav,C:\Genrogram\data\gtzan\genres\jazz\jazz.00042.wav,3a004de58b5c8d45fc6d52fee87859aede40f43a101099236728c8fcf851720b,30.013333,included,
1806,GTZAN,jazz,Jazz,5,jazz\jazz.00042.wav,C:\Genrogram\data\gtzan\genres\jazz\jazz.00042.wav,3a004de58b5c8d45fc6d52fee87859aede40f43a101099236728c8fcf851720b,30.013333,included,
1807,GTZAN,jazz,Jazz,5,jazz\jazz.00043.wav,C:\Genrogram\data\gtzan\genres\jazz\jazz.00043.wav,ecc433630e2e77623876423b77c4d6668c0c5af9e4acacd969fa82c112e8f141,30.013333,included,
1808,GTZAN,jazz,Jazz,5,jazz\jazz.00043.wav,C:\Genrogram\data\gtzan\genres\jazz\jazz.00043.wav,ecc433630e2e77623876423b77c4d6668c0c5af9e4acacd969fa82c112e8f141,30.013333,included,
1809,GTZAN,jazz,Jazz,5,jazz\jazz.00044.wav,C:\Genrogram\data\gtzan\genres\jazz\jazz.00044.wav,c3d7cb1b11e9a656e6ac1288ca28a083881283f89b80e3d513e64d6eb858c11e,30.013333,included,
1810,GTZAN,jazz,Jazz,5,jazz\jazz.00044.wav,C:\Genrogram\data\gtzan\genres\jazz\jazz.00044.wav,c3d7cb1b11e9a656e6ac1288ca28a083881283f89b80e3d513e64d6eb858c11e,30.013333,included,
1811,GTZAN,jazz,Jazz,5,jazz\jazz.00045.wav,C:\Genrogram\data\gtzan\genres\jazz\jazz.00045.wav,42fab520d410dc76c2e870fdc76469e87e310a75ec92d54be8b108ebb91b91e9,30.013333,included,
1812,GTZAN,jazz,Jazz,5,jazz\jazz.00045.wav,C:\Genrogram\data\gtzan\genres\jazz\jazz.00045.wav,42fab520d410dc76c2e870fdc76469e87e310a75ec92d54be8b108ebb91b91e9,30.013333,included,
1813,GTZAN,jazz,Jazz,5,jazz\jazz.00046.wav,C:\Genrogram\data\gtzan\genres\jazz\jazz.00046.wav,2ade0e0e7fef5cb0b39d22ec49f20bc052b33f5935d633c3bf3fd1e7d052ef9c,30.013333,included,
1814,GTZAN,jazz,Jazz,5,jazz\jazz.00046.wav,C:\Genrogram\data\gtzan\genres\jazz\jazz.00046.wav,2ade0e0e7fef5cb0b39d22ec49f20bc052b33f5935d633c3bf3fd1e7d052ef9c,30.013333,included,
1815,GTZAN,jazz,Jazz,5,jazz\jazz.00047.wav,C:\Genrogram\data\gtzan\genres\jazz\jazz.00047.wav,5033f8caf315fef97975e9aa958bb2ff44b9e899f422f1eee4e8e5d0b1ce2569,30.013333,included,
1816,GTZAN,jazz,Jazz,5,jazz\jazz.00047.wav,C:\Genrogram\data\gtzan\genres\jazz\jazz.00047.wav,5033f8caf315fef97975e9aa958bb2ff44b9e899f422f1eee4e8e5d0b1ce2569,30.013333,included,
1817,GTZAN,jazz,Jazz,5,jazz\jazz.00048.wav,C:\Genrogram\data\gtzan\genres\jazz\jazz.00048.wav,85c688dcf309411d0a423e93c71651bc48a21d3e59f137f41696c7a74cbabe70,30.013333,included,
1818,GTZAN,jazz,Jazz,5,jazz\jazz.00048.wav,C:\Genrogram\data\gtzan\genres\jazz\jazz.00048.wav,85c688dcf309411d0a423e93c71651bc48a21d3e59f137f41696c7a74cbabe70,30.013333,included,
1819,GTZAN,jazz,Jazz,5,jazz\jazz.00049.wav,C:\Genrogram\data\gtzan\genres\jazz\jazz.00049.wav,72464d76d84fb613c345dcffa9a1d9a1b71aeabcaefc7134f7cbc399e3fb8da3,30.007982,included,
1820,GTZAN,jazz,Jazz,5,jazz\jazz.00049.wav,C:\Genrogram\data\gtzan\genres\jazz\jazz.00049.wav,72464d76d84fb613c345dcffa9a1d9a1b71aeabcaefc7134f7cbc399e3fb8da3,30.007982,included,
1821,GTZAN,jazz,Jazz,5,jazz\jazz.00050.wav,C:\Genrogram\data\gtzan\genres\jazz\jazz.00050.wav,cb908bd85f5ecaa82441817374c49498c1e841feb89906626e0a8338ef1f7699,30.351020,included,
1822,GTZAN,jazz,Jazz,5,jazz\jazz.00050.wav,C:\Genrogram\data\gtzan\genres\jazz\jazz.00050.wav,cb908bd85f5ecaa82441817374c49498c1e841feb89906626e0a8338ef1f7699,30.351020,included,
1823,GTZAN,jazz,Jazz,5,jazz\jazz.00051.wav,C:\Genrogram\data\gtzan\genres\jazz\jazz.00051.wav,9e6d966b83baa9ba1a1b4eee78b33b770799744cca4dae9cf97d3ba4c2183d4f,30.013333,included,
1824,GTZAN,jazz,Jazz,5,jazz\jazz.00051.wav,C:\Genrogram\data\gtzan\genres\jazz\jazz.00051.wav,9e6d966b83baa9ba1a1b4eee78b33b770799744cca4dae9cf97d3ba4c2183d4f,30.013333,included,
1825,GTZAN,jazz,Jazz,5,jazz\jazz.00052.wav,C:\Genrogram\data\gtzan\genres\jazz\jazz.00052.wav,be5724e421e6cf3039a1efbd41ee55dd16a72cb76afe8051ef7490933a4909ef,30.201361,included,
1826,GTZAN,jazz,Jazz,5,jazz\jazz.00052.wav,C:\Genrogram\data\gtzan\genres\jazz\jazz.00052.wav,be5724e421e6cf3039a1efbd41ee55dd16a72cb76afe8051ef7490933a4909ef,30.201361,included,
1827,GTZAN,jazz,Jazz,5,jazz\jazz.00053.wav,C:\Genrogram\data\gtzan\genres\jazz\jazz.00053.wav,584ff7dbf603869594ab735b920259664d4e0b2eabf7a17816c1e6f1e0667c7d,30.013333,included,
1828,GTZAN,jazz,Jazz,5,jazz\jazz.00053.wav,C:\Genrogram\data\gtzan\genres\jazz\jazz.00053.wav,584ff7dbf603869594ab735b920259664d4e0b2eabf7a17816c1e6f1e0667c7d,30.013333,included,
1829,GTZAN,jazz,Jazz,5,jazz\jazz.00055.wav,C:\Genrogram\data\gtzan\genres\jazz\jazz.00055.wav,2edadf175272a67ebb507ed6b232d7e63cc09ba1de9da03929bb172708e85bbd,30.013333,included,
1830,GTZAN,jazz,Jazz,5,jazz\jazz.00055.wav,C:\Genrogram\data\gtzan\genres\jazz\jazz.00055.wav,2edadf175272a67ebb507ed6b232d7e63cc09ba1de9da03929bb172708e85bbd,30.013333,included,
1831,GTZAN,jazz,Jazz,5,jazz\jazz.00056.wav,C:\Genrogram\data\gtzan\genres\jazz\jazz.00056.wav,5daf90d10239d383e3e5cc3567c154a7be48d3b8ce528bd4ea1d4b93b182e28e,30.171429,included,
1832,GTZAN,jazz,Jazz,5,jazz\jazz.00056.wav,C:\Genrogram\data\gtzan\genres\jazz\jazz.00056.wav,5daf90d10239d383e3e5cc3567c154a7be48d3b8ce528bd4ea1d4b93b182e28e,30.171429,included,
1833,GTZAN,jazz,Jazz,5,jazz\jazz.00057.wav,C:\Genrogram\data\gtzan\genres\jazz\jazz.00057.wav,4563abab1646cce79f7f2e26fad3eebea2b332f80ed6c0a26839c78fc2dae4a0,30.013333,included,
1834,GTZAN,jazz,Jazz,5,jazz\jazz.00057.wav,C:\Genrogram\data\gtzan\genres\jazz\jazz.00057.wav,4563abab1646cce79f7f2e26fad3eebea2b332f80ed6c0a26839c78fc2dae4a0,30.013333,included,
1835,GTZAN,jazz,Jazz,5,jazz\jazz.00058.wav,C:\Genrogram\data\gtzan\genres\jazz\jazz.00058.wav,0c0a7fd36fd34da7bd52969dfb16a39716544277fa77816170cc6df13b2ab81f,30.013333,included,
1836,GTZAN,jazz,Jazz,5,jazz\jazz.00058.wav,C:\Genrogram\data\gtzan\genres\jazz\jazz.00058.wav,0c0a7fd36fd34da7bd52969dfb16a39716544277fa77816170cc6df13b2ab81f,30.013333,included,
1837,GTZAN,jazz,Jazz,5,jazz\jazz.00059.wav,C:\Genrogram\data\gtzan\genres\jazz\jazz.00059.wav,2e0d16f20bb2342b6052fac7e106f1038a424ec84ab1d979c1059dbc48fbfef3,30.480726,included,
1838,GTZAN,jazz,Jazz,5,jazz\jazz.00059.wav,C:\Genrogram\data\gtzan\genres\jazz\jazz.00059.wav,2e0d16f20bb2342b6052fac7e106f1038a424ec84ab1d979c1059dbc48fbfef3,30.480726,included,
1839,GTZAN,jazz,Jazz,5,jazz\jazz.00060.wav,C:\Genrogram\data\gtzan\genres\jazz\jazz.00060.wav,a77f71fe467b80ae5dae65a38cec197d6ff11d00c114c6d3103bca729d974b89,30.013333,included,
1840,GTZAN,jazz,Jazz,5,jazz\jazz.00060.wav,C:\Genrogram\data\gtzan\genres\jazz\jazz.00060.wav,a77f71fe467b80ae5dae65a38cec197d6ff11d00c114c6d3103bca729d974b89,30.013333,included,
1841,GTZAN,jazz,Jazz,5,jazz\jazz.00061.wav,C:\Genrogram\data\gtzan\genres\jazz\jazz.00061.wav,50993a1787d84934a8b99c6dcb98c2077376e15f75c5f032d58eea2c09af37e8,30.241270,included,
1842,GTZAN,jazz,Jazz,5,jazz\jazz.00061.wav,C:\Genrogram\data\gtzan\genres\jazz\jazz.00061.wav,50993a1787d84934a8b99c6dcb98c2077376e15f75c5f032d58eea2c09af37e8,30.241270,included,
1843,GTZAN,jazz,Jazz,5,jazz\jazz.00062.wav,C:\Genrogram\data\gtzan\genres\jazz\jazz.00062.wav,01372eca2815488ffdf59ab53ced3f13db9779bf67056beb64b2356b378d69d8,30.013333,included,
1844,GTZAN,jazz,Jazz,5,jazz\jazz.00062.wav,C:\Genrogram\data\gtzan\genres\jazz\jazz.00062.wav,01372eca2815488ffdf59ab53ced3f13db9779bf67056beb64b2356b378d69d8,30.013333,included,
1845,GTZAN,jazz,Jazz,5,jazz\jazz.00063.wav,C:\Genrogram\data\gtzan\genres\jazz\jazz.00063.wav,7ca0b52fb221734537a7443981fc7ebba357f4f8396e69e2878252d7e76c5f74,30.351020,included,
1846,GTZAN,jazz,Jazz,5,jazz\jazz.00063.wav,C:\Genrogram\data\gtzan\genres\jazz\jazz.00063.wav,7ca0b52fb221734537a7443981fc7ebba357f4f8396e69e2878252d7e76c5f74,30.351020,included,
1847,GTZAN,jazz,Jazz,5,jazz\jazz.00064.wav,C:\Genrogram\data\gtzan\genres\jazz\jazz.00064.wav,1c8003b5eb4deda1a3ab89635d89c83e6457d33b3e01ae9b77eea74a81c3de89,30.021769,included,
1848,GTZAN,jazz,Jazz,5,jazz\jazz.00064.wav,C:\Genrogram\data\gtzan\genres\jazz\jazz.00064.wav,1c8003b5eb4deda1a3ab89635d89c83e6457d33b3e01ae9b77eea74a81c3de89,30.021769,included,
1849,GTZAN,jazz,Jazz,5,jazz\jazz.00065.wav,C:\Genrogram\data\gtzan\genres\jazz\jazz.00065.wav,513b8bfc7cc739decfb30df576141c7b9096e25397208772cedc2e54f09676a3,30.013333,included,
1850,GTZAN,jazz,Jazz,5,jazz\jazz.00065.wav,C:\Genrogram\data\gtzan\genres\jazz\jazz.00065.wav,513b8bfc7cc739decfb30df576141c7b9096e25397208772cedc2e54f09676a3,30.013333,included,
1851,GTZAN,jazz,Jazz,5,jazz\jazz.00066.wav,C:\Genrogram\data\gtzan\genres\jazz\jazz.00066.wav,202ed253d5da8560b3aec1fd640e9c94ee88b55b5ffa3b553086da0a8f7ce159,30.271202,included,
1852,GTZAN,jazz,Jazz,5,jazz\jazz.00066.wav,C:\Genrogram\data\gtzan\genres\jazz\jazz.00066.wav,202ed253d5da8560b3aec1fd640e9c94ee88b55b5ffa3b553086da0a8f7ce159,30.271202,included,
1853,GTZAN,jazz,Jazz,5,jazz\jazz.00067.wav,C:\Genrogram\data\gtzan\genres\jazz\jazz.00067.wav,c3d6f78a5d1ac1dd9d3c16fccf20eabbcfc2d98625d50131f1748403a1f6a950,30.013333,included,
1854,GTZAN,jazz,Jazz,5,jazz\jazz.00067.wav,C:\Genrogram\data\gtzan\genres\jazz\jazz.00067.wav,c3d6f78a5d1ac1dd9d3c16fccf20eabbcfc2d98625d50131f1748403a1f6a950,30.013333,included,
1855,GTZAN,jazz,Jazz,5,jazz\jazz.00068.wav,C:\Genrogram\data\gtzan\genres\jazz\jazz.00068.wav,5f75034246652cd8863b506d25101f80b60ed30bc32595ced65c1ff7b2b11256,30.013333,included,
1856,GTZAN,jazz,Jazz,5,jazz\jazz.00068.wav,C:\Genrogram\data\gtzan\genres\jazz\jazz.00068.wav,5f75034246652cd8863b506d25101f80b60ed30bc32595ced65c1ff7b2b11256,30.013333,included,
1857,GTZAN,jazz,Jazz,5,jazz\jazz.00069.wav,C:\Genrogram\data\gtzan\genres\jazz\jazz.00069.wav,515d8ee6766b08a5313f501eccf6a331200998af7e4863e7c104d5fb77518a9d,30.013333,included,
1858,GTZAN,jazz,Jazz,5,jazz\jazz.00069.wav,C:\Genrogram\data\gtzan\genres\jazz\jazz.00069.wav,515d8ee6766b08a5313f501eccf6a331200998af7e4863e7c104d5fb77518a9d,30.013333,included,
1859,GTZAN,jazz,Jazz,5,jazz\jazz.00070.wav,C:\Genrogram\data\gtzan\genres\jazz\jazz.00070.wav,9b84fd669252a2b967ab466838d6db702033d363a50bdc9e551258dfe3258d08,30.013333,included,
1860,GTZAN,jazz,Jazz,5,jazz\jazz.00070.wav,C:\Genrogram\data\gtzan\genres\jazz\jazz.00070.wav,9b84fd669252a2b967ab466838d6db702033d363a50bdc9e551258dfe3258d08,30.013333,included,
1861,GTZAN,jazz,Jazz,5,jazz\jazz.00071.wav,C:\Genrogram\data\gtzan\genres\jazz\jazz.00071.wav,faccc3d01c78c1ac4c14a98a01d7f79e860c438ed094922502b49d9087cf4081,30.013333,included,
1862,GTZAN,jazz,Jazz,5,jazz\jazz.00071.wav,C:\Genrogram\data\gtzan\genres\jazz\jazz.00071.wav,faccc3d01c78c1ac4c14a98a01d7f79e860c438ed094922502b49d9087cf4081,30.013333,included,
1863,GTZAN,jazz,Jazz,5,jazz\jazz.00072.wav,C:\Genrogram\data\gtzan\genres\jazz\jazz.00072.wav,c7bf4379acb35d4c3cea6a60fd0ef12e3e53e289fc1b27d9f4f21a1d392c49bc,30.013333,included,
1864,GTZAN,jazz,Jazz,5,jazz\jazz.00072.wav,C:\Genrogram\data\gtzan\genres\jazz\jazz.00072.wav,c7bf4379acb35d4c3cea6a60fd0ef12e3e53e289fc1b27d9f4f21a1d392c49bc,30.013333,included,
1865,GTZAN,jazz,Jazz,5,jazz\jazz.00073.wav,C:\Genrogram\data\gtzan\genres\jazz\jazz.00073.wav,59629df297f30b4c6503d59198455a568ecf5a2182eef7a062b3d59080f29942,30.013333,included,
1866,GTZAN,jazz,Jazz,5,jazz\jazz.00073.wav,C:\Genrogram\data\gtzan\genres\jazz\jazz.00073.wav,59629df297f30b4c6503d59198455a568ecf5a2182eef7a062b3d59080f29942,30.013333,included,
1867,GTZAN,jazz,Jazz,5,jazz\jazz.00074.wav,C:\Genrogram\data\gtzan\genres\jazz\jazz.00074.wav,c75d98a1e49aa3d7322f915f264ff04285f8964c4d3656dbbdddcd7e0fe777d2,30.013333,included,
1868,GTZAN,jazz,Jazz,5,jazz\jazz.00074.wav,C:\Genrogram\data\gtzan\genres\jazz\jazz.00074.wav,c75d98a1e49aa3d7322f915f264ff04285f8964c4d3656dbbdddcd7e0fe777d2,30.013333,included,
1869,GTZAN,jazz,Jazz,5,jazz\jazz.00075.wav,C:\Genrogram\data\gtzan\genres\jazz\jazz.00075.wav,aa4fd45c5b52a9ff290698782433edd40626b22b223ffe4fa4f75e24ccca804b,30.013333,included,
1870,GTZAN,jazz,Jazz,5,jazz\jazz.00075.wav,C:\Genrogram\data\gtzan\genres\jazz\jazz.00075.wav,aa4fd45c5b52a9ff290698782433edd40626b22b223ffe4fa4f75e24ccca804b,30.013333,included,
1871,GTZAN,jazz,Jazz,5,jazz\jazz.00076.wav,C:\Genrogram\data\gtzan\genres\jazz\jazz.00076.wav,a373a74779db98cb6a96701a3a5b5faa769d465d53f5da154e19d883528bb483,30.013333,included,
1872,GTZAN,jazz,Jazz,5,jazz\jazz.00076.wav,C:\Genrogram\data\gtzan\genres\jazz\jazz.00076.wav,a373a74779db98cb6a96701a3a5b5faa769d465d53f5da154e19d883528bb483,30.013333,included,
1873,GTZAN,jazz,Jazz,5,jazz\jazz.00077.wav,C:\Genrogram\data\gtzan\genres\jazz\jazz.00077.wav,9cae361b417f139f8ec7e79d8bf1e9401b8cdbe6adfc128f32bbf0d70962da56,30.013333,included,
1874,GTZAN,jazz,Jazz,5,jazz\jazz.00077.wav,C:\Genrogram\data\gtzan\genres\jazz\jazz.00077.wav,9cae361b417f139f8ec7e79d8bf1e9401b8cdbe6adfc128f32bbf0d70962da56,30.013333,included,
1875,GTZAN,jazz,Jazz,5,jazz\jazz.00078.wav,C:\Genrogram\data\gtzan\genres\jazz\jazz.00078.wav,eafb622a0f13756e4a3c46d761377e4770455378ecd82b464a1febcf62c47ca9,30.013333,included,
1876,GTZAN,jazz,Jazz,5,jazz\jazz.00078.wav,C:\Genrogram\data\gtzan\genres\jazz\jazz.00078.wav,eafb622a0f13756e4a3c46d761377e4770455378ecd82b464a1febcf62c47ca9,30.013333,included,
1877,GTZAN,jazz,Jazz,5,jazz\jazz.00079.wav,C:\Genrogram\data\gtzan\genres\jazz\jazz.00079.wav,1f815b74ae41591880de2a3c380d715861dbcdf41f1ce55b398f409a52466692,30.013333,included,
1878,GTZAN,jazz,Jazz,5,jazz\jazz.00079.wav,C:\Genrogram\data\gtzan\genres\jazz\jazz.00079.wav,1f815b74ae41591880de2a3c380d715861dbcdf41f1ce55b398f409a52466692,30.013333,included,
1879,GTZAN,jazz,Jazz,5,jazz\jazz.00080.wav,C:\Genrogram\data\gtzan\genres\jazz\jazz.00080.wav,dca9b79561c39ab9be257d19d75760ac8cc27529c2c47a07be8bb52d07f2ea7d,30.013333,included,
1880,GTZAN,jazz,Jazz,5,jazz\jazz.00080.wav,C:\Genrogram\data\gtzan\genres\jazz\jazz.00080.wav,dca9b79561c39ab9be257d19d75760ac8cc27529c2c47a07be8bb52d07f2ea7d,30.013333,included,
1881,GTZAN,jazz,Jazz,5,jazz\jazz.00081.wav,C:\Genrogram\data\gtzan\genres\jazz\jazz.00081.wav,ab983553bcf12bcf39c682ef49e971ab1e0b2cb2a9f0af813b71a0a7f45e9af6,30.013333,included,
1882,GTZAN,jazz,Jazz,5,jazz\jazz.00081.wav,C:\Genrogram\data\gtzan\genres\jazz\jazz.00081.wav,ab983553bcf12bcf39c682ef49e971ab1e0b2cb2a9f0af813b71a0a7f45e9af6,30.013333,included,
1883,GTZAN,jazz,Jazz,5,jazz\jazz.00082.wav,C:\Genrogram\data\gtzan\genres\jazz\jazz.00082.wav,a97c10f4f5a85702ddbbc28a32b98cf08a37a058caa371fee578e0a879b0cfd8,30.013333,included,
1884,GTZAN,jazz,Jazz,5,jazz\jazz.00082.wav,C:\Genrogram\data\gtzan\genres\jazz\jazz.00082.wav,a97c10f4f5a85702ddbbc28a32b98cf08a37a058caa371fee578e0a879b0cfd8,30.013333,included,
1885,GTZAN,jazz,Jazz,5,jazz\jazz.00083.wav,C:\Genrogram\data\gtzan\genres\jazz\jazz.00083.wav,1c77afa3fde632ed644a1372eca88bf63fcbe7559519f373adacfac579486227,30.013333,included,
1886,GTZAN,jazz,Jazz,5,jazz\jazz.00083.wav,C:\Genrogram\data\gtzan\genres\jazz\jazz.00083.wav,1c77afa3fde632ed644a1372eca88bf63fcbe7559519f373adacfac579486227,30.013333,included,
1887,GTZAN,jazz,Jazz,5,jazz\jazz.00084.wav,C:\Genrogram\data\gtzan\genres\jazz\jazz.00084.wav,8261bf167fc3d497a8ad6f0b6093fd3cc860e28c4056f0c45fb1f9c65211848e,30.013333,included,
1888,GTZAN,jazz,Jazz,5,jazz\jazz.00084.wav,C:\Genrogram\data\gtzan\genres\jazz\jazz.00084.wav,8261bf167fc3d497a8ad6f0b6093fd3cc860e28c4056f0c45fb1f9c65211848e,30.013333,included,
1889,GTZAN,jazz,Jazz,5,jazz\jazz.00085.wav,C:\Genrogram\data\gtzan\genres\jazz\jazz.00085.wav,41868c1490bcfdecfec8e84af169f1b71db460f10ce231c59799967f4b60cb27,30.013333,included,
1890,GTZAN,jazz,Jazz,5,jazz\jazz.00085.wav,C:\Genrogram\data\gtzan\genres\jazz\jazz.00085.wav,41868c1490bcfdecfec8e84af169f1b71db460f10ce231c59799967f4b60cb27,30.013333,included,
1891,GTZAN,jazz,Jazz,5,jazz\jazz.00086.wav,C:\Genrogram\data\gtzan\genres\jazz\jazz.00086.wav,d70feacbbb642a9e022aefbacec90153d9d8713b9ffac46804e5e15912254f4a,30.013333,included,
1892,GTZAN,jazz,Jazz,5,jazz\jazz.00086.wav,C:\Genrogram\data\gtzan\genres\jazz\jazz.00086.wav,d70feacbbb642a9e022aefbacec90153d9d8713b9ffac46804e5e15912254f4a,30.013333,included,
1893,GTZAN,jazz,Jazz,5,jazz\jazz.00087.wav,C:\Genrogram\data\gtzan\genres\jazz\jazz.00087.wav,b2314bac9f7377f0135aa905803f7822ef63cf2b6dda7290e9f1dc1924c62678,30.013333,included,
1894,GTZAN,jazz,Jazz,5,jazz\jazz.00087.wav,C:\Genrogram\data\gtzan\genres\jazz\jazz.00087.wav,b2314bac9f7377f0135aa905803f7822ef63cf2b6dda7290e9f1dc1924c62678,30.013333,included,
1895,GTZAN,jazz,Jazz,5,jazz\jazz.00088.wav,C:\Genrogram\data\gtzan\genres\jazz\jazz.00088.wav,7b6ad878c186c28d8a43d0b13f59c822215696a4950a7b90d9fcc3d1d5a977e0,30.013333,included,
1896,GTZAN,jazz,Jazz,5,jazz\jazz.00088.wav,C:\Genrogram\data\gtzan\genres\jazz\jazz.00088.wav,7b6ad878c186c28d8a43d0b13f59c822215696a4950a7b90d9fcc3d1d5a977e0,30.013333,included,
1897,GTZAN,jazz,Jazz,5,jazz\jazz.00089.wav,C:\Genrogram\data\gtzan\genres\jazz\jazz.00089.wav,add377631ba88313df49b9c2c759ac76689954058e1f5bee32c168b1f99a59d4,30.013333,included,
1898,GTZAN,jazz,Jazz,5,jazz\jazz.00089.wav,C:\Genrogram\data\gtzan\genres\jazz\jazz.00089.wav,add377631ba88313df49b9c2c759ac76689954058e1f5bee32c168b1f99a59d4,30.013333,included,
1899,GTZAN,jazz,Jazz,5,jazz\jazz.00090.wav,C:\Genrogram\data\gtzan\genres\jazz\jazz.00090.wav,54595f0e4fd917e575157b0e798514a5ee445597e1e711471ac77e3e47e1e8ec,30.013333,included,
1900,GTZAN,jazz,Jazz,5,jazz\jazz.00090.wav,C:\Genrogram\data\gtzan\genres\jazz\jazz.00090.wav,54595f0e4fd917e575157b0e798514a5ee445597e1e711471ac77e3e47e1e8ec,30.013333,included,
1901,GTZAN,jazz,Jazz,5,jazz\jazz.00091.wav,C:\Genrogram\data\gtzan\genres\jazz\jazz.00091.wav,c0f7d8e80974b4f3ac5845cb26eda97f41301bd23a9902124ef0b2cbd68db200,30.013333,included,
1902,GTZAN,jazz,Jazz,5,jazz\jazz.00091.wav,C:\Genrogram\data\gtzan\genres\jazz\jazz.00091.wav,c0f7d8e80974b4f3ac5845cb26eda97f41301bd23a9902124ef0b2cbd68db200,30.013333,included,
1903,GTZAN,jazz,Jazz,5,jazz\jazz.00092.wav,C:\Genrogram\data\gtzan\genres\jazz\jazz.00092.wav,a8809c6c5ca3c1e3528bab62368b9f013a0116d16b7dab301992accfb8c2be2c,30.013333,included,
1904,GTZAN,jazz,Jazz,5,jazz\jazz.00092.wav,C:\Genrogram\data\gtzan\genres\jazz\jazz.00092.wav,a8809c6c5ca3c1e3528bab62368b9f013a0116d16b7dab301992accfb8c2be2c,30.013333,included,
1905,GTZAN,jazz,Jazz,5,jazz\jazz.00093.wav,C:\Genrogram\data\gtzan\genres\jazz\jazz.00093.wav,38053e8ef86ebf9e30cfba367d002fff566e8424335ad2c8e25a9d4000dde7ca,30.013333,included,
1906,GTZAN,jazz,Jazz,5,jazz\jazz.00093.wav,C:\Genrogram\data\gtzan\genres\jazz\jazz.00093.wav,38053e8ef86ebf9e30cfba367d002fff566e8424335ad2c8e25a9d4000dde7ca,30.013333,included,
1907,GTZAN,jazz,Jazz,5,jazz\jazz.00094.wav,C:\Genrogram\data\gtzan\genres\jazz\jazz.00094.wav,878fc23d117d18294cc5da3a1c24191e49986207879a31be1bda196c2af7b4f9,30.013333,included,
1908,GTZAN,jazz,Jazz,5,jazz\jazz.00094.wav,C:\Genrogram\data\gtzan\genres\jazz\jazz.00094.wav,878fc23d117d18294cc5da3a1c24191e49986207879a31be1bda196c2af7b4f9,30.013333,included,
1909,GTZAN,jazz,Jazz,5,jazz\jazz.00095.wav,C:\Genrogram\data\gtzan\genres\jazz\jazz.00095.wav,9784b3b20f738092712b8bca229c876a42460785e2545cf547aa439d4688190f,30.013333,included,
1910,GTZAN,jazz,Jazz,5,jazz\jazz.00095.wav,C:\Genrogram\data\gtzan\genres\jazz\jazz.00095.wav,9784b3b20f738092712b8bca229c876a42460785e2545cf547aa439d4688190f,30.013333,included,
1911,GTZAN,jazz,Jazz,5,jazz\jazz.00096.wav,C:\Genrogram\data\gtzan\genres\jazz\jazz.00096.wav,af2f2e085e45609278b512d0faeff9aa74348e717aa5a0d75ed6b650318c5722,30.013333,included,
1912,GTZAN,jazz,Jazz,5,jazz\jazz.00096.wav,C:\Genrogram\data\gtzan\genres\jazz\jazz.00096.wav,af2f2e085e45609278b512d0faeff9aa74348e717aa5a0d75ed6b650318c5722,30.013333,included,
1913,GTZAN,jazz,Jazz,5,jazz\jazz.00097.wav,C:\Genrogram\data\gtzan\genres\jazz\jazz.00097.wav,bda1d794a0893b7e7ac06d150db03344c7db01a5bca187d0254f91a43d0f9a96,30.013333,included,
1914,GTZAN,jazz,Jazz,5,jazz\jazz.00097.wav,C:\Genrogram\data\gtzan\genres\jazz\jazz.00097.wav,bda1d794a0893b7e7ac06d150db03344c7db01a5bca187d0254f91a43d0f9a96,30.013333,included,
1915,GTZAN,jazz,Jazz,5,jazz\jazz.00098.wav,C:\Genrogram\data\gtzan\genres\jazz\jazz.00098.wav,9c7b15c5d652a657eecc5bd0f37ca1abab993bafaebc757f02fcd354b73598d9,30.013333,included,
1916,GTZAN,jazz,Jazz,5,jazz\jazz.00098.wav,C:\Genrogram\data\gtzan\genres\jazz\jazz.00098.wav,9c7b15c5d652a657eecc5bd0f37ca1abab993bafaebc757f02fcd354b73598d9,30.013333,included,
1917,GTZAN,jazz,Jazz,5,jazz\jazz.00099.wav,C:\Genrogram\data\gtzan\genres\jazz\jazz.00099.wav,e72759b6dea8d8cf62f3ab3f6bdac8f6594243cfc9660443a26e589c91218a12,30.013333,included,
1918,GTZAN,jazz,Jazz,5,jazz\jazz.00099.wav,C:\Genrogram\data\gtzan\genres\jazz\jazz.00099.wav,e72759b6dea8d8cf62f3ab3f6bdac8f6594243cfc9660443a26e589c91218a12,30.013333,included,
1919,Navrasa,K-Pop,K-Pop,12,K-Pop\Global\K-Pop\7clouds_-_HUNTRIX_What_It_Sounds_Like_Lyrics_KPop_Demon_Hunters.wav,C:\Genrogram\data\expanded_raw\K-Pop\Global\K-Pop\7clouds_-_HUNTRIX_What_It_Sounds_Like_Lyrics_KPop_Demon_Hunters.wav,64ce88c02804568ca5f34551a4a121e7ddd17ec61ccdbc2b88251af60410dc75,30.000000,included,
1920,Navrasa,K-Pop,K-Pop,12,K-Pop\Global\K-Pop\7clouds_-_Huntrix_Golden_Lyrics_KPop_Demon_Hunters.wav,C:\Genrogram\data\expanded_raw\K-Pop\Global\K-Pop\7clouds_-_Huntrix_Golden_Lyrics_KPop_Demon_Hunters.wav,d77e7c8e35a4f81a680e91a7ec3f08fa6fd98780f3e5500378c708891ab97413,30.000000,included,
1921,Navrasa,K-Pop,K-Pop,12,K-Pop\Global\K-Pop\AE_Top_Musics_-_Top_10_Most_Viewed_KPOP_Music_Videos_Each_Year_2009_to_2023.wav,C:\Genrogram\data\expanded_raw\K-Pop\Global\K-Pop\AE_Top_Musics_-_Top_10_Most_Viewed_KPOP_Music_Videos_Each_Year_2009_to_2023.wav,8c0e47dc6a9991730a9d92bd26b63cf85bbe77b838d0695ad78995ae4e5773f3,30.000000,included,
1922,Navrasa,K-Pop,K-Pop,12,K-Pop\Global\K-Pop\AE_Top_Musics_-_Top_10_Most_Viewed_KPOP_Music_Videos_Each_Year_2010_to_2022.wav,C:\Genrogram\data\expanded_raw\K-Pop\Global\K-Pop\AE_Top_Musics_-_Top_10_Most_Viewed_KPOP_Music_Videos_Each_Year_2010_to_2022.wav,0f549ad15ff1ff6a94627a0b802fcc3beae699db29c0ec2a928825a2c9e83038,30.000000,included,
1923,Navrasa,K-Pop,K-Pop,12,K-Pop\Global\K-Pop\Animation_Society_-_Huntrixs_Takedown_Song_K_Pop_Demon_Hunters_Clip_2025.wav,C:\Genrogram\data\expanded_raw\K-Pop\Global\K-Pop\Animation_Society_-_Huntrixs_Takedown_Song_K_Pop_Demon_Hunters_Clip_2025.wav,aab314945d714df8f44beef2562cbb06788b52d81dc9d7b67bed56ba6097f5f2,30.000000,included,
1924,Navrasa,K-Pop,K-Pop,12,K-Pop\Global\K-Pop\Animation_Society_-_Huntrixs_What_It_Sounds_Like_Song_K_Pop_Demon_Hunters_Clip_2025.wav,C:\Genrogram\data\expanded_raw\K-Pop\Global\K-Pop\Animation_Society_-_Huntrixs_What_It_Sounds_Like_Song_K_Pop_Demon_Hunters_Clip_2025.wav,21d5e627885beab7d9242e9b1a51490dc1fc71b4a76e2ad189c4fc68152af4d5,30.000000,included,
1925,Navrasa,K-Pop,K-Pop,12,K-Pop\Global\K-Pop\Astreen_-_POPULAR_KPOP_RANDOM_DANCE_MIRRORED_Everyone_know.wav,C:\Genrogram\data\expanded_raw\K-Pop\Global\K-Pop\Astreen_-_POPULAR_KPOP_RANDOM_DANCE_MIRRORED_Everyone_know.wav,8dfc887976ef6fc0ff3a4f5b2b70a9c778bfde428e2e228448a25f0cac6b3138,30.000000,included,
1926,Navrasa,K-Pop,K-Pop,12,K-Pop\Global\K-Pop\BTS_-_Dynamite.wav,C:\Genrogram\data\expanded_raw\K-Pop\Global\K-Pop\BTS_-_Dynamite.wav,c08c3991d2e309b5bcadd71e9d1000f557f77050ba55750ee3ad86bb8236f836,30.000000,included,
1927,Navrasa,K-Pop,K-Pop,12,K-Pop\Global\K-Pop\Binnieisbae_-_the_BEST_kpop_songs_of_2025.wav,C:\Genrogram\data\expanded_raw\K-Pop\Global\K-Pop\Binnieisbae_-_the_BEST_kpop_songs_of_2025.wav,23cdebfbc258fd93aa7ab1f80ac937f5e0cde8a3820cef66b7a21d69941e23af,30.000000,included,
1928,Navrasa,K-Pop,K-Pop,12,K-Pop\Global\K-Pop\Bongo_Cat_-_KPop_Demon_Hunters_Playlist_Bongo_Cat_Cover_Version.wav,C:\Genrogram\data\expanded_raw\K-Pop\Global\K-Pop\Bongo_Cat_-_KPop_Demon_Hunters_Playlist_Bongo_Cat_Cover_Version.wav,ae8fd9337709e1a2b41941854b2e22a5e19da351abc1b1f3f89639c3ea3a5daa,30.000000,included,
1929,Navrasa,K-Pop,K-Pop,12,K-Pop\Global\K-Pop\Britains_Got_Talent_-_K_pop_boyband_BLITZERS_cover_Shawn_Mendes_hit_Auditions_BGT_2024.wav,C:\Genrogram\data\expanded_raw\K-Pop\Global\K-Pop\Britains_Got_Talent_-_K_pop_boyband_BLITZERS_cover_Shawn_Mendes_hit_Auditions_BGT_2024.wav,6db7dc6d1aef6c425bfa467d5cc95e2841d1c452ffcd131fa50c1e6565f033b6,30.000000,included,
1930,Navrasa,K-Pop,K-Pop,12,K-Pop\Global\K-Pop\Clip_-_Takedown_Song_K_POP_DEMON_HUNTERS_Clip_2025.wav,C:\Genrogram\data\expanded_raw\K-Pop\Global\K-Pop\Clip_-_Takedown_Song_K_POP_DEMON_HUNTERS_Clip_2025.wav,97bbbcfbb31028a0ff6c0d0c7f4cd326d476f793a9ba399597d4f0be269e3779,30.000000,included,
1931,Navrasa,K-Pop,K-Pop,12,K-Pop\Global\K-Pop\Clip_-_What_It_Sounds_Like_Song_K_POP_DEMON_HUNTERS_Clip_2025.wav,C:\Genrogram\data\expanded_raw\K-Pop\Global\K-Pop\Clip_-_What_It_Sounds_Like_Song_K_POP_DEMON_HUNTERS_Clip_2025.wav,abe64061953b8a21c3f9b00036b350190590e74bfe6b724b542bf0c53477757c,30.000000,included,
1932,Navrasa,K-Pop,K-Pop,12,K-Pop\Global\K-Pop\Cougar_macdowall_Va_-_Golden_Saja_Boys_Version_KPop_Demon_Hunters_Animation_Male_Cover.wav,C:\Genrogram\data\expanded_raw\K-Pop\Global\K-Pop\Cougar_macdowall_Va_-_Golden_Saja_Boys_Version_KPop_Demon_Hunters_Animation_Male_Cover.wav,544a46ec86ccf6627a2ba298676980bade2fb0417915a0823ae895b0517ff149,30.000000,included,
1933,Navrasa,K-Pop,K-Pop,12,K-Pop\Global\K-Pop\Dailykedit_-_kpop_idols_who_are_more_popular_than_their_whole_group_trendingkpopexplorefypgoviralshortsbts.wav,C:\Genrogram\data\expanded_raw\K-Pop\Global\K-Pop\Dailykedit_-_kpop_idols_who_are_more_popular_than_their_whole_group_trendingkpopexplorefypgoviralshortsbts.wav,093cc3a5249a29d62fb845323e643d84aaed556a44baa6c1c7a94591937bf9d0,4.848753,included,
1934,Navrasa,K-Pop,K-Pop,12,K-Pop\Global\K-Pop\Danny_Phantom_exe_Dannyphantomexe_-_UNOFFICIAL_Your_Idol_Music_Video_KPop_Demon_Hunters.wav,C:\Genrogram\data\expanded_raw\K-Pop\Global\K-Pop\Danny_Phantom_exe_Dannyphantomexe_-_UNOFFICIAL_Your_Idol_Music_Video_KPop_Demon_Hunters.wav,f290825fa38bb678019164d5f3ba77bed098477c157ed888ec0f9f0512edee2e,30.000000,included,
1935,Navrasa,K-Pop,K-Pop,12,K-Pop\Global\K-Pop\Darius_Schultz_-_Top_6_K_Pop_Demon_Hunters_Songs_CD_MUSIC.wav,C:\Genrogram\data\expanded_raw\K-Pop\Global\K-Pop\Darius_Schultz_-_Top_6_K_Pop_Demon_Hunters_Songs_CD_MUSIC.wav,01f2f7de8814db0510ba9ca86f059c32de3db7e6273091fc18d27792fd2d630b,30.000000,included,
1936,Navrasa,K-Pop,K-Pop,12,K-Pop\Global\K-Pop\Darius_Schultz_-_Top_8_K_Pop_Demon_Hunters_Songs_CD_MUSIC.wav,C:\Genrogram\data\expanded_raw\K-Pop\Global\K-Pop\Darius_Schultz_-_Top_8_K_Pop_Demon_Hunters_Songs_CD_MUSIC.wav,2386a442470d3c056d98a627b8749d1344fd766614e3a476ad1aa139106b4c2b,30.000000,included,
1937,Navrasa,K-Pop,K-Pop,12,K-Pop\Global\K-Pop\Demon_Rock_-_Top_K_Pop_Rock_Bangers_for_2025_Must_Listen_Demon_Hunter_Tracks.wav,C:\Genrogram\data\expanded_raw\K-Pop\Global\K-Pop\Demon_Rock_-_Top_K_Pop_Rock_Bangers_for_2025_Must_Listen_Demon_Hunter_Tracks.wav,c44c737988dd448540c684d849217089d5fb935d250913343ec48b3f61f2b966,30.000000,included,
1938,Navrasa,K-Pop,K-Pop,12,K-Pop\Global\K-Pop\Dj_GG_-_All_Christmas_Songs_Kpop_Demon_Hunters.wav,C:\Genrogram\data\expanded_raw\K-Pop\Global\K-Pop\Dj_GG_-_All_Christmas_Songs_Kpop_Demon_Hunters.wav,7330dc87ea9ed923c77db2f838971815cbc7ba5018431c59c63974f43735cf6a,30.000000,included,
1939,Navrasa,K-Pop,K-Pop,12,K-Pop\Global\K-Pop\Dj_GG_-_What_Halloween_Sounds_Like_Song_Kpop_Demon_Hunters.wav,C:\Genrogram\data\expanded_raw\K-Pop\Global\K-Pop\Dj_GG_-_What_Halloween_Sounds_Like_Song_Kpop_Demon_Hunters.wav,1ff195862b83875dadf225f452dabff6714df2a10c20a6f737918a8ff80c760a,30.000000,included,
1940,Navrasa,K-Pop,K-Pop,12,K-Pop\Global\K-Pop\Enamor_-_TOP_10_K_POP_MOST_LEGENDARY_VOCAL_COVERSblackpink_bts_babymonster_shorts_fyp.wav,C:\Genrogram\data\expanded_raw\K-Pop\Global\K-Pop\Enamor_-_TOP_10_K_POP_MOST_LEGENDARY_VOCAL_COVERSblackpink_bts_babymonster_shorts_fyp.wav,44509c57eda6f9fa2f4fbac48f94272af01a294794c638e604f2624f47fd3ee2,30.000000,included,
1941,Navrasa,K-Pop,K-Pop,12,K-Pop\Global\K-Pop\Eunsuk_-_K_POP_Nhc_Hn_Quc_PLAYLIST_2NE1_BIG_BANG_SNSD_SUPER_JUNIOR_MISS_A_2PM_WONDER_GIRLS_APINK.wav,C:\Genrogram\data\expanded_raw\K-Pop\Global\K-Pop\Eunsuk_-_K_POP_Nhc_Hn_Quc_PLAYLIST_2NE1_BIG_BANG_SNSD_SUPER_JUNIOR_MISS_A_2PM_WONDER_GIRLS_APINK.wav,8873134845886bd6b0ac14f04b715573a93a71ae307561b3989bf65c28a475b6,30.000000,included,
1942,Navrasa,K-Pop,K-Pop,12,K-Pop\Global\K-Pop\HAPIKATO_-_Kpop_Demon_Hunters_Song_Compilation_Marble_Music.wav,C:\Genrogram\data\expanded_raw\K-Pop\Global\K-Pop\HAPIKATO_-_Kpop_Demon_Hunters_Song_Compilation_Marble_Music.wav,7cf9570bc9ca0a42826312d5ac61bba271a4c176fc8b8a475c341c6e5b9df6ad,30.000000,included,
1943,Navrasa,K-Pop,K-Pop,12,K-Pop\Global\K-Pop\HUNTRX_-_Golden.wav,C:\Genrogram\data\expanded_raw\K-Pop\Global\K-Pop\HUNTRX_-_Golden.wav,ccd42e11784a4edb2ba478cd13bc66f87dcefdbfa043bc25c16f5dd2266a8183,30.000000,included,
1944,Navrasa,K-Pop,K-Pop,12,K-Pop\Global\K-Pop\HYBE_LABELS_-_KATSEYE_Touch_Official_MV.wav,C:\Genrogram\data\expanded_raw\K-Pop\Global\K-Pop\HYBE_LABELS_-_KATSEYE_Touch_Official_MV.wav,6fa5067c5354202df06ff395397028082595962ef86f2f3778207046ad7a441d,30.000000,included,
1945,Navrasa,K-Pop,K-Pop,12,K-Pop\Global\K-Pop\Hall_Hyoo_-_Best_Girl_Group_KPop_Remixes_2025_party_DJ_mix_live_2.wav,C:\Genrogram\data\expanded_raw\K-Pop\Global\K-Pop\Hall_Hyoo_-_Best_Girl_Group_KPop_Remixes_2025_party_DJ_mix_live_2.wav,96fc057201e2faa463f4a08b45e23f974fb0568259a56aa9605ba0647368c58f,30.000000,included,
1946,Navrasa,K-Pop,K-Pop,12,K-Pop\Global\K-Pop\Hey_Quiz_Kpop_-_Top_100_Most_VIEWED_KPOP_Songs_of_All_Time.wav,C:\Genrogram\data\expanded_raw\K-Pop\Global\K-Pop\Hey_Quiz_Kpop_-_Top_100_Most_VIEWED_KPOP_Songs_of_All_Time.wav,52c2b8ee0ce6e99082831523b9444406171075eae8efc4b2051a63bef3cb121a,30.000000,included,
1947,Navrasa,K-Pop,K-Pop,12,K-Pop\Global\K-Pop\Honeypuu_-_KPOP_RANDOM_DANCE_ICONICNEWOLDPOPULAR.wav,C:\Genrogram\data\expanded_raw\K-Pop\Global\K-Pop\Honeypuu_-_KPOP_RANDOM_DANCE_ICONICNEWOLDPOPULAR.wav,5e40dfa0374aa3bdb285294b2b512ef9f57917e52317330f3249d287fb76771c,30.000000,included,
1948,Navrasa,K-Pop,K-Pop,12,K-Pop\Global\K-Pop\Jaeguchi_-_Saja_Boys_Kpop_Demon_Hunters_Soda_Pop_Color_Coded_Lyrics.wav,C:\Genrogram\data\expanded_raw\K-Pop\Global\K-Pop\Jaeguchi_-_Saja_Boys_Kpop_Demon_Hunters_Soda_Pop_Color_Coded_Lyrics.wav,0e907243eb196531dd84d34c91245fcdf4a279e51d256fa0c1f1bc0847d72ad9,30.000000,included,
1949,Navrasa,K-Pop,K-Pop,12,K-Pop\Global\K-Pop\Jennx_-_PLAYLIST_KPOP_NEWS_SONG_INCONC.wav,C:\Genrogram\data\expanded_raw\K-Pop\Global\K-Pop\Jennx_-_PLAYLIST_KPOP_NEWS_SONG_INCONC.wav,73b4a1aa05a47d639bb0553cfd171bcd46676b5fc8ef107df8ae6dc24b2798d3,30.000000,included,
1950,Navrasa,K-Pop,K-Pop,12,K-Pop\Global\K-Pop\JoBlo_Animated_Videos_-_Your_Idol_Song_Scene_KPOP_DEMON_HUNTERS_2025_Movie_CLIP_HD.wav,C:\Genrogram\data\expanded_raw\K-Pop\Global\K-Pop\JoBlo_Animated_Videos_-_Your_Idol_Song_Scene_KPOP_DEMON_HUNTERS_2025_Movie_CLIP_HD.wav,2f33b5d19eb88552eb4f718dc934e36edcd020d3aade5518fb6b41ad8ccb2033,30.000000,included,
1951,Navrasa,K-Pop,K-Pop,12,K-Pop\Global\K-Pop\KPOPCALCAL_-_KPOP_RANDOM_DANCE_NEW_POPULAR_MIRRORED.wav,C:\Genrogram\data\expanded_raw\K-Pop\Global\K-Pop\KPOPCALCAL_-_KPOP_RANDOM_DANCE_NEW_POPULAR_MIRRORED.wav,af6798ea2e59dc03663a95a95d21d11f44725ff9307e911b65f7af04bb6d12cd,30.000000,included,
1952,Navrasa,K-Pop,K-Pop,12,K-Pop\Global\K-Pop\KPop_Demon_Hunters_Cast_-_Rumi_Jinu_Free_Music_Video_KPop_Demon_Hunters_Netflix_Philippines.wav,C:\Genrogram\data\expanded_raw\K-Pop\Global\K-Pop\KPop_Demon_Hunters_Cast_-_Rumi_Jinu_Free_Music_Video_KPop_Demon_Hunters_Netflix_Philippines.wav,fc90c77b364f18c04b0b9d1bc1a97b8e985e2a8835708c7829727790bf8df2b8,30.000000,included,
1953,Navrasa,K-Pop,K-Pop,12,K-Pop\Global\K-Pop\K_Music_Indonesia_-_TOP_KPOP_PLAYLIST_2025_Trending_Kpop_Songs_2025_Week_1_December_Top_Lagu_Kpop_Terpopuler.wav,C:\Genrogram\data\expanded_raw\K-Pop\Global\K-Pop\K_Music_Indonesia_-_TOP_KPOP_PLAYLIST_2025_Trending_Kpop_Songs_2025_Week_1_December_Top_Lagu_Kpop_Terpopuler.wav,5eb2723b74e9d92e54d44607716161a372e6d288d9013c77e763db049e67518a,30.000000,included,
1954,Navrasa,K-Pop,K-Pop,12,K-Pop\Global\K-Pop\K_Music_Indonesia_-_TOP_KPOP_PLAYLIST_2025_Trending_Kpop_Songs_2025_Week_5_Oct.wav,C:\Genrogram\data\expanded_raw\K-Pop\Global\K-Pop\K_Music_Indonesia_-_TOP_KPOP_PLAYLIST_2025_Trending_Kpop_Songs_2025_Week_5_Oct.wav,420f13dd7b177c7d8ddb3813ee3e68eb610637d61a5a53ebae9c8e8eaa6b945a,30.000000,included,
1955,Navrasa,K-Pop,K-Pop,12,K-Pop\Global\K-Pop\K_Music_Quiz_-_From_A_to_Z_SAVE_ONE_KPOP_SONG_Popular_Kpop_Songs_Kpop_Games_2025.wav,C:\Genrogram\data\expanded_raw\K-Pop\Global\K-Pop\K_Music_Quiz_-_From_A_to_Z_SAVE_ONE_KPOP_SONG_Popular_Kpop_Songs_Kpop_Games_2025.wav,4dc0a8159324ef3b8a525854fcc2d936d28512a0dddb8100088efd12056768bc,30.000000,included,
1956,Navrasa,K-Pop,K-Pop,12,K-Pop\Global\K-Pop\K_NAM_-_KPOP_PLAYLIST_2025_NEW_SONGS_Hits_Popular_Dance_Working.wav,C:\Genrogram\data\expanded_raw\K-Pop\Global\K-Pop\K_NAM_-_KPOP_PLAYLIST_2025_NEW_SONGS_Hits_Popular_Dance_Working.wav,4572029446b93847bca84de1e8ffa79e16291a2f899c182bbf56e567179bead3,30.000000,included,
1957,Navrasa,K-Pop,K-Pop,12,K-Pop\Global\K-Pop\K_NAM_-_KPOP_PLAYLIST_GIRL_GROUP_SONGS_Hits_Popular_Dance_Working.wav,C:\Genrogram\data\expanded_raw\K-Pop\Global\K-Pop\K_NAM_-_KPOP_PLAYLIST_GIRL_GROUP_SONGS_Hits_Popular_Dance_Working.wav,139398d51de2fe031dc3fbfe3ee3f350e3445860c801d9721b4eb1bec67608a8,30.000000,included,
1958,Navrasa,K-Pop,K-Pop,12,K-Pop\Global\K-Pop\K_POP_Lite_-_KPOP_PLAYLIST_2025_K_POP_Lite.wav,C:\Genrogram\data\expanded_raw\K-Pop\Global\K-Pop\K_POP_Lite_-_KPOP_PLAYLIST_2025_K_POP_Lite.wav,19ca1c534a71c00721fcd193e1dc55b836a5366433a24fbd4541a0d7a53e1a41,30.000000,included,
1959,Navrasa,K-Pop,K-Pop,12,K-Pop\Global\K-Pop\K_Quiz_-_FINISH_THE_LYRICS_KPOP_SONGS_MUSIC_QUIZ_2025.wav,C:\Genrogram\data\expanded_raw\K-Pop\Global\K-Pop\K_Quiz_-_FINISH_THE_LYRICS_KPOP_SONGS_MUSIC_QUIZ_2025.wav,8c5d5cac462479f40efdf8bfda2e48679e8339891815a0cffb857c5be9a45432,30.000000,included,
1960,Navrasa,K-Pop,K-Pop,12,K-Pop\Global\K-Pop\K_Ville_Entertainment_-_K_POP_SONG_CHART_OCTOBER_2025_WEEK_2.wav,C:\Genrogram\data\expanded_raw\K-Pop\Global\K-Pop\K_Ville_Entertainment_-_K_POP_SONG_CHART_OCTOBER_2025_WEEK_2.wav,f266a6c7fe6946851638eec482291ac9325d15a9a6909bad803d45d2ef0e55dc,30.000000,included,
1961,Navrasa,K-Pop,K-Pop,12,K-Pop\Global\K-Pop\K_Ville_Entertainment_-_TOP_100_MOST_VIEWED_K_POP_SONGS_OF_2024_NOVEMBER_WEEK_1.wav,C:\Genrogram\data\expanded_raw\K-Pop\Global\K-Pop\K_Ville_Entertainment_-_TOP_100_MOST_VIEWED_K_POP_SONGS_OF_2024_NOVEMBER_WEEK_1.wav,7c4b47337d93907a7196c81d47ae19d8c5a2332f7374d93a41035ceebf6a1495,30.000000,included,
1962,Navrasa,K-Pop,K-Pop,12,K-Pop\Global\K-Pop\K_Ville_Entertainment_-_TOP_100_MOST_VIEWED_K_POP_SONGS_OF_2025_NOVEMBER_WEEK_1.wav,C:\Genrogram\data\expanded_raw\K-Pop\Global\K-Pop\K_Ville_Entertainment_-_TOP_100_MOST_VIEWED_K_POP_SONGS_OF_2025_NOVEMBER_WEEK_1.wav,736bdb1d834e9c6a000a67858787beafec1802c71e35af2ee044d3bfc4820a8c,30.000000,included,
1963,Navrasa,K-Pop,K-Pop,12,K-Pop\Global\K-Pop\K_Ville_Entertainment_-_TOP_200_MOST_VIEWED_K_POP_SONGS_OF_ALL_TIME_NOVEMBER_2025.wav,C:\Genrogram\data\expanded_raw\K-Pop\Global\K-Pop\K_Ville_Entertainment_-_TOP_200_MOST_VIEWED_K_POP_SONGS_OF_ALL_TIME_NOVEMBER_2025.wav,033b760a7939358c753ac278d4b83ea5ce82a735a4e19d10f9eae3c528fe9054,30.000000,included,
1964,Navrasa,K-Pop,K-Pop,12,K-Pop\Global\K-Pop\Kids_Academy_-_KPop_Demon_Hunters_Song_Animated_Music_Video.wav,C:\Genrogram\data\expanded_raw\K-Pop\Global\K-Pop\Kids_Academy_-_KPop_Demon_Hunters_Song_Animated_Music_Video.wav,96481f92720cffd9b32f1b1d75402b5815606c810e29f88317f01e6f58ba4618,30.000000,included,
1965,Navrasa,K-Pop,K-Pop,12,K-Pop\Global\K-Pop\Kpop_Quiz_Insider_-_GUESS_50_POPULAR_ICONIC_KPOP_SONG_IN_1_SEC_KPOP_QUIZ_BTBV_2025.wav,C:\Genrogram\data\expanded_raw\K-Pop\Global\K-Pop\Kpop_Quiz_Insider_-_GUESS_50_POPULAR_ICONIC_KPOP_SONG_IN_1_SEC_KPOP_QUIZ_BTBV_2025.wav,972cb765a25999471d3080dbb154feaa9b059e567a44ba7dfd64cb0ccd1caf2e,30.000000,included,
1966,Navrasa,K-Pop,K-Pop,12,K-Pop\Global\K-Pop\Kpop_Quiz_Insider_-_GUESS_ICONIC_POPULAR_KPOP_SONGS_BY_ITS_MV_BACKGROUND_KPOP_QUIZ_2025.wav,C:\Genrogram\data\expanded_raw\K-Pop\Global\K-Pop\Kpop_Quiz_Insider_-_GUESS_ICONIC_POPULAR_KPOP_SONGS_BY_ITS_MV_BACKGROUND_KPOP_QUIZ_2025.wav,ec49117b4c434b1b543e07187dabf741adc31f9c9e83da5c56f8daacc6655935,30.000000,included,
1967,Navrasa,K-Pop,K-Pop,12,K-Pop\Global\K-Pop\LE_SSERAFIM_-_CRAZY.wav,C:\Genrogram\data\expanded_raw\K-Pop\Global\K-Pop\LE_SSERAFIM_-_CRAZY.wav,c577cd6c82a690d2b047e23f46871baf7d9d5487f7743226dc96985b6536c30f,30.000000,included,
1968,Navrasa,K-Pop,K-Pop,12,K-Pop\Global\K-Pop\Le_Gianna_-_Take_Down_Huntrix_Live_Action_Music_Video_Song_Dance_Cover_KPop_Demon_Hunters_IRL.wav,C:\Genrogram\data\expanded_raw\K-Pop\Global\K-Pop\Le_Gianna_-_Take_Down_Huntrix_Live_Action_Music_Video_Song_Dance_Cover_KPop_Demon_Hunters_IRL.wav,60899b46d03fc3f810b4a0261e62fc94a5445417a83da4f084a205e5a1777d47,30.000000,included,
1969,Navrasa,K-Pop,K-Pop,12,K-Pop\Global\K-Pop\Luks_Kpop_-_Top_10_Kpop_Best_Covers_PT2_kpop_cover_top10_best_shorts_kpopedit_idols_shortsvideo.wav,C:\Genrogram\data\expanded_raw\K-Pop\Global\K-Pop\Luks_Kpop_-_Top_10_Kpop_Best_Covers_PT2_kpop_cover_top10_best_shorts_kpopedit_idols_shortsvideo.wav,bf639a1d5c49d25ae932be0573afb3ea45dee89be20d211c51d6761bf7dd08a9,30.000000,included,
1970,Navrasa,K-Pop,K-Pop,12,K-Pop\Global\K-Pop\Marble_Music_Stories_-_KPop_Demon_Hunters_Golden_on_Cool_Music_Instruments.wav,C:\Genrogram\data\expanded_raw\K-Pop\Global\K-Pop\Marble_Music_Stories_-_KPop_Demon_Hunters_Golden_on_Cool_Music_Instruments.wav,df75e744b43b50ace1ecb16bc2ce1fd339013d16303f3cb4be2b0e702e34b6c4,30.000000,included,
1971,Navrasa,K-Pop,K-Pop,12,K-Pop\Global\K-Pop\Married_to_the_Music_-_Top_10_K_pop_Songs_of_2025_JanMar.wav,C:\Genrogram\data\expanded_raw\K-Pop\Global\K-Pop\Married_to_the_Music_-_Top_10_K_pop_Songs_of_2025_JanMar.wav,2b240482cf049bdb6c43f6f1d294455b72d5387164eea043fb95a6c7e463b46e,0.471791,included,
1972,Navrasa,K-Pop,K-Pop,12,K-Pop\Global\K-Pop\Martin_and_Miriam_-_Golden_Huntrix_Live_Action_Music_Video_KPop_Demon_Hunters_Cover_by_Miriam.wav,C:\Genrogram\data\expanded_raw\K-Pop\Global\K-Pop\Martin_and_Miriam_-_Golden_Huntrix_Live_Action_Music_Video_KPop_Demon_Hunters_Cover_by_Miriam.wav,0b2e31440079a741e393f7bd05eddd0cb11f8c79c3bda196f47d4ecfc32a8bbd,30.000000,included,
1973,Navrasa,K-Pop,K-Pop,12,K-Pop\Global\K-Pop\Meditation_-_The_best_K_pop_2026_lyrics_sad_hurt_emotional.wav,C:\Genrogram\data\expanded_raw\K-Pop\Global\K-Pop\Meditation_-_The_best_K_pop_2026_lyrics_sad_hurt_emotional.wav,a2325e05847a5942068bfbec8a0405dcd2205ea2c303df5447c42bd78529c61f,30.000000,included,
1974,Navrasa,K-Pop,K-Pop,12,K-Pop\Global\K-Pop\Michael_Yarbrough_-_KPOP_PLAYLIST_Iconic_kpop_songs_from_2018_2019.wav,C:\Genrogram\data\expanded_raw\K-Pop\Global\K-Pop\Michael_Yarbrough_-_KPOP_PLAYLIST_Iconic_kpop_songs_from_2018_2019.wav,7681731eef886985fafd9afb1d1e32cffbacb6162c97abe43d77fd48989068ab,30.000000,included,
1975,Navrasa,K-Pop,K-Pop,12,K-Pop\Global\K-Pop\MilkyyMelodies_-_Soda_Pop_Saja_Girls_Version.wav,C:\Genrogram\data\expanded_raw\K-Pop\Global\K-Pop\MilkyyMelodies_-_Soda_Pop_Saja_Girls_Version.wav,ecb1e1f16880043147ed3c7ad4657fdcec1b67e0ff2e9e4257e633f5682c02db,30.000000,included,
1976,Navrasa,K-Pop,K-Pop,12,K-Pop\Global\K-Pop\MilkyyMelodies_-_Your_Idol_Cover_Your_Idol_Huntrix_Version.wav,C:\Genrogram\data\expanded_raw\K-Pop\Global\K-Pop\MilkyyMelodies_-_Your_Idol_Cover_Your_Idol_Huntrix_Version.wav,37742ae0b164619e7b4e2ed9f5c7d9fd3b5fc54ac73c2808742372add884c28d,30.000000,included,
1977,Navrasa,K-Pop,K-Pop,12,K-Pop\Global\K-Pop\NGPLAYLIST_-_KPOP_Playlist_girl_group_2025_DANCE_PERFORMANCE_Vol2.wav,C:\Genrogram\data\expanded_raw\K-Pop\Global\K-Pop\NGPLAYLIST_-_KPOP_Playlist_girl_group_2025_DANCE_PERFORMANCE_Vol2.wav,e7cf3df5dc1029bf89270e337b909fc5827a667c4e6d2f95a8731030482ad101,30.000000,included,
1978,Navrasa,K-Pop,K-Pop,12,K-Pop\Global\K-Pop\NOVA_X_-_Best_K_POP_Mix_2025_Vol_97_Kpop_EDM_Dance_Pop_RB_Trendy_Hits_City_Night.wav,C:\Genrogram\data\expanded_raw\K-Pop\Global\K-Pop\NOVA_X_-_Best_K_POP_Mix_2025_Vol_97_Kpop_EDM_Dance_Pop_RB_Trendy_Hits_City_Night.wav,0c095de12adf86b7479025a7d58b3042d0f540444ed83422db5e9f668bbaa0ad,30.000000,included,
1979,Navrasa,K-Pop,K-Pop,12,K-Pop\Global\K-Pop\Netflix_Family_-_How_Its_Done_Lyric_Video_KPop_Demon_Hunters_Netflix_Family.wav,C:\Genrogram\data\expanded_raw\K-Pop\Global\K-Pop\Netflix_Family_-_How_Its_Done_Lyric_Video_KPop_Demon_Hunters_Netflix_Family.wav,c3138032f3bd87c4c750ed67e3d4736aa0f7473c478ff28775ea00661f935f33,30.000000,included,
1980,Navrasa,K-Pop,K-Pop,12,K-Pop\Global\K-Pop\Netflix_Family_-_Soda_Pop_Lyric_Video_KPop_Demon_Hunters_Netflix_Family.wav,C:\Genrogram\data\expanded_raw\K-Pop\Global\K-Pop\Netflix_Family_-_Soda_Pop_Lyric_Video_KPop_Demon_Hunters_Netflix_Family.wav,e58d8117d5c55b107060d182151c002849959d5bcd5ebf701073fbe030f5ca69,30.000000,included,
1981,Navrasa,K-Pop,K-Pop,12,K-Pop\Global\K-Pop\Netflix_Family_-_Ultimate_KPop_Demon_Hunters_Song_Compilation_Netflix_Family.wav,C:\Genrogram\data\expanded_raw\K-Pop\Global\K-Pop\Netflix_Family_-_Ultimate_KPop_Demon_Hunters_Song_Compilation_Netflix_Family.wav,b2aa96ed71a03ff273c47f5929e432f60d8d9cfc3134ef15d24cdfcba88a734e,30.000000,included,
1982,Navrasa,K-Pop,K-Pop,12,K-Pop\Global\K-Pop\Netflix_Family_-_What_It_Sounds_Like_Song_Clip_KPop_Demon_Hunters_Netflix_Family.wav,C:\Genrogram\data\expanded_raw\K-Pop\Global\K-Pop\Netflix_Family_-_What_It_Sounds_Like_Song_Clip_KPop_Demon_Hunters_Netflix_Family.wav,0f28b0237821e43b93d09f35a4caff20b47d5ed6a9dc225f72680a6f17fe186c,30.000000,included,
1983,Navrasa,K-Pop,K-Pop,12,K-Pop\Global\K-Pop\Netflix_Family_-_Your_Idol_Saja_Boys_HYPNOTIC_Performance_Song_Clip_KPop_Demon_Hunters_Netflix_Family.wav,C:\Genrogram\data\expanded_raw\K-Pop\Global\K-Pop\Netflix_Family_-_Your_Idol_Saja_Boys_HYPNOTIC_Performance_Song_Clip_KPop_Demon_Hunters_Netflix_Family.wav,4ab0806a7af64995a77592b0c2de55ed9adcbfbe6ae34f43f7ef8446e3977115,30.000000,included,
1984,Navrasa,K-Pop,K-Pop,12,K-Pop\Global\K-Pop\Netflix_K_Content_-_Huntrix_How_Its_Done_Official_Lyric_Video_K_Pop_Demon_Hunters_Netflix.wav,C:\Genrogram\data\expanded_raw\K-Pop\Global\K-Pop\Netflix_K_Content_-_Huntrix_How_Its_Done_Official_Lyric_Video_K_Pop_Demon_Hunters_Netflix.wav,3a0fd08b1239a7329e5ec6f8edd626ea974ef08d1bfe2bceb19d5765210d4b67,30.000000,included,
1985,Navrasa,K-Pop,K-Pop,12,K-Pop\Global\K-Pop\Netflix_K_Content_-_Saja_Boys_Your_Idol_Performance_video_KPop_Demon_Hunters_Netflix.wav,C:\Genrogram\data\expanded_raw\K-Pop\Global\K-Pop\Netflix_K_Content_-_Saja_Boys_Your_Idol_Performance_video_KPop_Demon_Hunters_Netflix.wav,732b4c766196dba1c1dde1cba6a96f06bdc3028798f18375a80fdf999332aff4,30.000000,included,
1986,Navrasa,K-Pop,K-Pop,12,K-Pop\Global\K-Pop\Netflix_Philippines_-_TWICE_Takedown_Music_Video_KPop_Demon_Hunters_Netflix_Philippines.wav,C:\Genrogram\data\expanded_raw\K-Pop\Global\K-Pop\Netflix_Philippines_-_TWICE_Takedown_Music_Video_KPop_Demon_Hunters_Netflix_Philippines.wav,8487b2646e300c9ad69c0b84727a23414346587aed9cbb36f9ffa815f18b98cb,30.000000,included,
1987,Navrasa,K-Pop,K-Pop,12,K-Pop\Global\K-Pop\No_views_-_The_Best_Korean_Chill_K_POP_OST_2025_Cozy_Playlist_to_Relax_Study.wav,C:\Genrogram\data\expanded_raw\K-Pop\Global\K-Pop\No_views_-_The_Best_Korean_Chill_K_POP_OST_2025_Cozy_Playlist_to_Relax_Study.wav,3ab617f3bf53fde7fbb2f59587c3b1211e804e4961789e74923eb83f100af945,30.000000,included,
1988,Navrasa,K-Pop,K-Pop,12,K-Pop\Global\K-Pop\Rawr_Topia_-_THE_KPOP_PLAYLIST_YOU_NEED_Dance_Vibe_Party_Car_Ride_Repeat.wav,C:\Genrogram\data\expanded_raw\K-Pop\Global\K-Pop\Rawr_Topia_-_THE_KPOP_PLAYLIST_YOU_NEED_Dance_Vibe_Party_Car_Ride_Repeat.wav,7e1a22ddfff31e4b997b1071a574992c3252e55423aa065146511b83064cfce8,30.000000,included,
1989,Navrasa,K-Pop,K-Pop,12,K-Pop\Global\K-Pop\Rumi_-_Free.wav,C:\Genrogram\data\expanded_raw\K-Pop\Global\K-Pop\Rumi_-_Free.wav,3f77d0faf901b6a6a6e282fd8fafeb5a9d2b97a9aaa3fbb0472f89e148a7d503,30.000000,included,
1990,Navrasa,K-Pop,K-Pop,12,K-Pop\Global\K-Pop\SANKA_-_HUNTRIX_Golden_X_Takedown_Kpop_Demon_Hunters_OST.wav,C:\Genrogram\data\expanded_raw\K-Pop\Global\K-Pop\SANKA_-_HUNTRIX_Golden_X_Takedown_Kpop_Demon_Hunters_OST.wav,fac65501cd0feafe7ec6e9cd28872df3a4366343058017a876547e687b92c72e,30.000000,included,
1991,Navrasa,K-Pop,K-Pop,12,K-Pop\Global\K-Pop\Saja_Boys_-_Soda_Pop.wav,C:\Genrogram\data\expanded_raw\K-Pop\Global\K-Pop\Saja_Boys_-_Soda_Pop.wav,5ef174d2c8278f20d93883f2b022a392c09447abe4cf3ba1129a7b80b98fb960,30.000000,included,
1992,Navrasa,K-Pop,K-Pop,12,K-Pop\Global\K-Pop\Saja_Boys_-_Your_Idol.wav,C:\Genrogram\data\expanded_raw\K-Pop\Global\K-Pop\Saja_Boys_-_Your_Idol.wav,75fc9631fb16bc9844ed893ed1efa1a7b77877c6c6ce798a9bcbe53afadc924d,30.000000,included,
1993,Navrasa,K-Pop,K-Pop,12,K-Pop\Global\K-Pop\Sarangi_-_Iconic_Kpop_Songs_of_COVID_19_covid19_kpop_kpopedit_blackpink_psy_everglow_straykids_shorts.wav,C:\Genrogram\data\expanded_raw\K-Pop\Global\K-Pop\Sarangi_-_Iconic_Kpop_Songs_of_COVID_19_covid19_kpop_kpopedit_blackpink_psy_everglow_straykids_shorts.wav,633250bb71e36129243d88ec6066bbe3d7444f94e7a6f6f6755bed5aa6432662,2.050748,included,
1994,Navrasa,K-Pop,K-Pop,12,K-Pop\Global\K-Pop\Seungluvz_-_1_HOUR_KPOP_RANDOM_DANCE_OLDNEWICONIC.wav,C:\Genrogram\data\expanded_raw\K-Pop\Global\K-Pop\Seungluvz_-_1_HOUR_KPOP_RANDOM_DANCE_OLDNEWICONIC.wav,23876e5b335466df5126814080cc9ee1760c166ca92153107692c8e99effc8db,30.000000,included,
1995,Navrasa,K-Pop,K-Pop,12,K-Pop\Global\K-Pop\SilentHum_-_HUNTRX_Your_Idol_Kpop_Demon_Hunters_Fan_Animation.wav,C:\Genrogram\data\expanded_raw\K-Pop\Global\K-Pop\SilentHum_-_HUNTRX_Your_Idol_Kpop_Demon_Hunters_Fan_Animation.wav,f7859905a4b9e53820c992bff92b660d3fb392e9f98d812089553f0d52c290da,8.134376,included,
1996,Navrasa,K-Pop,K-Pop,12,K-Pop\Global\K-Pop\Soundgasm_-_Playlist_2_Hours_K_Pop_Demon_Hunters_Official_OST.wav,C:\Genrogram\data\expanded_raw\K-Pop\Global\K-Pop\Soundgasm_-_Playlist_2_Hours_K_Pop_Demon_Hunters_Official_OST.wav,ecf8deb0819ef23291b6d840e6ce364f1a91b895c8d96b9d026718d1e5ccf556,30.000000,included,
1997,Navrasa,K-Pop,K-Pop,12,K-Pop\Global\K-Pop\TWICE_-_THIS_IS_FOR.wav,C:\Genrogram\data\expanded_raw\K-Pop\Global\K-Pop\TWICE_-_THIS_IS_FOR.wav,5937fa3b05835a04413a7ea2716eb594ee24ef1f8be2270b172dfd011f8bfebd,30.000000,included,
1998,Navrasa,K-Pop,K-Pop,12,K-Pop\Global\K-Pop\The_Fun_Squad_-_Golden_From_the_KPop_Demon_Hunters_Movie_Fun_Squad_Music_Video_Cover_Fun_Squad.wav,C:\Genrogram\data\expanded_raw\K-Pop\Global\K-Pop\The_Fun_Squad_-_Golden_From_the_KPop_Demon_Hunters_Movie_Fun_Squad_Music_Video_Cover_Fun_Squad.wav,b48b75e8a273d21a86fcec4bea1c28ac6d578a5463d73f30509a88fd68ffdef4,30.000000,included,
1999,Navrasa,K-Pop,K-Pop,12,K-Pop\Global\K-Pop\The_Green_Notes_-_ALL_KPOP_DEMON_HUNTERS_Songs_On_Piano.wav,C:\Genrogram\data\expanded_raw\K-Pop\Global\K-Pop\The_Green_Notes_-_ALL_KPOP_DEMON_HUNTERS_Songs_On_Piano.wav,cb9094d2594a072a723b38f880d5234dd442c4d2ebfc800c6d79f10314937cde,30.000000,included,
2000,Navrasa,K-Pop,K-Pop,12,K-Pop\Global\K-Pop\The_K_Pop_Universe_-_100_Iconic_K_Pop_Songs.wav,C:\Genrogram\data\expanded_raw\K-Pop\Global\K-Pop\The_K_Pop_Universe_-_100_Iconic_K_Pop_Songs.wav,34ee7131efaa96ae10cb67da6df6b08e94cc49a613795ba477d2c7b434ec3b9f,30.000000,included,
2001,Navrasa,K-Pop,K-Pop,12,K-Pop\Global\K-Pop\TikTokHymn_-_Huntrix_Takedown_Lyrics_K_Pop_Demon_Hunters.wav,C:\Genrogram\data\expanded_raw\K-Pop\Global\K-Pop\TikTokHymn_-_Huntrix_Takedown_Lyrics_K_Pop_Demon_Hunters.wav,8612c1fd45accd543c15423022d4290e9be62b4c177bddb6d1f07f5829cce428,30.000000,included,
2002,Navrasa,K-Pop,K-Pop,12,K-Pop\Global\K-Pop\Top_10_with_Fatima_-_Best_Kpop_Songs_of_each_group_kpop_shorts.wav,C:\Genrogram\data\expanded_raw\K-Pop\Global\K-Pop\Top_10_with_Fatima_-_Best_Kpop_Songs_of_each_group_kpop_shorts.wav,8901c53996b94710a3bc05ece5a145611e9377912ac8b3749aa4c1642678541a,16.992789,included,
2003,Navrasa,K-Pop,K-Pop,12,K-Pop\Global\K-Pop\Top_Diamond_-_Best_Kpop_Songs_Of_All_Time.wav,C:\Genrogram\data\expanded_raw\K-Pop\Global\K-Pop\Top_Diamond_-_Best_Kpop_Songs_Of_All_Time.wav,10e38e711c426b328b4e3124aead819c87bb2ac87a6d877a2e867b396a76be2a,30.000000,included,
2004,Navrasa,K-Pop,K-Pop,12,K-Pop\Global\K-Pop\Tyna_Nguyn_-_20_KPOP_PLAYLIST_BTS_LE_SSERAFIM_TXT_IVE_Stray_Kids_NewJeans_NMIXX_MORE_Tyna_Nguyn.wav,C:\Genrogram\data\expanded_raw\K-Pop\Global\K-Pop\Tyna_Nguyn_-_20_KPOP_PLAYLIST_BTS_LE_SSERAFIM_TXT_IVE_Stray_Kids_NewJeans_NMIXX_MORE_Tyna_Nguyn.wav,4cd3bd50f42bd2c7b1f5f7627b3b34e4d25218164134bbc896dc7ba7e9568f8d,30.000000,included,
2005,Navrasa,K-Pop,K-Pop,12,K-Pop\Global\K-Pop\Tyna_Nguyn_-_35_KPOP_PLAYLIST_BLACKPINK_BTS_TWICE_IVE_Stray_Kids_TXT_MEOVV_aespa_MORE_Tyna_Nguyn.wav,C:\Genrogram\data\expanded_raw\K-Pop\Global\K-Pop\Tyna_Nguyn_-_35_KPOP_PLAYLIST_BLACKPINK_BTS_TWICE_IVE_Stray_Kids_TXT_MEOVV_aespa_MORE_Tyna_Nguyn.wav,f4576a3a3baf9679b8d87a50f926edb04dbfbfa936cacda1b3380269276cf6cd,30.000000,included,
2006,Navrasa,K-Pop,K-Pop,12,K-Pop\Global\K-Pop\Tyna_Nguyn_-_9_KPOP_GIRL_GROUP_PLAYLIST_BLACKPINK_BABYMONSTER_TWICE_aespa_NewJeans_Tyna_Nguyn.wav,C:\Genrogram\data\expanded_raw\K-Pop\Global\K-Pop\Tyna_Nguyn_-_9_KPOP_GIRL_GROUP_PLAYLIST_BLACKPINK_BABYMONSTER_TWICE_aespa_NewJeans_Tyna_Nguyn.wav,0d9503ff7ac2635d70ffdb7eacb5744d839d76c7fba92abe7e9734209efbc777,30.000000,included,
2007,Navrasa,K-Pop,K-Pop,12,K-Pop\Global\K-Pop\Tyna_Nguyn_-_K_pop_3rd_Gen_Boy_Groups_MVs_BTS_SEVENTEEN_EXO_GOT7_NCT_MONSTA_X_IKON_MORE_Tyna_Nguyn.wav,C:\Genrogram\data\expanded_raw\K-Pop\Global\K-Pop\Tyna_Nguyn_-_K_pop_3rd_Gen_Boy_Groups_MVs_BTS_SEVENTEEN_EXO_GOT7_NCT_MONSTA_X_IKON_MORE_Tyna_Nguyn.wav,0f1a01669873a027bee65c422ed60af2cc3744e5acfad9daf79e719216a17bc0,30.000000,included,
2008,Navrasa,K-Pop,K-Pop,12,K-Pop\Global\K-Pop\Velvet_-_CHALLENGE_KPOP_TIKTOK_RANDOM_PLAY_DANCE_2025.wav,C:\Genrogram\data\expanded_raw\K-Pop\Global\K-Pop\Velvet_-_CHALLENGE_KPOP_TIKTOK_RANDOM_PLAY_DANCE_2025.wav,710af0003aeae0bf3a7d842219b792362913c267154b9caa90554cccdbffa2e2,30.000000,included,
2009,Navrasa,K-Pop,K-Pop,12,K-Pop\Global\K-Pop\Velvet_-_KPOP_RANDOM_PLAY_DANCE_OLDICONICNEWPOPULAR_2015_2025.wav,C:\Genrogram\data\expanded_raw\K-Pop\Global\K-Pop\Velvet_-_KPOP_RANDOM_PLAY_DANCE_OLDICONICNEWPOPULAR_2015_2025.wav,aacae930cd843dce7c5dec81c6eb063e6b6f0aa13cd72252b4f09b50969526e1,30.000000,included,
2010,Navrasa,K-Pop,K-Pop,12,K-Pop\Global\K-Pop\VibyFiles_-_K_Pop_Cafe_Music_to_Relax_Study_Work_Chill.wav,C:\Genrogram\data\expanded_raw\K-Pop\Global\K-Pop\VibyFiles_-_K_Pop_Cafe_Music_to_Relax_Study_Work_Chill.wav,9f916f672bd559721358fccf55d8b53e73da726f16c875e63363973ff733a6f8,30.000000,included,
2011,Navrasa,K-Pop,K-Pop,12,K-Pop\Global\K-Pop\Viktor_Uvalic_-_Golden_Official_Music_Video_KPop_Demon_Hunters_Sony_Animation.wav,C:\Genrogram\data\expanded_raw\K-Pop\Global\K-Pop\Viktor_Uvalic_-_Golden_Official_Music_Video_KPop_Demon_Hunters_Sony_Animation.wav,45a3ca8d4cfc00ebda62d278e08c12613db1158a47418473dea89362130f13cc,30.000000,included,
2012,Navrasa,K-Pop,K-Pop,12,K-Pop\Global\K-Pop\WatchMojocom_-_Top_20_Greatest_K_pop_Songs.wav,C:\Genrogram\data\expanded_raw\K-Pop\Global\K-Pop\WatchMojocom_-_Top_20_Greatest_K_pop_Songs.wav,e8c5d936a1ddd8d2f75b6122e79874d139c1ff5a5545d529fc345d4168445506,30.000000,included,
2013,Navrasa,K-Pop,K-Pop,12,K-Pop\Global\K-Pop\_-_KPOP_RANDOM_DANCE_NEWPOPULARICONIC.wav,C:\Genrogram\data\expanded_raw\K-Pop\Global\K-Pop\_-_KPOP_RANDOM_DANCE_NEWPOPULARICONIC.wav,12cdc1dac99e6b1eb2267d1f648c37f5d764450e95c03e2b4c4295204389251b,30.000000,included,
2014,Navrasa,K-Pop,K-Pop,12,K-Pop\Global\K-Pop\_-_Kpop_playlist_to_make_you_dance.wav,C:\Genrogram\data\expanded_raw\K-Pop\Global\K-Pop\_-_Kpop_playlist_to_make_you_dance.wav,2825bed215a3d3a3cd0d8d3b5ef04a11e7d7f0c2e47431ad51f0fb689b7b8662,30.000000,included,
2015,Navrasa,K-Pop,K-Pop,12,K-Pop\Global\K-Pop\__K_Pop_Demon_Hunters_Rock_Show_-__K_POP__8_Top_8_K_Pop_Demon_Hunters_Rock_Songs_CD_MUSIC_Playlist.wav,C:\Genrogram\data\expanded_raw\K-Pop\Global\K-Pop\__K_Pop_Demon_Hunters_Rock_Show_-__K_POP__8_Top_8_K_Pop_Demon_Hunters_Rock_Songs_CD_MUSIC_Playlist.wav,c01fe0a0dc5edba73ebc4c3b07a074ceec696c1abafa4b8c18b18ba8f112c6d3,30.000000,included,
2016,Navrasa,K-Pop,K-Pop,12,K-Pop\Global\K-Pop\brandonkiyoshi_-_Every_Song_that_is_Similar_to_Kpop_Demon_Hunters.wav,C:\Genrogram\data\expanded_raw\K-Pop\Global\K-Pop\brandonkiyoshi_-_Every_Song_that_is_Similar_to_Kpop_Demon_Hunters.wav,041ff67ceb4d77368dead331f39087299f3648c1bf7c2c62973db3801fc45099,28.916236,included,
2017,Navrasa,K-Pop,K-Pop,12,K-Pop\Global\K-Pop\certifiedhuihui_-_kpop_playlist_2025.wav,C:\Genrogram\data\expanded_raw\K-Pop\Global\K-Pop\certifiedhuihui_-_kpop_playlist_2025.wav,a9cddfcfc574b28c5a12a69f13c3b5a43d0a09730a8f726eca72e56de629e3e8,30.000000,included,
2018,Navrasa,K-Pop,K-Pop,12,K-Pop\Global\K-Pop\choujimi_-_The_best_kpop_songs_of_2025_so_far.wav,C:\Genrogram\data\expanded_raw\K-Pop\Global\K-Pop\choujimi_-_The_best_kpop_songs_of_2025_so_far.wav,0e9fb1e8b850762389f5eb75e24869cea7935c2afe93710dd51d426525d7f9a8,30.000000,included,
2019,Navrasa,K-Pop,K-Pop,12,K-Pop\Global\K-Pop\daniela_-_the_BEST_parts_in_kpop_songs.wav,C:\Genrogram\data\expanded_raw\K-Pop\Global\K-Pop\daniela_-_the_BEST_parts_in_kpop_songs.wav,19490c2a4c1a734e1838f63bdc3e382cb9cd02191a3387d0b79b7cfceb979eae,30.000000,included,
2020,Navrasa,K-Pop,K-Pop,12,K-Pop\Global\K-Pop\dittolusion_-_my_top_100_kpop_songs_of_ALL_TIME.wav,C:\Genrogram\data\expanded_raw\K-Pop\Global\K-Pop\dittolusion_-_my_top_100_kpop_songs_of_ALL_TIME.wav,a5ebddee1cda0e6cac79ede343a221f1fd27b2b2085193603a0261fe1dd2c211,30.000000,included,
2021,Navrasa,K-Pop,K-Pop,12,K-Pop\Global\K-Pop\eunjaex_-_ultimate_kpop_playlist_to_make_you_dance.wav,C:\Genrogram\data\expanded_raw\K-Pop\Global\K-Pop\eunjaex_-_ultimate_kpop_playlist_to_make_you_dance.wav,87a658ead3ea027cf414699d4987a9ce3a218ffad38c0bfae4f29becad1be814,30.000000,included,
2022,Navrasa,K-Pop,K-Pop,12,K-Pop\Global\K-Pop\eunvaise_-_my_top_100_kpop_songs_of_all_time.wav,C:\Genrogram\data\expanded_raw\K-Pop\Global\K-Pop\eunvaise_-_my_top_100_kpop_songs_of_all_time.wav,716cde6dbfd9a6d07bb8d959fdf6195ca7088a2ac1061d36f87d57cafff85d82,30.000000,included,
2023,Navrasa,K-Pop,K-Pop,12,K-Pop\Global\K-Pop\eunvaise_-_the_best_and_WORST_kpop_songs_in_each_group_voted_by_YOU_guys.wav,C:\Genrogram\data\expanded_raw\K-Pop\Global\K-Pop\eunvaise_-_the_best_and_WORST_kpop_songs_in_each_group_voted_by_YOU_guys.wav,755518325078f3ebf4a98bf9c0c80c504c16606b0c14e26d45d7808ce4ef1cf0,30.000000,included,
2024,Navrasa,K-Pop,K-Pop,12,K-Pop\Global\K-Pop\flowtaee_-_KPOP_RANDOM_DANCE_POPULAR_ICONIC_SONGS_mirrored.wav,C:\Genrogram\data\expanded_raw\K-Pop\Global\K-Pop\flowtaee_-_KPOP_RANDOM_DANCE_POPULAR_ICONIC_SONGS_mirrored.wav,8e0770bdcad13164a52b8b8c26b0b71cef57e488a9575baa6a4d0fc1f6691607,30.000000,included,
2025,Navrasa,K-Pop,K-Pop,12,K-Pop\Global\K-Pop\flowtaee_-_MOST_ICONIC_KPOP_SONGS_that_everyone_should_know.wav,C:\Genrogram\data\expanded_raw\K-Pop\Global\K-Pop\flowtaee_-_MOST_ICONIC_KPOP_SONGS_that_everyone_should_know.wav,7ef6ab1237c9aa2e514b27feed90346d049abea824427f2c6efa490311d6163d,30.000000,included,
2026,Navrasa,K-Pop,K-Pop,12,K-Pop\Global\K-Pop\jooniverse_-_most_popular_kpop_songs_of_each_year.wav,C:\Genrogram\data\expanded_raw\K-Pop\Global\K-Pop\jooniverse_-_most_popular_kpop_songs_of_each_year.wav,20fdc8a3c71bc35e16a0472921570a5e15e0d80bfb0bed0abc9372a89ed465d5,30.000000,included,
2027,Navrasa,K-Pop,K-Pop,12,K-Pop\Global\K-Pop\kpop_stuff_-_KPOP_RANDOM_PLAY_DANCE_2020_2025.wav,C:\Genrogram\data\expanded_raw\K-Pop\Global\K-Pop\kpop_stuff_-_KPOP_RANDOM_PLAY_DANCE_2020_2025.wav,5e154582d6f56dd9f00d91c1a7a41689f3519cb4154c2a2b3ae42ee114ef4178,30.000000,included,
2028,Navrasa,K-Pop,K-Pop,12,K-Pop\Global\K-Pop\kpop_stuff_-_KPOP_RANDOM_PLAY_DANCE_2025_NEWPOPULARCHRISTMAS.wav,C:\Genrogram\data\expanded_raw\K-Pop\Global\K-Pop\kpop_stuff_-_KPOP_RANDOM_PLAY_DANCE_2025_NEWPOPULARCHRISTMAS.wav,ba6ab31fad829888f98171cc12d6b31add26c8975c4ec3e9502d8a16dea1850b,30.000000,included,
2029,Navrasa,K-Pop,K-Pop,12,K-Pop\Global\K-Pop\kpop_stuff_-_KPOP_RANDOM_PLAY_DANCE_2025_NEW_POPULAR.wav,C:\Genrogram\data\expanded_raw\K-Pop\Global\K-Pop\kpop_stuff_-_KPOP_RANDOM_PLAY_DANCE_2025_NEW_POPULAR.wav,78c2588fbcb5e0fa6c3510e51d832d68d8bfef815c222a60d6865bcba6d604b8,30.000000,included,
2030,Navrasa,K-Pop,K-Pop,12,K-Pop\Global\K-Pop\kpop_stuff_-_KPOP_RANDOM_PLAY_DANCE_2025_OLD_NEW.wav,C:\Genrogram\data\expanded_raw\K-Pop\Global\K-Pop\kpop_stuff_-_KPOP_RANDOM_PLAY_DANCE_2025_OLD_NEW.wav,2b62560799b56e15e4aefa1c03b858842507eb7c5c6e5cee35441d8222531fed,30.000000,included,
2031,Navrasa,K-Pop,K-Pop,12,K-Pop\Global\K-Pop\kpop_stuff_-_KPOP_RANDOM_PLAY_DANCE_2025_WITH_CHALLENGES.wav,C:\Genrogram\data\expanded_raw\K-Pop\Global\K-Pop\kpop_stuff_-_KPOP_RANDOM_PLAY_DANCE_2025_WITH_CHALLENGES.wav,09a6748f152c9d28d80fe4022675414de2daf76c8f2d1d2b3ef8b77bd3f7eb2e,30.000000,included,
2032,Navrasa,K-Pop,K-Pop,12,K-Pop\Global\K-Pop\kpop_stuff_-_ULTIMATE_KPOP_RANDOM_PLAY_DANCE_everyone_knowsiconicoldnew_1_HOUR.wav,C:\Genrogram\data\expanded_raw\K-Pop\Global\K-Pop\kpop_stuff_-_ULTIMATE_KPOP_RANDOM_PLAY_DANCE_everyone_knowsiconicoldnew_1_HOUR.wav,b7f725b7b8fd9894db462fa18dfd4d0bc349f8127e8fa4e0dbda4e53cd66d077,30.000000,included,
2033,Navrasa,K-Pop,K-Pop,12,K-Pop\Global\K-Pop\kpop_stuffs_-_my_top_100_songs_of_2025.wav,C:\Genrogram\data\expanded_raw\K-Pop\Global\K-Pop\kpop_stuffs_-_my_top_100_songs_of_2025.wav,9b17e3f18eecc825b4559123b1f86550ca841d36239b998cb8bbdbbcef3253d2,30.000000,included,
2034,Navrasa,K-Pop,K-Pop,12,K-Pop\Global\K-Pop\lahleesuh_-_parts_in_kpop_songs_that_make_me_levitate.wav,C:\Genrogram\data\expanded_raw\K-Pop\Global\K-Pop\lahleesuh_-_parts_in_kpop_songs_that_make_me_levitate.wav,4d53a6111e154c88bad35a268e2f44b785b496429d01035fa938f115c10cb306,30.000000,included,
2035,Navrasa,K-Pop,K-Pop,12,K-Pop\Global\K-Pop\linlysun_-_2025_Kpop_Playlist_To_Make_You_Dance_Best_of_Jan_Jun_2025_Kpop_Boy_Group_And_Girl_Group_Songs_1h.wav,C:\Genrogram\data\expanded_raw\K-Pop\Global\K-Pop\linlysun_-_2025_Kpop_Playlist_To_Make_You_Dance_Best_of_Jan_Jun_2025_Kpop_Boy_Group_And_Girl_Group_Songs_1h.wav,f8d985294f5517fe0309cf2f33ec1a071deba8dc218a0bcf9e28fb8df7ba8d19,30.000000,included,
2036,Navrasa,K-Pop,K-Pop,12,K-Pop\Global\K-Pop\linlysun_-_Kpop_Dance_Playlist_To_Hype_You_Up_1h_Of_Kpop_Boy_Group_And_Girl_Group_Songs.wav,C:\Genrogram\data\expanded_raw\K-Pop\Global\K-Pop\linlysun_-_Kpop_Dance_Playlist_To_Hype_You_Up_1h_Of_Kpop_Boy_Group_And_Girl_Group_Songs.wav,1ab56bea12c01dd549ba511584801830472762884d9f25953ae2ed3b12b3e345,30.000000,included,
2037,Navrasa,K-Pop,K-Pop,12,K-Pop\Global\K-Pop\linlysun_-_Kpop_Playlist_with_Songs_Where_Everyone_Knows_The_Dance_1h_of_Kpop_Boy_Group_and_Girl_Group_Songs.wav,C:\Genrogram\data\expanded_raw\K-Pop\Global\K-Pop\linlysun_-_Kpop_Playlist_with_Songs_Where_Everyone_Knows_The_Dance_1h_of_Kpop_Boy_Group_and_Girl_Group_Songs.wav,a4e448d6c0d76aa5d47278d886657d3a9973c38af456eb9f358e31b125b247e4,30.000000,included,
2038,Navrasa,K-Pop,K-Pop,12,K-Pop\Global\K-Pop\mil_-_the_BEST_kpop_songs_of_2025.wav,C:\Genrogram\data\expanded_raw\K-Pop\Global\K-Pop\mil_-_the_BEST_kpop_songs_of_2025.wav,96553851921a98a9284ff47a253cd9d49437f57ebd53ae043c86a92cb6d31844,30.000000,included,
2039,Navrasa,K-Pop,K-Pop,12,K-Pop\Global\K-Pop\nora_-_TOP_30_K_Pop_Songs_of_2025.wav,C:\Genrogram\data\expanded_raw\K-Pop\Global\K-Pop\nora_-_TOP_30_K_Pop_Songs_of_2025.wav,f31ef856c86c8bde445b117fceddcd38e6ebddcff572d8026f0b88188d0e7163,30.000000,included,
2040,Navrasa,K-Pop,K-Pop,12,K-Pop\Global\K-Pop\rora_-_2025_NEW_kpop_songs_playlist_that_will_make_you_dance_3_hannixf4iry.wav,C:\Genrogram\data\expanded_raw\K-Pop\Global\K-Pop\rora_-_2025_NEW_kpop_songs_playlist_that_will_make_you_dance_3_hannixf4iry.wav,58072be4c52efc9f70900d740cbf6514eae08e6e5311e1e8f69e912490ecf073,30.000000,included,
2041,Navrasa,K-Pop,K-Pop,12,K-Pop\Global\K-Pop\shotaluuv_-_KPOP_RANDOM_DANCE_POPULARNEW.wav,C:\Genrogram\data\expanded_raw\K-Pop\Global\K-Pop\shotaluuv_-_KPOP_RANDOM_DANCE_POPULARNEW.wav,272b9a9d75ac56068f2b079fc85d9edbf79b909edab0c1ca96b7deffc4dea114,30.000000,included,
2042,Navrasa,K-Pop,K-Pop,12,K-Pop\Global\K-Pop\svnoos_-_top_10_kpop_boy_groups_in_april_2025_fyp_shorts_kpop_seventeen_ateez_xyzbca_abcd.wav,C:\Genrogram\data\expanded_raw\K-Pop\Global\K-Pop\svnoos_-_top_10_kpop_boy_groups_in_april_2025_fyp_shorts_kpop_seventeen_ateez_xyzbca_abcd.wav,72e032b63c5690c44001176ff2beb4f51faa911acd17852560c874ba567655f3,14.949410,included,
2043,Navrasa,K-Pop,K-Pop,12,K-Pop\Global\K-Pop\topopiko_-_top_100_boy_group_songs_of_all_time.wav,C:\Genrogram\data\expanded_raw\K-Pop\Global\K-Pop\topopiko_-_top_100_boy_group_songs_of_all_time.wav,d71cb26844da8213e052169ff37f544efde632ae9621447d5c7e35ffa3cc4817,30.000000,included,
2044,Navrasa,K-Pop,K-Pop,12,K-Pop\Global\K-Pop\vvxoo_-_KPOP_Playlist_To_Make_You_Dance_LOUD_Ver_BoyGroup.wav,C:\Genrogram\data\expanded_raw\K-Pop\Global\K-Pop\vvxoo_-_KPOP_Playlist_To_Make_You_Dance_LOUD_Ver_BoyGroup.wav,5b2aae667c53bbb5a45b6cb42ea407b7b65a40195c51def8b744e10f67952d2e,30.000000,included,
2045,Navrasa,K-Pop,K-Pop,12,K-Pop\Global\K-Pop\vvxoo_-_Kpop_Playlist_To_Make_You_Dance.wav,C:\Genrogram\data\expanded_raw\K-Pop\Global\K-Pop\vvxoo_-_Kpop_Playlist_To_Make_You_Dance.wav,849cb553522530c285762501f67e04125c0024d43a5dec38b629c9b3563e84e8,30.000000,included,
2046,Navrasa,K-Pop,K-Pop,12,K-Pop\Global\K-Pop\winterosy_-_the_BEST_kpop_songs_of_2022.wav,C:\Genrogram\data\expanded_raw\K-Pop\Global\K-Pop\winterosy_-_the_BEST_kpop_songs_of_2022.wav,c396ca99feb893e4a5bb3c2f5ae0d54836e3ef4505ceafbb8d37416c4fed824a,30.000000,included,
2047,Navrasa,K-Pop,K-Pop,12,K-Pop\Global\K-Pop\winterosy_-_the_BEST_kpop_songs_of_2023.wav,C:\Genrogram\data\expanded_raw\K-Pop\Global\K-Pop\winterosy_-_the_BEST_kpop_songs_of_2023.wav,002184dd09c49112aaab1f7a4ff13110ec7239630c746ae14456f80733b7fec3,30.000000,included,
2048,Navrasa,K-Pop,K-Pop,12,K-Pop\Global\K-Pop\winterosy_-_the_BEST_kpop_songs_of_2024.wav,C:\Genrogram\data\expanded_raw\K-Pop\Global\K-Pop\winterosy_-_the_BEST_kpop_songs_of_2024.wav,d0011392115c56d7639ad27a6bd7fa616469784995e0def6f911684b4ecd5b7f,30.000000,included,
2049,Navrasa,K-Pop,K-Pop,12,K-Pop\Global\K-Pop\woodzology_-_ranking_the_BEST_kpop_songs_to_ever_exist_according_to_my_subs.wav,C:\Genrogram\data\expanded_raw\K-Pop\Global\K-Pop\woodzology_-_ranking_the_BEST_kpop_songs_to_ever_exist_according_to_my_subs.wav,50b6f96551005870140e05eba8a6dc33907e7e052fbfcd7c4079164a7eea77f6,30.000000,included,
2050,GTZAN,metal,Metal,6,metal\metal.00000.wav,C:\Genrogram\data\gtzan\genres\metal\metal.00000.wav,bae80772bfda387cefb294d07cfbdf12cdb7a93bfa471e275b299ecc029af4f9,30.000181,included,
2051,GTZAN,metal,Metal,6,metal\metal.00000.wav,C:\Genrogram\data\gtzan\genres\metal\metal.00000.wav,bae80772bfda387cefb294d07cfbdf12cdb7a93bfa471e275b299ecc029af4f9,30.000181,included,
2052,GTZAN,metal,Metal,6,metal\metal.00001.wav,C:\Genrogram\data\gtzan\genres\metal\metal.00001.wav,103847dccc54f6f92cb31f6a2faa8ab2d37f77f8e307b02d8ee80073d9024891,30.000181,included,
2053,GTZAN,metal,Metal,6,metal\metal.00001.wav,C:\Genrogram\data\gtzan\genres\metal\metal.00001.wav,103847dccc54f6f92cb31f6a2faa8ab2d37f77f8e307b02d8ee80073d9024891,30.000181,included,
2054,GTZAN,metal,Metal,6,metal\metal.00002.wav,C:\Genrogram\data\gtzan\genres\metal\metal.00002.wav,75805671dbf69aefa19c6c58b16e9567f9533d124c7d3e683c26c30c259eb3d7,30.000181,included,
2055,GTZAN,metal,Metal,6,metal\metal.00002.wav,C:\Genrogram\data\gtzan\genres\metal\metal.00002.wav,75805671dbf69aefa19c6c58b16e9567f9533d124c7d3e683c26c30c259eb3d7,30.000181,included,
2056,GTZAN,metal,Metal,6,metal\metal.00003.wav,C:\Genrogram\data\gtzan\genres\metal\metal.00003.wav,e8b6304f866ba1a4182eafdae39ab0e3bee87c447722785ea86bbc9d1f9644e0,30.000181,included,
2057,GTZAN,metal,Metal,6,metal\metal.00003.wav,C:\Genrogram\data\gtzan\genres\metal\metal.00003.wav,e8b6304f866ba1a4182eafdae39ab0e3bee87c447722785ea86bbc9d1f9644e0,30.000181,included,
2058,GTZAN,metal,Metal,6,metal\metal.00004.wav,C:\Genrogram\data\gtzan\genres\metal\metal.00004.wav,7a8b9acef6e222091766147ff52088a132ae2f159450f30fe0f53fb418b7feb0,30.000181,included,
2059,GTZAN,metal,Metal,6,metal\metal.00004.wav,C:\Genrogram\data\gtzan\genres\metal\metal.00004.wav,7a8b9acef6e222091766147ff52088a132ae2f159450f30fe0f53fb418b7feb0,30.000181,included,
2060,GTZAN,metal,Metal,6,metal\metal.00005.wav,C:\Genrogram\data\gtzan\genres\metal\metal.00005.wav,fd9feeaf3fb14bb59efbbab11d6132b2c05d6a8d30438dff2ae35aeaf074f8c7,30.000181,included,
2061,GTZAN,metal,Metal,6,metal\metal.00005.wav,C:\Genrogram\data\gtzan\genres\metal\metal.00005.wav,fd9feeaf3fb14bb59efbbab11d6132b2c05d6a8d30438dff2ae35aeaf074f8c7,30.000181,included,
2062,GTZAN,metal,Metal,6,metal\metal.00006.wav,C:\Genrogram\data\gtzan\genres\metal\metal.00006.wav,c5d90c433a4204f41f87ad3c1489c967bb071ff706f99f4c7fd8f5cb3a5797ef,30.000181,included,
2063,GTZAN,metal,Metal,6,metal\metal.00006.wav,C:\Genrogram\data\gtzan\genres\metal\metal.00006.wav,c5d90c433a4204f41f87ad3c1489c967bb071ff706f99f4c7fd8f5cb3a5797ef,30.000181,included,
2064,GTZAN,metal,Metal,6,metal\metal.00007.wav,C:\Genrogram\data\gtzan\genres\metal\metal.00007.wav,c11607d33ea2341c58c45f195cb9a562b7e81e892b399c010798cc8514f5a1ce,30.000181,included,
2065,GTZAN,metal,Metal,6,metal\metal.00007.wav,C:\Genrogram\data\gtzan\genres\metal\metal.00007.wav,c11607d33ea2341c58c45f195cb9a562b7e81e892b399c010798cc8514f5a1ce,30.000181,included,
2066,GTZAN,metal,Metal,6,metal\metal.00008.wav,C:\Genrogram\data\gtzan\genres\metal\metal.00008.wav,1cdcdfbb3c9b90116b136c5d37f7e3bddd833f5f1f1afa6a6a42dcd312496a6c,30.000181,included,
2067,GTZAN,metal,Metal,6,metal\metal.00008.wav,C:\Genrogram\data\gtzan\genres\metal\metal.00008.wav,1cdcdfbb3c9b90116b136c5d37f7e3bddd833f5f1f1afa6a6a42dcd312496a6c,30.000181,included,
2068,GTZAN,metal,Metal,6,metal\metal.00009.wav,C:\Genrogram\data\gtzan\genres\metal\metal.00009.wav,ec9d0352d122a4af47ba496294c51000e8cf25d947a85ed8291740566aec31d2,30.000181,included,
2069,GTZAN,metal,Metal,6,metal\metal.00009.wav,C:\Genrogram\data\gtzan\genres\metal\metal.00009.wav,ec9d0352d122a4af47ba496294c51000e8cf25d947a85ed8291740566aec31d2,30.000181,included,
2070,GTZAN,metal,Metal,6,metal\metal.00010.wav,C:\Genrogram\data\gtzan\genres\metal\metal.00010.wav,9c02f94f40ef7149fe87197d7502619450b6362ef057bb91e8d1f434174fe4e6,30.000181,included,
2071,GTZAN,metal,Metal,6,metal\metal.00010.wav,C:\Genrogram\data\gtzan\genres\metal\metal.00010.wav,9c02f94f40ef7149fe87197d7502619450b6362ef057bb91e8d1f434174fe4e6,30.000181,included,
2072,GTZAN,metal,Metal,6,metal\metal.00011.wav,C:\Genrogram\data\gtzan\genres\metal\metal.00011.wav,052f073c0d370bf38c4ac0bcfd6b277f63aad01dfa11554d53285144f24e453b,30.000181,included,
2073,GTZAN,metal,Metal,6,metal\metal.00011.wav,C:\Genrogram\data\gtzan\genres\metal\metal.00011.wav,052f073c0d370bf38c4ac0bcfd6b277f63aad01dfa11554d53285144f24e453b,30.000181,included,
2074,GTZAN,metal,Metal,6,metal\metal.00012.wav,C:\Genrogram\data\gtzan\genres\metal\metal.00012.wav,7e0ff9359290f412c09809d33839f6fca82ad4d8d623803a9bc5d8318221b1c0,30.000181,included,
2075,GTZAN,metal,Metal,6,metal\metal.00012.wav,C:\Genrogram\data\gtzan\genres\metal\metal.00012.wav,7e0ff9359290f412c09809d33839f6fca82ad4d8d623803a9bc5d8318221b1c0,30.000181,included,
2076,GTZAN,metal,Metal,6,metal\metal.00013.wav,C:\Genrogram\data\gtzan\genres\metal\metal.00013.wav,eb8ad521eacb1a1e06332c3e940f305954c726479482f6e814ce95f33a6efdf1,30.000181,included,
2077,GTZAN,metal,Metal,6,metal\metal.00013.wav,C:\Genrogram\data\gtzan\genres\metal\metal.00013.wav,eb8ad521eacb1a1e06332c3e940f305954c726479482f6e814ce95f33a6efdf1,30.000181,included,
2078,GTZAN,metal,Metal,6,metal\metal.00014.wav,C:\Genrogram\data\gtzan\genres\metal\metal.00014.wav,09f4ffc571cc3715b488e8ab96633cdf1a9356108326e5bed7d6edd3705a0e4d,30.000181,included,
2079,GTZAN,metal,Metal,6,metal\metal.00014.wav,C:\Genrogram\data\gtzan\genres\metal\metal.00014.wav,09f4ffc571cc3715b488e8ab96633cdf1a9356108326e5bed7d6edd3705a0e4d,30.000181,included,
2080,GTZAN,metal,Metal,6,metal\metal.00015.wav,C:\Genrogram\data\gtzan\genres\metal\metal.00015.wav,fc3e6be246717ff84a553349f7f91540590002cc1f8c9012c72bba8ca4cd497c,30.000181,included,
2081,GTZAN,metal,Metal,6,metal\metal.00015.wav,C:\Genrogram\data\gtzan\genres\metal\metal.00015.wav,fc3e6be246717ff84a553349f7f91540590002cc1f8c9012c72bba8ca4cd497c,30.000181,included,
2082,GTZAN,metal,Metal,6,metal\metal.00016.wav,C:\Genrogram\data\gtzan\genres\metal\metal.00016.wav,62605801eccfd81be2b0269258c25613100d7762576119897ab0d98236cd8c48,30.000181,included,
2083,GTZAN,metal,Metal,6,metal\metal.00016.wav,C:\Genrogram\data\gtzan\genres\metal\metal.00016.wav,62605801eccfd81be2b0269258c25613100d7762576119897ab0d98236cd8c48,30.000181,included,
2084,GTZAN,metal,Metal,6,metal\metal.00017.wav,C:\Genrogram\data\gtzan\genres\metal\metal.00017.wav,989718a9bb6d4a9e6d8bddae9b7c56fad99aa44430a976f37e66051ca4d1b68f,30.000181,included,
2085,GTZAN,metal,Metal,6,metal\metal.00017.wav,C:\Genrogram\data\gtzan\genres\metal\metal.00017.wav,989718a9bb6d4a9e6d8bddae9b7c56fad99aa44430a976f37e66051ca4d1b68f,30.000181,included,
2086,GTZAN,metal,Metal,6,metal\metal.00018.wav,C:\Genrogram\data\gtzan\genres\metal\metal.00018.wav,aeda1e5f6a2438c3a892fc392e82e340871c28f46869bfefe88790d131fbd40a,30.000181,included,
2087,GTZAN,metal,Metal,6,metal\metal.00018.wav,C:\Genrogram\data\gtzan\genres\metal\metal.00018.wav,aeda1e5f6a2438c3a892fc392e82e340871c28f46869bfefe88790d131fbd40a,30.000181,included,
2088,GTZAN,metal,Metal,6,metal\metal.00019.wav,C:\Genrogram\data\gtzan\genres\metal\metal.00019.wav,86bc91d7790b6bdfd3c76baa77c2183acee9bf069756ee1570acc39eb2604915,30.000181,included,
2089,GTZAN,metal,Metal,6,metal\metal.00019.wav,C:\Genrogram\data\gtzan\genres\metal\metal.00019.wav,86bc91d7790b6bdfd3c76baa77c2183acee9bf069756ee1570acc39eb2604915,30.000181,included,
2090,GTZAN,metal,Metal,6,metal\metal.00020.wav,C:\Genrogram\data\gtzan\genres\metal\metal.00020.wav,ee27c74b914841b4aaea6b3153bcb8c9da665f70b4b5f585cf88904e7f54e5fe,30.000181,included,
2091,GTZAN,metal,Metal,6,metal\metal.00020.wav,C:\Genrogram\data\gtzan\genres\metal\metal.00020.wav,ee27c74b914841b4aaea6b3153bcb8c9da665f70b4b5f585cf88904e7f54e5fe,30.000181,included,
2092,GTZAN,metal,Metal,6,metal\metal.00021.wav,C:\Genrogram\data\gtzan\genres\metal\metal.00021.wav,1f7b703a8717e9f0418fcdc67d27447647c14c9b79b9fa55a3740e956321976e,30.000181,included,
2093,GTZAN,metal,Metal,6,metal\metal.00021.wav,C:\Genrogram\data\gtzan\genres\metal\metal.00021.wav,1f7b703a8717e9f0418fcdc67d27447647c14c9b79b9fa55a3740e956321976e,30.000181,included,
2094,GTZAN,metal,Metal,6,metal\metal.00022.wav,C:\Genrogram\data\gtzan\genres\metal\metal.00022.wav,bce3585b3eaffe94a0c9d661e1501bc42d5152ecf35c28f540d8188865650b64,30.000181,included,
2095,GTZAN,metal,Metal,6,metal\metal.00022.wav,C:\Genrogram\data\gtzan\genres\metal\metal.00022.wav,bce3585b3eaffe94a0c9d661e1501bc42d5152ecf35c28f540d8188865650b64,30.000181,included,
2096,GTZAN,metal,Metal,6,metal\metal.00023.wav,C:\Genrogram\data\gtzan\genres\metal\metal.00023.wav,4739672fa668a78699627f6591949d5c812b0b24c7e2742d9bb428369f819b1b,30.000181,included,
2097,GTZAN,metal,Metal,6,metal\metal.00023.wav,C:\Genrogram\data\gtzan\genres\metal\metal.00023.wav,4739672fa668a78699627f6591949d5c812b0b24c7e2742d9bb428369f819b1b,30.000181,included,
2098,GTZAN,metal,Metal,6,metal\metal.00024.wav,C:\Genrogram\data\gtzan\genres\metal\metal.00024.wav,b3c74de88a74b1a2d2f33921d9693a4de177ab79289597c95909e95cdaf43f12,30.000181,included,
2099,GTZAN,metal,Metal,6,metal\metal.00024.wav,C:\Genrogram\data\gtzan\genres\metal\metal.00024.wav,b3c74de88a74b1a2d2f33921d9693a4de177ab79289597c95909e95cdaf43f12,30.000181,included,
2100,GTZAN,metal,Metal,6,metal\metal.00025.wav,C:\Genrogram\data\gtzan\genres\metal\metal.00025.wav,050088798159c9f61eb8eb0a4f79da5216894e8628d889b4dae7f7f66293aaf5,30.000181,included,
2101,GTZAN,metal,Metal,6,metal\metal.00025.wav,C:\Genrogram\data\gtzan\genres\metal\metal.00025.wav,050088798159c9f61eb8eb0a4f79da5216894e8628d889b4dae7f7f66293aaf5,30.000181,included,
2102,GTZAN,metal,Metal,6,metal\metal.00026.wav,C:\Genrogram\data\gtzan\genres\metal\metal.00026.wav,90da607ac43c27a65499daa278bdb750c8615e37d15a12414acebf82d58ed01a,30.000181,included,
2103,GTZAN,metal,Metal,6,metal\metal.00026.wav,C:\Genrogram\data\gtzan\genres\metal\metal.00026.wav,90da607ac43c27a65499daa278bdb750c8615e37d15a12414acebf82d58ed01a,30.000181,included,
2104,GTZAN,metal,Metal,6,metal\metal.00027.wav,C:\Genrogram\data\gtzan\genres\metal\metal.00027.wav,a8b43d70db2c312dd7c6e4aa0697a3acc8037192b5c39942af85b78d7a39bf83,30.000181,included,
2105,GTZAN,metal,Metal,6,metal\metal.00027.wav,C:\Genrogram\data\gtzan\genres\metal\metal.00027.wav,a8b43d70db2c312dd7c6e4aa0697a3acc8037192b5c39942af85b78d7a39bf83,30.000181,included,
2106,GTZAN,metal,Metal,6,metal\metal.00028.wav,C:\Genrogram\data\gtzan\genres\metal\metal.00028.wav,188f052a5ca745467e07a122b52f25d834bb1b54c4940a5be30fd25fd7567b1a,30.000181,included,
2107,GTZAN,metal,Metal,6,metal\metal.00028.wav,C:\Genrogram\data\gtzan\genres\metal\metal.00028.wav,188f052a5ca745467e07a122b52f25d834bb1b54c4940a5be30fd25fd7567b1a,30.000181,included,
2108,GTZAN,metal,Metal,6,metal\metal.00029.wav,C:\Genrogram\data\gtzan\genres\metal\metal.00029.wav,d2bae68112bea81e9b512870b3013c295d469cdc0c2bdffd0329ffdd6e2766df,30.000181,included,
2109,GTZAN,metal,Metal,6,metal\metal.00029.wav,C:\Genrogram\data\gtzan\genres\metal\metal.00029.wav,d2bae68112bea81e9b512870b3013c295d469cdc0c2bdffd0329ffdd6e2766df,30.000181,included,
2110,GTZAN,metal,Metal,6,metal\metal.00030.wav,C:\Genrogram\data\gtzan\genres\metal\metal.00030.wav,ef6503843d2e16e149b05c8e6aadc72dce7440f203826e4c0344034fbebb1686,30.000181,included,
2111,GTZAN,metal,Metal,6,metal\metal.00030.wav,C:\Genrogram\data\gtzan\genres\metal\metal.00030.wav,ef6503843d2e16e149b05c8e6aadc72dce7440f203826e4c0344034fbebb1686,30.000181,included,
2112,GTZAN,metal,Metal,6,metal\metal.00031.wav,C:\Genrogram\data\gtzan\genres\metal\metal.00031.wav,f3546a1ca0d937c193aa07201f12efa463c694ca6722039a991f466983939c3c,30.000181,included,
2113,GTZAN,metal,Metal,6,metal\metal.00031.wav,C:\Genrogram\data\gtzan\genres\metal\metal.00031.wav,f3546a1ca0d937c193aa07201f12efa463c694ca6722039a991f466983939c3c,30.000181,included,
2114,GTZAN,metal,Metal,6,metal\metal.00032.wav,C:\Genrogram\data\gtzan\genres\metal\metal.00032.wav,0bfa4364b497485a2ae58349b2d3de02ad9eec07a994d6fe066a1e5dfc076605,30.000181,included,
2115,GTZAN,metal,Metal,6,metal\metal.00032.wav,C:\Genrogram\data\gtzan\genres\metal\metal.00032.wav,0bfa4364b497485a2ae58349b2d3de02ad9eec07a994d6fe066a1e5dfc076605,30.000181,included,
2116,GTZAN,metal,Metal,6,metal\metal.00033.wav,C:\Genrogram\data\gtzan\genres\metal\metal.00033.wav,42930c0a12598532dc4e8b9edeedce195f2199149d8ac720f742705c493c6bb7,30.000181,included,
2117,GTZAN,metal,Metal,6,metal\metal.00033.wav,C:\Genrogram\data\gtzan\genres\metal\metal.00033.wav,42930c0a12598532dc4e8b9edeedce195f2199149d8ac720f742705c493c6bb7,30.000181,included,
2118,GTZAN,metal,Metal,6,metal\metal.00034.wav,C:\Genrogram\data\gtzan\genres\metal\metal.00034.wav,d15db60c6d1f784d0fa837d150c9ea536115ae03983d820d3c97a8d9e7f8ed3f,30.000181,included,
2119,GTZAN,metal,Metal,6,metal\metal.00034.wav,C:\Genrogram\data\gtzan\genres\metal\metal.00034.wav,d15db60c6d1f784d0fa837d150c9ea536115ae03983d820d3c97a8d9e7f8ed3f,30.000181,included,
2120,GTZAN,metal,Metal,6,metal\metal.00035.wav,C:\Genrogram\data\gtzan\genres\metal\metal.00035.wav,2de6cc30b52eacb41fe5f90ac53a42d74c4853b978f6c9657721e4dc8f504c50,30.000181,included,
2121,GTZAN,metal,Metal,6,metal\metal.00035.wav,C:\Genrogram\data\gtzan\genres\metal\metal.00035.wav,2de6cc30b52eacb41fe5f90ac53a42d74c4853b978f6c9657721e4dc8f504c50,30.000181,included,
2122,GTZAN,metal,Metal,6,metal\metal.00036.wav,C:\Genrogram\data\gtzan\genres\metal\metal.00036.wav,975f18a3c223141972c69c067dd27e118b3039306306ae1de7f7e2091c2deafd,30.000181,included,
2123,GTZAN,metal,Metal,6,metal\metal.00036.wav,C:\Genrogram\data\gtzan\genres\metal\metal.00036.wav,975f18a3c223141972c69c067dd27e118b3039306306ae1de7f7e2091c2deafd,30.000181,included,
2124,GTZAN,metal,Metal,6,metal\metal.00037.wav,C:\Genrogram\data\gtzan\genres\metal\metal.00037.wav,d14da89ad83c231120f32c8984a1fa7f66c048f2359fae09efb7ecf81e279ed1,30.000181,included,
2125,GTZAN,metal,Metal,6,metal\metal.00037.wav,C:\Genrogram\data\gtzan\genres\metal\metal.00037.wav,d14da89ad83c231120f32c8984a1fa7f66c048f2359fae09efb7ecf81e279ed1,30.000181,included,
2126,GTZAN,metal,Metal,6,metal\metal.00038.wav,C:\Genrogram\data\gtzan\genres\metal\metal.00038.wav,136d2d7bb6249155406a9b508b9b662694dc68782c6dd51b42a1805141e0817e,30.000181,included,
2127,GTZAN,metal,Metal,6,metal\metal.00038.wav,C:\Genrogram\data\gtzan\genres\metal\metal.00038.wav,136d2d7bb6249155406a9b508b9b662694dc68782c6dd51b42a1805141e0817e,30.000181,included,
2128,GTZAN,metal,Metal,6,metal\metal.00039.wav,C:\Genrogram\data\gtzan\genres\metal\metal.00039.wav,c4fbd0ffc25e6c9eca9eeb551c0a99b77e7161cb9dcb97aaf46d6f8ebda7a5d1,30.000181,included,
2129,GTZAN,metal,Metal,6,metal\metal.00039.wav,C:\Genrogram\data\gtzan\genres\metal\metal.00039.wav,c4fbd0ffc25e6c9eca9eeb551c0a99b77e7161cb9dcb97aaf46d6f8ebda7a5d1,30.000181,included,
2130,GTZAN,metal,Metal,6,metal\metal.00040.wav,C:\Genrogram\data\gtzan\genres\metal\metal.00040.wav,e73f27709990c875796c260f6900b3bfd60824f09d581638b3fad8a52dbacbbd,30.013333,included,
2131,GTZAN,metal,Metal,6,metal\metal.00040.wav,C:\Genrogram\data\gtzan\genres\metal\metal.00040.wav,e73f27709990c875796c260f6900b3bfd60824f09d581638b3fad8a52dbacbbd,30.013333,included,
2132,GTZAN,metal,Metal,6,metal\metal.00041.wav,C:\Genrogram\data\gtzan\genres\metal\metal.00041.wav,d154129cb75855326d94b47cc1aae0e460187b452494aad895514d445f362a22,30.013333,included,
2133,GTZAN,metal,Metal,6,metal\metal.00041.wav,C:\Genrogram\data\gtzan\genres\metal\metal.00041.wav,d154129cb75855326d94b47cc1aae0e460187b452494aad895514d445f362a22,30.013333,included,
2134,GTZAN,metal,Metal,6,metal\metal.00042.wav,C:\Genrogram\data\gtzan\genres\metal\metal.00042.wav,903b6ec068ed2186a45fdb6b2fe2e54b48980a7b03487bf20cbaae39b34ecbf8,30.013333,included,
2135,GTZAN,metal,Metal,6,metal\metal.00042.wav,C:\Genrogram\data\gtzan\genres\metal\metal.00042.wav,903b6ec068ed2186a45fdb6b2fe2e54b48980a7b03487bf20cbaae39b34ecbf8,30.013333,included,
2136,GTZAN,metal,Metal,6,metal\metal.00043.wav,C:\Genrogram\data\gtzan\genres\metal\metal.00043.wav,b208f62da73a46e53b196e4997303269d6a93769b84bc5d1752627d0991b08f2,30.013333,included,
2137,GTZAN,metal,Metal,6,metal\metal.00043.wav,C:\Genrogram\data\gtzan\genres\metal\metal.00043.wav,b208f62da73a46e53b196e4997303269d6a93769b84bc5d1752627d0991b08f2,30.013333,included,
2138,GTZAN,metal,Metal,6,metal\metal.00044.wav,C:\Genrogram\data\gtzan\genres\metal\metal.00044.wav,d7a7a94ac76dd141c4a99aef660336f48a6e504562a8972116cd0518eb87ee44,30.013333,included,
2139,GTZAN,metal,Metal,6,metal\metal.00044.wav,C:\Genrogram\data\gtzan\genres\metal\metal.00044.wav,d7a7a94ac76dd141c4a99aef660336f48a6e504562a8972116cd0518eb87ee44,30.013333,included,
2140,GTZAN,metal,Metal,6,metal\metal.00045.wav,C:\Genrogram\data\gtzan\genres\metal\metal.00045.wav,4de67c0fd52ad616a56a790916ab2a895893cde730d916b935b4b07e1fcae2a0,30.013333,included,
2141,GTZAN,metal,Metal,6,metal\metal.00045.wav,C:\Genrogram\data\gtzan\genres\metal\metal.00045.wav,4de67c0fd52ad616a56a790916ab2a895893cde730d916b935b4b07e1fcae2a0,30.013333,included,
2142,GTZAN,metal,Metal,6,metal\metal.00046.wav,C:\Genrogram\data\gtzan\genres\metal\metal.00046.wav,ffe3d0c0219848518f0262ec41d0cf641f8b01957ef1942da44569ed20d7868c,30.013333,included,
2143,GTZAN,metal,Metal,6,metal\metal.00046.wav,C:\Genrogram\data\gtzan\genres\metal\metal.00046.wav,ffe3d0c0219848518f0262ec41d0cf641f8b01957ef1942da44569ed20d7868c,30.013333,included,
2144,GTZAN,metal,Metal,6,metal\metal.00047.wav,C:\Genrogram\data\gtzan\genres\metal\metal.00047.wav,f5f08fea7e1a75391dd6dafca01e1ddb797cc0d4f696d79c1449c0ee46240135,30.013333,included,
2145,GTZAN,metal,Metal,6,metal\metal.00047.wav,C:\Genrogram\data\gtzan\genres\metal\metal.00047.wav,f5f08fea7e1a75391dd6dafca01e1ddb797cc0d4f696d79c1449c0ee46240135,30.013333,included,
2146,GTZAN,metal,Metal,6,metal\metal.00048.wav,C:\Genrogram\data\gtzan\genres\metal\metal.00048.wav,3bba9ba2ae890d6481dce389c529d0d30ee7157b546bc6171ad85ef621b8506c,30.013333,included,
2147,GTZAN,metal,Metal,6,metal\metal.00048.wav,C:\Genrogram\data\gtzan\genres\metal\metal.00048.wav,3bba9ba2ae890d6481dce389c529d0d30ee7157b546bc6171ad85ef621b8506c,30.013333,included,
2148,GTZAN,metal,Metal,6,metal\metal.00049.wav,C:\Genrogram\data\gtzan\genres\metal\metal.00049.wav,dabec695cfa31b9d20bf1ec0c8e6e28a83cacaee91f501a171bb005ce723e8fa,30.013333,included,
2149,GTZAN,metal,Metal,6,metal\metal.00049.wav,C:\Genrogram\data\gtzan\genres\metal\metal.00049.wav,dabec695cfa31b9d20bf1ec0c8e6e28a83cacaee91f501a171bb005ce723e8fa,30.013333,included,
2150,GTZAN,metal,Metal,6,metal\metal.00050.wav,C:\Genrogram\data\gtzan\genres\metal\metal.00050.wav,e3d231bfc024b7352ff8ca4c577633c1e30354dc12bdc3fdbc9a8da4d858e89b,30.013333,included,
2151,GTZAN,metal,Metal,6,metal\metal.00050.wav,C:\Genrogram\data\gtzan\genres\metal\metal.00050.wav,e3d231bfc024b7352ff8ca4c577633c1e30354dc12bdc3fdbc9a8da4d858e89b,30.013333,included,
2152,GTZAN,metal,Metal,6,metal\metal.00051.wav,C:\Genrogram\data\gtzan\genres\metal\metal.00051.wav,1604e603dbe5053737f04da71010f70d706c6e8db1b2eeb34fce9c8460fe00ee,30.013333,included,
2153,GTZAN,metal,Metal,6,metal\metal.00051.wav,C:\Genrogram\data\gtzan\genres\metal\metal.00051.wav,1604e603dbe5053737f04da71010f70d706c6e8db1b2eeb34fce9c8460fe00ee,30.013333,included,
2154,GTZAN,metal,Metal,6,metal\metal.00052.wav,C:\Genrogram\data\gtzan\genres\metal\metal.00052.wav,e718a968282f99fa918c8e7fce7923bfe973870ca67fd5d1abe4c01369926b5e,30.013333,included,
2155,GTZAN,metal,Metal,6,metal\metal.00052.wav,C:\Genrogram\data\gtzan\genres\metal\metal.00052.wav,e718a968282f99fa918c8e7fce7923bfe973870ca67fd5d1abe4c01369926b5e,30.013333,included,
2156,GTZAN,metal,Metal,6,metal\metal.00053.wav,C:\Genrogram\data\gtzan\genres\metal\metal.00053.wav,5d533ae6b2f084e4c971981fe7031e011adfa7518ac9222b9be1f349e328ac43,30.013333,included,
2157,GTZAN,metal,Metal,6,metal\metal.00053.wav,C:\Genrogram\data\gtzan\genres\metal\metal.00053.wav,5d533ae6b2f084e4c971981fe7031e011adfa7518ac9222b9be1f349e328ac43,30.013333,included,
2158,GTZAN,metal,Metal,6,metal\metal.00054.wav,C:\Genrogram\data\gtzan\genres\metal\metal.00054.wav,aaffb19568d6dffbfef2ae534eda8e87212d438987964c7616675ff5314b703b,30.013333,included,
2159,GTZAN,metal,Metal,6,metal\metal.00054.wav,C:\Genrogram\data\gtzan\genres\metal\metal.00054.wav,aaffb19568d6dffbfef2ae534eda8e87212d438987964c7616675ff5314b703b,30.013333,included,
2160,GTZAN,metal,Metal,6,metal\metal.00055.wav,C:\Genrogram\data\gtzan\genres\metal\metal.00055.wav,ff3a6e7ca571bd5e4ad7609bd1f0569185f5a1304827af34a5b8b80ee9700d79,30.013333,included,
2161,GTZAN,metal,Metal,6,metal\metal.00055.wav,C:\Genrogram\data\gtzan\genres\metal\metal.00055.wav,ff3a6e7ca571bd5e4ad7609bd1f0569185f5a1304827af34a5b8b80ee9700d79,30.013333,included,
2162,GTZAN,metal,Metal,6,metal\metal.00056.wav,C:\Genrogram\data\gtzan\genres\metal\metal.00056.wav,62ebcb04cf26279041a57db482221397f78c4204870872b06d6a1698d6033c07,30.013333,included,
2163,GTZAN,metal,Metal,6,metal\metal.00056.wav,C:\Genrogram\data\gtzan\genres\metal\metal.00056.wav,62ebcb04cf26279041a57db482221397f78c4204870872b06d6a1698d6033c07,30.013333,included,
2164,GTZAN,metal,Metal,6,metal\metal.00057.wav,C:\Genrogram\data\gtzan\genres\metal\metal.00057.wav,e51bbadaae288fa7ede724dd58867bbdcb85d4991007c9b9380281075fbd4ec4,30.013333,included,
2165,GTZAN,metal,Metal,6,metal\metal.00057.wav,C:\Genrogram\data\gtzan\genres\metal\metal.00057.wav,e51bbadaae288fa7ede724dd58867bbdcb85d4991007c9b9380281075fbd4ec4,30.013333,included,
2166,GTZAN,metal,Metal,6,metal\metal.00058.wav,C:\Genrogram\data\gtzan\genres\metal\metal.00058.wav,56e2b93b263a1f29ced0090d615d40755e9dc19b8066234355cfbb4ffcc2f019,30.013333,included,
2167,GTZAN,metal,Metal,6,metal\metal.00058.wav,C:\Genrogram\data\gtzan\genres\metal\metal.00058.wav,56e2b93b263a1f29ced0090d615d40755e9dc19b8066234355cfbb4ffcc2f019,30.013333,included,
2168,GTZAN,metal,Metal,6,metal\metal.00059.wav,C:\Genrogram\data\gtzan\genres\metal\metal.00059.wav,a2613eb427db7a7188709d9cf021801ca959c24a84c5c5ef3b46d871fb89b2c6,30.013333,included,
2169,GTZAN,metal,Metal,6,metal\metal.00059.wav,C:\Genrogram\data\gtzan\genres\metal\metal.00059.wav,a2613eb427db7a7188709d9cf021801ca959c24a84c5c5ef3b46d871fb89b2c6,30.013333,included,
2170,GTZAN,metal,Metal,6,metal\metal.00060.wav,C:\Genrogram\data\gtzan\genres\metal\metal.00060.wav,6673351b5fe7339dc1bdf99d92981449f6b3dd4fd81e892d3ed846b9b75c6d38,30.013333,included,
2171,GTZAN,metal,Metal,6,metal\metal.00060.wav,C:\Genrogram\data\gtzan\genres\metal\metal.00060.wav,6673351b5fe7339dc1bdf99d92981449f6b3dd4fd81e892d3ed846b9b75c6d38,30.013333,included,
2172,GTZAN,metal,Metal,6,metal\metal.00061.wav,C:\Genrogram\data\gtzan\genres\metal\metal.00061.wav,e73f27709990c875796c260f6900b3bfd60824f09d581638b3fad8a52dbacbbd,30.013333,included,
2173,GTZAN,metal,Metal,6,metal\metal.00061.wav,C:\Genrogram\data\gtzan\genres\metal\metal.00061.wav,e73f27709990c875796c260f6900b3bfd60824f09d581638b3fad8a52dbacbbd,30.013333,included,
2174,GTZAN,metal,Metal,6,metal\metal.00062.wav,C:\Genrogram\data\gtzan\genres\metal\metal.00062.wav,d154129cb75855326d94b47cc1aae0e460187b452494aad895514d445f362a22,30.013333,included,
2175,GTZAN,metal,Metal,6,metal\metal.00062.wav,C:\Genrogram\data\gtzan\genres\metal\metal.00062.wav,d154129cb75855326d94b47cc1aae0e460187b452494aad895514d445f362a22,30.013333,included,
2176,GTZAN,metal,Metal,6,metal\metal.00063.wav,C:\Genrogram\data\gtzan\genres\metal\metal.00063.wav,903b6ec068ed2186a45fdb6b2fe2e54b48980a7b03487bf20cbaae39b34ecbf8,30.013333,included,
2177,GTZAN,metal,Metal,6,metal\metal.00063.wav,C:\Genrogram\data\gtzan\genres\metal\metal.00063.wav,903b6ec068ed2186a45fdb6b2fe2e54b48980a7b03487bf20cbaae39b34ecbf8,30.013333,included,
2178,GTZAN,metal,Metal,6,metal\metal.00064.wav,C:\Genrogram\data\gtzan\genres\metal\metal.00064.wav,b208f62da73a46e53b196e4997303269d6a93769b84bc5d1752627d0991b08f2,30.013333,included,
2179,GTZAN,metal,Metal,6,metal\metal.00064.wav,C:\Genrogram\data\gtzan\genres\metal\metal.00064.wav,b208f62da73a46e53b196e4997303269d6a93769b84bc5d1752627d0991b08f2,30.013333,included,
2180,GTZAN,metal,Metal,6,metal\metal.00065.wav,C:\Genrogram\data\gtzan\genres\metal\metal.00065.wav,d7a7a94ac76dd141c4a99aef660336f48a6e504562a8972116cd0518eb87ee44,30.013333,included,
2181,GTZAN,metal,Metal,6,metal\metal.00065.wav,C:\Genrogram\data\gtzan\genres\metal\metal.00065.wav,d7a7a94ac76dd141c4a99aef660336f48a6e504562a8972116cd0518eb87ee44,30.013333,included,
2182,GTZAN,metal,Metal,6,metal\metal.00066.wav,C:\Genrogram\data\gtzan\genres\metal\metal.00066.wav,4de67c0fd52ad616a56a790916ab2a895893cde730d916b935b4b07e1fcae2a0,30.013333,included,
2183,GTZAN,metal,Metal,6,metal\metal.00066.wav,C:\Genrogram\data\gtzan\genres\metal\metal.00066.wav,4de67c0fd52ad616a56a790916ab2a895893cde730d916b935b4b07e1fcae2a0,30.013333,included,
2184,GTZAN,metal,Metal,6,metal\metal.00067.wav,C:\Genrogram\data\gtzan\genres\metal\metal.00067.wav,8efa75ba9c1eef1577697e10e5df00559e9de5a7e5336b678b8e800ca0d2d76a,30.000181,included,
2185,GTZAN,metal,Metal,6,metal\metal.00067.wav,C:\Genrogram\data\gtzan\genres\metal\metal.00067.wav,8efa75ba9c1eef1577697e10e5df00559e9de5a7e5336b678b8e800ca0d2d76a,30.000181,included,
2186,GTZAN,metal,Metal,6,metal\metal.00068.wav,C:\Genrogram\data\gtzan\genres\metal\metal.00068.wav,ef29a482cd67e930f41dea481d9950d017aa267119427427e77927385d83cba7,30.000181,included,
2187,GTZAN,metal,Metal,6,metal\metal.00068.wav,C:\Genrogram\data\gtzan\genres\metal\metal.00068.wav,ef29a482cd67e930f41dea481d9950d017aa267119427427e77927385d83cba7,30.000181,included,
2188,GTZAN,metal,Metal,6,metal\metal.00069.wav,C:\Genrogram\data\gtzan\genres\metal\metal.00069.wav,f96ea203018c6554175834aababee2f231acab27157c94ec5686c66b63baa08b,30.000181,included,
2189,GTZAN,metal,Metal,6,metal\metal.00069.wav,C:\Genrogram\data\gtzan\genres\metal\metal.00069.wav,f96ea203018c6554175834aababee2f231acab27157c94ec5686c66b63baa08b,30.000181,included,
2190,GTZAN,metal,Metal,6,metal\metal.00070.wav,C:\Genrogram\data\gtzan\genres\metal\metal.00070.wav,6f220d33493cdde9d6b267079f55207a5e3f6cfecb581a5f634fa0e03b1aa80c,30.000181,included,
2191,GTZAN,metal,Metal,6,metal\metal.00070.wav,C:\Genrogram\data\gtzan\genres\metal\metal.00070.wav,6f220d33493cdde9d6b267079f55207a5e3f6cfecb581a5f634fa0e03b1aa80c,30.000181,included,
2192,GTZAN,metal,Metal,6,metal\metal.00071.wav,C:\Genrogram\data\gtzan\genres\metal\metal.00071.wav,c4043cdb936a8908f47431297b92cb9e388d70b889d322b11e9d9b6832114617,30.000181,included,
2193,GTZAN,metal,Metal,6,metal\metal.00071.wav,C:\Genrogram\data\gtzan\genres\metal\metal.00071.wav,c4043cdb936a8908f47431297b92cb9e388d70b889d322b11e9d9b6832114617,30.000181,included,
2194,GTZAN,metal,Metal,6,metal\metal.00072.wav,C:\Genrogram\data\gtzan\genres\metal\metal.00072.wav,a8c60366bf1c2d140e23af6b87bb92746d554867e092460788c725cea8cdff40,30.000181,included,
2195,GTZAN,metal,Metal,6,metal\metal.00072.wav,C:\Genrogram\data\gtzan\genres\metal\metal.00072.wav,a8c60366bf1c2d140e23af6b87bb92746d554867e092460788c725cea8cdff40,30.000181,included,
2196,GTZAN,metal,Metal,6,metal\metal.00073.wav,C:\Genrogram\data\gtzan\genres\metal\metal.00073.wav,be07b66df19724625822801a72296b9a259fc32495c8c54ed88956a55771a467,30.000181,included,
2197,GTZAN,metal,Metal,6,metal\metal.00073.wav,C:\Genrogram\data\gtzan\genres\metal\metal.00073.wav,be07b66df19724625822801a72296b9a259fc32495c8c54ed88956a55771a467,30.000181,included,
2198,GTZAN,metal,Metal,6,metal\metal.00074.wav,C:\Genrogram\data\gtzan\genres\metal\metal.00074.wav,297b1836ebf2891f474aea90daa2f1762569c5e0f755b7b8da6f81ab3ff42de6,30.000181,included,
2199,GTZAN,metal,Metal,6,metal\metal.00074.wav,C:\Genrogram\data\gtzan\genres\metal\metal.00074.wav,297b1836ebf2891f474aea90daa2f1762569c5e0f755b7b8da6f81ab3ff42de6,30.000181,included,
2200,GTZAN,metal,Metal,6,metal\metal.00075.wav,C:\Genrogram\data\gtzan\genres\metal\metal.00075.wav,8108d11468fa2b054e546bb5555e7e8cb85671e2b0e4665bc6fe30b2befff534,30.000181,included,
2201,GTZAN,metal,Metal,6,metal\metal.00075.wav,C:\Genrogram\data\gtzan\genres\metal\metal.00075.wav,8108d11468fa2b054e546bb5555e7e8cb85671e2b0e4665bc6fe30b2befff534,30.000181,included,
2202,GTZAN,metal,Metal,6,metal\metal.00076.wav,C:\Genrogram\data\gtzan\genres\metal\metal.00076.wav,68c3273b470902a4866907448b0d5b8f06766c467fc46d53e62387d07bfdc7c5,30.000181,included,
2203,GTZAN,metal,Metal,6,metal\metal.00076.wav,C:\Genrogram\data\gtzan\genres\metal\metal.00076.wav,68c3273b470902a4866907448b0d5b8f06766c467fc46d53e62387d07bfdc7c5,30.000181,included,
2204,GTZAN,metal,Metal,6,metal\metal.00077.wav,C:\Genrogram\data\gtzan\genres\metal\metal.00077.wav,b932f382e0c9981d8a58fed4c8ce00cc9de9b7e8d52cd5adabd7c87f6c1cf756,30.000181,included,
2205,GTZAN,metal,Metal,6,metal\metal.00077.wav,C:\Genrogram\data\gtzan\genres\metal\metal.00077.wav,b932f382e0c9981d8a58fed4c8ce00cc9de9b7e8d52cd5adabd7c87f6c1cf756,30.000181,included,
2206,GTZAN,metal,Metal,6,metal\metal.00078.wav,C:\Genrogram\data\gtzan\genres\metal\metal.00078.wav,021fded745f40626355a62b24e632fcd892985dd83e798947710a1d3857f9965,30.000181,included,
2207,GTZAN,metal,Metal,6,metal\metal.00078.wav,C:\Genrogram\data\gtzan\genres\metal\metal.00078.wav,021fded745f40626355a62b24e632fcd892985dd83e798947710a1d3857f9965,30.000181,included,
2208,GTZAN,metal,Metal,6,metal\metal.00079.wav,C:\Genrogram\data\gtzan\genres\metal\metal.00079.wav,dc701b5a6cbd59b90710ab0561649f9b75bd6fd671c88d351360a3f04bc6ead6,30.000181,included,
2209,GTZAN,metal,Metal,6,metal\metal.00079.wav,C:\Genrogram\data\gtzan\genres\metal\metal.00079.wav,dc701b5a6cbd59b90710ab0561649f9b75bd6fd671c88d351360a3f04bc6ead6,30.000181,included,
2210,GTZAN,metal,Metal,6,metal\metal.00080.wav,C:\Genrogram\data\gtzan\genres\metal\metal.00080.wav,6dad9b7410b8e56f0811d7acbb1071b25316545174df28b13ccc635a56371e60,30.000181,included,
2211,GTZAN,metal,Metal,6,metal\metal.00080.wav,C:\Genrogram\data\gtzan\genres\metal\metal.00080.wav,6dad9b7410b8e56f0811d7acbb1071b25316545174df28b13ccc635a56371e60,30.000181,included,
2212,GTZAN,metal,Metal,6,metal\metal.00081.wav,C:\Genrogram\data\gtzan\genres\metal\metal.00081.wav,7f7b66e4f34200b61597261fc2444a6c89d9640f5b938fc8f72c211c65aa53de,30.000181,included,
2213,GTZAN,metal,Metal,6,metal\metal.00081.wav,C:\Genrogram\data\gtzan\genres\metal\metal.00081.wav,7f7b66e4f34200b61597261fc2444a6c89d9640f5b938fc8f72c211c65aa53de,30.000181,included,
2214,GTZAN,metal,Metal,6,metal\metal.00082.wav,C:\Genrogram\data\gtzan\genres\metal\metal.00082.wav,32853fbd6c07325d62b2c8413d3f921fc8fd855c2d330e4c822153803011a6d2,30.000181,included,
2215,GTZAN,metal,Metal,6,metal\metal.00082.wav,C:\Genrogram\data\gtzan\genres\metal\metal.00082.wav,32853fbd6c07325d62b2c8413d3f921fc8fd855c2d330e4c822153803011a6d2,30.000181,included,
2216,GTZAN,metal,Metal,6,metal\metal.00083.wav,C:\Genrogram\data\gtzan\genres\metal\metal.00083.wav,60e96e40843bf209659a9a922d7f8bcb7160ad5f77e8e0ade010d9985ea29334,30.000181,included,
2217,GTZAN,metal,Metal,6,metal\metal.00083.wav,C:\Genrogram\data\gtzan\genres\metal\metal.00083.wav,60e96e40843bf209659a9a922d7f8bcb7160ad5f77e8e0ade010d9985ea29334,30.000181,included,
2218,GTZAN,metal,Metal,6,metal\metal.00084.wav,C:\Genrogram\data\gtzan\genres\metal\metal.00084.wav,ef800bb02ca1efb311a7b62d36edfa66ee936b284587f3020c0ac8cc009ef889,30.000181,included,
2219,GTZAN,metal,Metal,6,metal\metal.00084.wav,C:\Genrogram\data\gtzan\genres\metal\metal.00084.wav,ef800bb02ca1efb311a7b62d36edfa66ee936b284587f3020c0ac8cc009ef889,30.000181,included,
2220,GTZAN,metal,Metal,6,metal\metal.00085.wav,C:\Genrogram\data\gtzan\genres\metal\metal.00085.wav,1895a076283045e1d62ce850b24225898d9258f0aa87118589ada358d972042c,30.000181,included,
2221,GTZAN,metal,Metal,6,metal\metal.00085.wav,C:\Genrogram\data\gtzan\genres\metal\metal.00085.wav,1895a076283045e1d62ce850b24225898d9258f0aa87118589ada358d972042c,30.000181,included,
2222,GTZAN,metal,Metal,6,metal\metal.00086.wav,C:\Genrogram\data\gtzan\genres\metal\metal.00086.wav,ea19e168223a3e3b9fc406e5c21adfb0613eea5be0e36527d9d85ba5fbce6805,30.000181,included,
2223,GTZAN,metal,Metal,6,metal\metal.00086.wav,C:\Genrogram\data\gtzan\genres\metal\metal.00086.wav,ea19e168223a3e3b9fc406e5c21adfb0613eea5be0e36527d9d85ba5fbce6805,30.000181,included,
2224,GTZAN,metal,Metal,6,metal\metal.00087.wav,C:\Genrogram\data\gtzan\genres\metal\metal.00087.wav,e6e1a145fec9db887c2c62f450488e6dc06c739dc0a90d5ec595984355500ffc,30.000181,included,
2225,GTZAN,metal,Metal,6,metal\metal.00087.wav,C:\Genrogram\data\gtzan\genres\metal\metal.00087.wav,e6e1a145fec9db887c2c62f450488e6dc06c739dc0a90d5ec595984355500ffc,30.000181,included,
2226,GTZAN,metal,Metal,6,metal\metal.00088.wav,C:\Genrogram\data\gtzan\genres\metal\metal.00088.wav,66ebcd7a51fe96870881da293091303cf4866aa08763c3f372255192d9187e23,30.000181,included,
2227,GTZAN,metal,Metal,6,metal\metal.00088.wav,C:\Genrogram\data\gtzan\genres\metal\metal.00088.wav,66ebcd7a51fe96870881da293091303cf4866aa08763c3f372255192d9187e23,30.000181,included,
2228,GTZAN,metal,Metal,6,metal\metal.00089.wav,C:\Genrogram\data\gtzan\genres\metal\metal.00089.wav,f1745409ab12fe53f8e5819cd1195c7264833ebcd0723fa1b611bba0d0608917,30.000181,included,
2229,GTZAN,metal,Metal,6,metal\metal.00089.wav,C:\Genrogram\data\gtzan\genres\metal\metal.00089.wav,f1745409ab12fe53f8e5819cd1195c7264833ebcd0723fa1b611bba0d0608917,30.000181,included,
2230,GTZAN,metal,Metal,6,metal\metal.00090.wav,C:\Genrogram\data\gtzan\genres\metal\metal.00090.wav,f6c0018da5bb2facd42f689e5a0eac54df233b89b316a46fe32fd2f541dca12a,30.000181,included,
2231,GTZAN,metal,Metal,6,metal\metal.00090.wav,C:\Genrogram\data\gtzan\genres\metal\metal.00090.wav,f6c0018da5bb2facd42f689e5a0eac54df233b89b316a46fe32fd2f541dca12a,30.000181,included,
2232,GTZAN,metal,Metal,6,metal\metal.00091.wav,C:\Genrogram\data\gtzan\genres\metal\metal.00091.wav,45d1aba0bb64f2d416da30f3bed49a78c716b1fbe64f44d737fad9a718c742a9,30.000181,included,
2233,GTZAN,metal,Metal,6,metal\metal.00091.wav,C:\Genrogram\data\gtzan\genres\metal\metal.00091.wav,45d1aba0bb64f2d416da30f3bed49a78c716b1fbe64f44d737fad9a718c742a9,30.000181,included,
2234,GTZAN,metal,Metal,6,metal\metal.00092.wav,C:\Genrogram\data\gtzan\genres\metal\metal.00092.wav,f9c179b858c6fc1178a859ed5ee814a4baef4f0b098a4dda453a39aa9c352f20,30.000181,included,
2235,GTZAN,metal,Metal,6,metal\metal.00092.wav,C:\Genrogram\data\gtzan\genres\metal\metal.00092.wav,f9c179b858c6fc1178a859ed5ee814a4baef4f0b098a4dda453a39aa9c352f20,30.000181,included,
2236,GTZAN,metal,Metal,6,metal\metal.00093.wav,C:\Genrogram\data\gtzan\genres\metal\metal.00093.wav,f93d718def4d5f672314b4dc0bb83bdcd8e396afaf456d6b0af7cab70352bf91,30.000181,included,
2237,GTZAN,metal,Metal,6,metal\metal.00093.wav,C:\Genrogram\data\gtzan\genres\metal\metal.00093.wav,f93d718def4d5f672314b4dc0bb83bdcd8e396afaf456d6b0af7cab70352bf91,30.000181,included,
2238,GTZAN,metal,Metal,6,metal\metal.00094.wav,C:\Genrogram\data\gtzan\genres\metal\metal.00094.wav,d15db60c6d1f784d0fa837d150c9ea536115ae03983d820d3c97a8d9e7f8ed3f,30.000181,included,
2239,GTZAN,metal,Metal,6,metal\metal.00094.wav,C:\Genrogram\data\gtzan\genres\metal\metal.00094.wav,d15db60c6d1f784d0fa837d150c9ea536115ae03983d820d3c97a8d9e7f8ed3f,30.000181,included,
2240,GTZAN,metal,Metal,6,metal\metal.00095.wav,C:\Genrogram\data\gtzan\genres\metal\metal.00095.wav,2f248d32dd05e134a7f99e943d873f17c935e7e5ccb53bcf591b7cfbea19537e,30.013333,included,
2241,GTZAN,metal,Metal,6,metal\metal.00095.wav,C:\Genrogram\data\gtzan\genres\metal\metal.00095.wav,2f248d32dd05e134a7f99e943d873f17c935e7e5ccb53bcf591b7cfbea19537e,30.013333,included,
2242,GTZAN,metal,Metal,6,metal\metal.00096.wav,C:\Genrogram\data\gtzan\genres\metal\metal.00096.wav,1f2a1b0f878c208c0cf9f73326980cc8fd306ffed1f6a3eb0cfb56258f279740,30.013333,included,
2243,GTZAN,metal,Metal,6,metal\metal.00096.wav,C:\Genrogram\data\gtzan\genres\metal\metal.00096.wav,1f2a1b0f878c208c0cf9f73326980cc8fd306ffed1f6a3eb0cfb56258f279740,30.013333,included,
2244,GTZAN,metal,Metal,6,metal\metal.00097.wav,C:\Genrogram\data\gtzan\genres\metal\metal.00097.wav,b3271c709dd8017bb6ae535411199ecf9b9eb00b05196752fcb93141aa1a53ce,30.013333,included,
2245,GTZAN,metal,Metal,6,metal\metal.00097.wav,C:\Genrogram\data\gtzan\genres\metal\metal.00097.wav,b3271c709dd8017bb6ae535411199ecf9b9eb00b05196752fcb93141aa1a53ce,30.013333,included,
2246,GTZAN,metal,Metal,6,metal\metal.00098.wav,C:\Genrogram\data\gtzan\genres\metal\metal.00098.wav,c57a4f889a27e0c8f22379f758b63e80b3848994f3cecf3db83828f43fc8d559,30.013333,included,
2247,GTZAN,metal,Metal,6,metal\metal.00098.wav,C:\Genrogram\data\gtzan\genres\metal\metal.00098.wav,c57a4f889a27e0c8f22379f758b63e80b3848994f3cecf3db83828f43fc8d559,30.013333,included,
2248,GTZAN,metal,Metal,6,metal\metal.00099.wav,C:\Genrogram\data\gtzan\genres\metal\metal.00099.wav,af368bb18d265abf0082de30069223e49fae95e34885f116f45a61405213337d,30.013333,included,
2249,GTZAN,metal,Metal,6,metal\metal.00099.wav,C:\Genrogram\data\gtzan\genres\metal\metal.00099.wav,af368bb18d265abf0082de30069223e49fae95e34885f116f45a61405213337d,30.013333,included,
2250,Navrasa,Phonk,Phonk,13,Phonk\Global\Phonk\AK_PHONK_-_AURA_NONSTOP_AURA_PHONK_2025_TRENDING_PHONK_PLAYLIST.wav,C:\Genrogram\data\expanded_raw\Phonk\Global\Phonk\AK_PHONK_-_AURA_NONSTOP_AURA_PHONK_2025_TRENDING_PHONK_PLAYLIST.wav,4fc634ee29f89e55f0a5ecd9d9870ff31544cc2a875ddda38e57ee6715afe299,30.000000,included,
2251,Navrasa,Phonk,Phonk,13,Phonk\Global\Phonk\AS_PHONKS_-_QMIIR_SEMPERO_ULTRA_SLOWED.wav,C:\Genrogram\data\expanded_raw\Phonk\Global\Phonk\AS_PHONKS_-_QMIIR_SEMPERO_ULTRA_SLOWED.wav,f9971070a2f5e39a44c73ba7f2ab24c398f184602b2c0933ceb982040c868cb1,30.000000,included,
2252,Navrasa,Phonk,Phonk,13,Phonk\Global\Phonk\All_Things_Phonk_-_THE_BEST_PHONK_PLAYLIST_2025_Pt43_1_HOUR_VIRAL_AURA_MUSIC_PLAYLIST_to_BOOST_YOUR_AURA_.wav,C:\Genrogram\data\expanded_raw\Phonk\Global\Phonk\All_Things_Phonk_-_THE_BEST_PHONK_PLAYLIST_2025_Pt43_1_HOUR_VIRAL_AURA_MUSIC_PLAYLIST_to_BOOST_YOUR_AURA_.wav,21151ae27df2902561066258841e573a25066ea090feec679e4c4b672eea54b7,30.000000,included,
2253,Navrasa,Phonk,Phonk,13,Phonk\Global\Phonk\All_Things_Phonk_-_THE_BEST_PHONK_PLAYLIST_2025_Pt51_1_HOUR_VIRAL_AURA_MUSIC_PLAYLIST_to_BOOST_YOUR_AURA_.wav,C:\Genrogram\data\expanded_raw\Phonk\Global\Phonk\All_Things_Phonk_-_THE_BEST_PHONK_PLAYLIST_2025_Pt51_1_HOUR_VIRAL_AURA_MUSIC_PLAYLIST_to_BOOST_YOUR_AURA_.wav,a9aa494f4820e3c4a91f3d8488725e4a97042a93031f4c8fd6d61bec60ab2a79,30.000000,included,
2254,Navrasa,Phonk,Phonk,13,Phonk\Global\Phonk\Arexx_Musix_-_TOP_10_MOST_VIRAL_PHONKFUNK_2025_PART_1_TRENDING_PHONK_PLAYLIST.wav,C:\Genrogram\data\expanded_raw\Phonk\Global\Phonk\Arexx_Musix_-_TOP_10_MOST_VIRAL_PHONKFUNK_2025_PART_1_TRENDING_PHONK_PLAYLIST.wav,cd3f260d926f2ea6f16903e8d7f6c30902bf4c3d2b19e7f86f9dd50b959d8fdd,30.000000,included,
2255,Navrasa,Phonk,Phonk,13,Phonk\Global\Phonk\Bass_phonk_-_TOP_10_MOST_VIRAL_PHONK_FUNK_2025_PART_3.wav,C:\Genrogram\data\expanded_raw\Phonk\Global\Phonk\Bass_phonk_-_TOP_10_MOST_VIRAL_PHONK_FUNK_2025_PART_3.wav,fd00a0fdc191055fd08142937b67bf71ff81d9145ed65ca21985431eed4770b0,30.000000,included,
2256,Navrasa,Phonk,Phonk,13,Phonk\Global\Phonk\BiYVoS_-_30MINTOP_PHONK_MUSIC_2025TRENDING_PHONK_HITS.wav,C:\Genrogram\data\expanded_raw\Phonk\Global\Phonk\BiYVoS_-_30MINTOP_PHONK_MUSIC_2025TRENDING_PHONK_HITS.wav,bccf1c69dbd0907528631d947d07f6b81db3ab9ff1c95f6cc1a777e2f1f13a75,30.000000,included,
2257,Navrasa,Phonk,Phonk,13,Phonk\Global\Phonk\Brazilian_Phonk_Empire_-_VIRAL_PHONKFUNK_SONGS_2025_PLAYLIST.wav,C:\Genrogram\data\expanded_raw\Phonk\Global\Phonk\Brazilian_Phonk_Empire_-_VIRAL_PHONKFUNK_SONGS_2025_PLAYLIST.wav,01573cc44813edcf6b371c2d150f72c99f3b72b6922871b784a807381c5d9fdc,30.000000,included,
2258,Navrasa,Phonk,Phonk,13,Phonk\Global\Phonk\CURSEDEVIL_-_ADRENALINE_Playlist_That_Make_you_the_Main_Character_BRAZIL_PHONK_FUNK_VIRAL.wav,C:\Genrogram\data\expanded_raw\Phonk\Global\Phonk\CURSEDEVIL_-_ADRENALINE_Playlist_That_Make_you_the_Main_Character_BRAZIL_PHONK_FUNK_VIRAL.wav,242ff550b4a78eb7c8139d149b9ce747f83b7be8fb367d9100cfdf1674968271,30.000000,included,
2259,Navrasa,Phonk,Phonk,13,Phonk\Global\Phonk\D4RKPHONK_-_TOP_VIRAL_PHONKFUNK_TRACKS_OF_2025_AGGRESSIVE_PHONK_MUSIC_PLAYLIST_FUNK_GYM_AGGRESSIVE.wav,C:\Genrogram\data\expanded_raw\Phonk\Global\Phonk\D4RKPHONK_-_TOP_VIRAL_PHONKFUNK_TRACKS_OF_2025_AGGRESSIVE_PHONK_MUSIC_PLAYLIST_FUNK_GYM_AGGRESSIVE.wav,1c68e275318724c1709e98822bbc4e007d9c1d74573abfee818dfbece470a328,30.000000,included,
2260,Navrasa,Phonk,Phonk,13,Phonk\Global\Phonk\DEATH_Phonk_-_AURA_1_HOUR_VIRAL_AURA_MUSIC_PLAYLIST_2025_TRENDING_PHONK_HITS_10K_SPECIAL.wav,C:\Genrogram\data\expanded_raw\Phonk\Global\Phonk\DEATH_Phonk_-_AURA_1_HOUR_VIRAL_AURA_MUSIC_PLAYLIST_2025_TRENDING_PHONK_HITS_10K_SPECIAL.wav,05006d497ff7f02d9958ef26ca218228dee25d50c39a9cb4bb2c1046e19b72f0,30.000000,included,
2261,Navrasa,Phonk,Phonk,13,Phonk\Global\Phonk\DEMON_FONK_-_8___2025.wav,C:\Genrogram\data\expanded_raw\Phonk\Global\Phonk\DEMON_FONK_-_8___2025.wav,a39be6c722a7aeec0313befe100415ff19fa39805780ca30c88232a751b791cc,30.000000,included,
2262,Navrasa,Phonk,Phonk,13,Phonk\Global\Phonk\Dark_Phonk_Zone_-_VIRAL_PHONKFUNK_SONGS_2025.wav,C:\Genrogram\data\expanded_raw\Phonk\Global\Phonk\Dark_Phonk_Zone_-_VIRAL_PHONKFUNK_SONGS_2025.wav,11d9a6d99405653e6f90ff269a86e2d7f126b621e6fb2daf53f940be178c5b69,30.000000,included,
2263,Navrasa,Phonk,Phonk,13,Phonk\Global\Phonk\EMPIRE_PHONK_-_AURA_1_HOUR_AURA_MUSIC_PLAYLIST_2025.wav,C:\Genrogram\data\expanded_raw\Phonk\Global\Phonk\EMPIRE_PHONK_-_AURA_1_HOUR_AURA_MUSIC_PLAYLIST_2025.wav,3b9d9aa07ea8d7ef7bf505118a5b1e526538146188713b5d5e024bf97db5ac55,30.000000,included,
2264,Navrasa,Phonk,Phonk,13,Phonk\Global\Phonk\EMPIRE_PHONK_-_AURA_1_HOUR_VIRAL_AURA_MUSIC_PLAYLIST_2025_BOUNCE_PHONK_MIX_to_BOOST_YOUR_AURA.wav,C:\Genrogram\data\expanded_raw\Phonk\Global\Phonk\EMPIRE_PHONK_-_AURA_1_HOUR_VIRAL_AURA_MUSIC_PLAYLIST_2025_BOUNCE_PHONK_MIX_to_BOOST_YOUR_AURA.wav,1cc541930ea8e43eecae40efa534badabb0850831335479fb7853a033ad3e3fc,30.000000,included,
2265,Navrasa,Phonk,Phonk,13,Phonk\Global\Phonk\EMPIRE_PHONK_-_AURA_1_HOUR_VIRAL_AURA_MUSIC_PLAYLIST_2025_TRENDING_PHONK_HITS.wav,C:\Genrogram\data\expanded_raw\Phonk\Global\Phonk\EMPIRE_PHONK_-_AURA_1_HOUR_VIRAL_AURA_MUSIC_PLAYLIST_2025_TRENDING_PHONK_HITS.wav,62978d35062175ff1db8991dcd8d93b4013c60d933753b96ac1094cf2607f903,30.000000,included,
2266,Navrasa,Phonk,Phonk,13,Phonk\Global\Phonk\ETERNAL_AURA_PHONK_-_TOP_10_MOST_VIRAL_PHONKFUNK_2025_PART_3.wav,C:\Genrogram\data\expanded_raw\Phonk\Global\Phonk\ETERNAL_AURA_PHONK_-_TOP_10_MOST_VIRAL_PHONKFUNK_2025_PART_3.wav,7014fe41fe9d4dee488a528f8eafc4b3d3ff327e1b74c326cdb2dd95ae716225,30.000000,included,
2267,Navrasa,Phonk,Phonk,13,Phonk\Global\Phonk\EndIessMusic_-_TOP_PHONK_SONGS_OF_JUNE_2025_THAT_MAKE_U_THE_MAIN_CHARACTER.wav,C:\Genrogram\data\expanded_raw\Phonk\Global\Phonk\EndIessMusic_-_TOP_PHONK_SONGS_OF_JUNE_2025_THAT_MAKE_U_THE_MAIN_CHARACTER.wav,9f6e73513fbaee5c36690ec8ae663f10bcfc89020bc8eef21ba5112c5fefd79c,30.000000,included,
2268,Navrasa,Phonk,Phonk,13,Phonk\Global\Phonk\Endless_Phonk_Universe_-_TOP_10_MOST_VIRAL_PHONKFUNK_2025.wav,C:\Genrogram\data\expanded_raw\Phonk\Global\Phonk\Endless_Phonk_Universe_-_TOP_10_MOST_VIRAL_PHONKFUNK_2025.wav,5206a54cf77d2658bb30497e4a3382ecfd0a86d44356461ce404db09a0235654,30.000000,included,
2269,Navrasa,Phonk,Phonk,13,Phonk\Global\Phonk\Eternal_Phonk_Empire_-_VIRAL_PHONKFUNK_SONGS_2025_PART_2.wav,C:\Genrogram\data\expanded_raw\Phonk\Global\Phonk\Eternal_Phonk_Empire_-_VIRAL_PHONKFUNK_SONGS_2025_PART_2.wav,80a91524bca636b1153694566f8a08d5975b5ac2920078c739d585f9c1ea218c,30.000000,included,
2270,Navrasa,Phonk,Phonk,13,Phonk\Global\Phonk\Eternxlkz_Music_-_Top_10_Eternxlkz_Viral_Song_Phonk_Remix_Music_eternxlkzmusic.wav,C:\Genrogram\data\expanded_raw\Phonk\Global\Phonk\Eternxlkz_Music_-_Top_10_Eternxlkz_Viral_Song_Phonk_Remix_Music_eternxlkzmusic.wav,b0c82764768eb3cc073895e8fee9a55d015c852b90cb7faab95d0d8aa579d4ed,30.000000,included,
2271,Navrasa,Phonk,Phonk,13,Phonk\Global\Phonk\FrostWalker_-_VIRAL_PHONKFUNK_SONGS_2025.wav,C:\Genrogram\data\expanded_raw\Phonk\Global\Phonk\FrostWalker_-_VIRAL_PHONKFUNK_SONGS_2025.wav,bec76ec0dd644d7ecea275774413fa99f75c244cea74634b217d15117176d211,30.000000,included,
2272,Navrasa,Phonk,Phonk,13,Phonk\Global\Phonk\GHOFNIX_-_1_HOUR_ABSOLUTE_AURA_BOUNCE_FUNK_ALL_PHONKS_PLAYLIST_FOR_CHILL_out_SOUL_AGGRESSIVE_Phonk.wav,C:\Genrogram\data\expanded_raw\Phonk\Global\Phonk\GHOFNIX_-_1_HOUR_ABSOLUTE_AURA_BOUNCE_FUNK_ALL_PHONKS_PLAYLIST_FOR_CHILL_out_SOUL_AGGRESSIVE_Phonk.wav,0ab4d0415dfa131f615504fe37a7c1b1d355603e1fb654b4c1e9f29c88d80f25,30.000000,included,
2273,Navrasa,Phonk,Phonk,13,Phonk\Global\Phonk\GHOFNIX_-_1_HOUR_ABSOLUTE_HARDSTYLE_JUMP_STYLE_PHONKs_ALL_FUNKS_PLAYLIST_FOR_BOXING_AGRESSIVE_Phonk.wav,C:\Genrogram\data\expanded_raw\Phonk\Global\Phonk\GHOFNIX_-_1_HOUR_ABSOLUTE_HARDSTYLE_JUMP_STYLE_PHONKs_ALL_FUNKS_PLAYLIST_FOR_BOXING_AGRESSIVE_Phonk.wav,981119ce107d932137373eafef2b58f261ede8ca21190a63343589d0e4d5db3f,30.000000,included,
2274,Navrasa,Phonk,Phonk,13,Phonk\Global\Phonk\GLOWHONN_-_top_5_most_popular_phonk_songs_in_2025.wav,C:\Genrogram\data\expanded_raw\Phonk\Global\Phonk\GLOWHONN_-_top_5_most_popular_phonk_songs_in_2025.wav,760ff45e3290603cd0a4f075088ab3bb8be5e855df8e7b2c76ed02b5641163da,30.000000,included,
2275,Navrasa,Phonk,Phonk,13,Phonk\Global\Phonk\Infinity_Aura_Phonk_-_TOP_10_MOST_VIRAL_PHONKFUNK_2025.wav,C:\Genrogram\data\expanded_raw\Phonk\Global\Phonk\Infinity_Aura_Phonk_-_TOP_10_MOST_VIRAL_PHONKFUNK_2025.wav,4c39e39a1dc9a00e180e6e9de17912f4decb45d8f68dd9941d0e3eef50f094fa,30.000000,included,
2276,Navrasa,Phonk,Phonk,13,Phonk\Global\Phonk\Infinity_Aura_Phonk_-_TOP_10_MOST_VIRAL_PHONKFUNK_2025_PART_2.wav,C:\Genrogram\data\expanded_raw\Phonk\Global\Phonk\Infinity_Aura_Phonk_-_TOP_10_MOST_VIRAL_PHONKFUNK_2025_PART_2.wav,4130ae9d689ed80c459585475eecbaaf5e7e5c638b059a3e4ff3ac72040fb602,30.000000,included,
2277,Navrasa,Phonk,Phonk,13,Phonk\Global\Phonk\Infinity_Aura_Phonk_-_TOP_10_MOST_VIRAL_PHONKFUNK_2025_PART_3.wav,C:\Genrogram\data\expanded_raw\Phonk\Global\Phonk\Infinity_Aura_Phonk_-_TOP_10_MOST_VIRAL_PHONKFUNK_2025_PART_3.wav,df8f0085c3a5f059899490b3427e5e3cbad252ca71bec8de97cf41ede133b329,30.000000,included,
2278,Navrasa,Phonk,Phonk,13,Phonk\Global\Phonk\Infinity_Aura_Phonk_-_TOP_10_MOST_VIRAL_PHONKFUNK_2025_PART_5.wav,C:\Genrogram\data\expanded_raw\Phonk\Global\Phonk\Infinity_Aura_Phonk_-_TOP_10_MOST_VIRAL_PHONKFUNK_2025_PART_5.wav,cab7c952451d9e00b26e890d606a9ab73ca6ec01915273be4f16c3e185729e28,30.000000,included,
2279,Navrasa,Phonk,Phonk,13,Phonk\Global\Phonk\Infinity_Aura_Phonk_-_TOP_10_MOST_VIRAL_PHONKFUNK_2025_PLAYLIST.wav,C:\Genrogram\data\expanded_raw\Phonk\Global\Phonk\Infinity_Aura_Phonk_-_TOP_10_MOST_VIRAL_PHONKFUNK_2025_PLAYLIST.wav,b5e117c4d457fde44a24d81341c4ddf5e71d3b72d651fbfee7da8041cd8c85fa,30.000000,included,
2280,Navrasa,Phonk,Phonk,13,Phonk\Global\Phonk\Legendary_Phonk_Kingdom_-_VIRAL_PHONKFUNK_SONGS_2025_PLAYLIST.wav,C:\Genrogram\data\expanded_raw\Phonk\Global\Phonk\Legendary_Phonk_Kingdom_-_VIRAL_PHONKFUNK_SONGS_2025_PLAYLIST.wav,02e549dae3a18bffcc79f5e9aadd65745ecdedf6f990b684a9acac689af39773,30.000000,included,
2281,Navrasa,Phonk,Phonk,13,Phonk\Global\Phonk\Legendary_Phonk_Verse_-_TOP_10_MOST_VIRAL_PHONKFUNK_2025.wav,C:\Genrogram\data\expanded_raw\Phonk\Global\Phonk\Legendary_Phonk_Verse_-_TOP_10_MOST_VIRAL_PHONKFUNK_2025.wav,ae06e0e027a48051454148c517d57d845eec31b2bbad7825a09d706a5446e855,30.000000,included,
2282,Navrasa,Phonk,Phonk,13,Phonk\Global\Phonk\MAFIA_-_MONTAGEM_XONADA.wav,C:\Genrogram\data\expanded_raw\Phonk\Global\Phonk\MAFIA_-_MONTAGEM_XONADA.wav,0576f47d635649b7c51caa819307a202d0948ae53f70ce1da27bbc64d8973243,30.000000,included,
2283,Navrasa,Phonk,Phonk,13,Phonk\Global\Phonk\MAVEK_-_VIRAL_PHONKFUNK_SONGS_2025.wav,C:\Genrogram\data\expanded_raw\Phonk\Global\Phonk\MAVEK_-_VIRAL_PHONKFUNK_SONGS_2025.wav,589013c1fed231f8b4c87a46d0cdd7e4231ef0a7a0f3329db647fe698f4d30f2,30.000000,included,
2284,Navrasa,Phonk,Phonk,13,Phonk\Global\Phonk\MID_NIGHT_PHONK_-_TOP_10_VIRAL_AURA_PHONK_SONGS_MONTAGEM_SUPERSONIC_BRAZILIAN_PHONK.wav,C:\Genrogram\data\expanded_raw\Phonk\Global\Phonk\MID_NIGHT_PHONK_-_TOP_10_VIRAL_AURA_PHONK_SONGS_MONTAGEM_SUPERSONIC_BRAZILIAN_PHONK.wav,f677b721aa14269b8efc44e0b7d9b7850f6d71968b59973e677e4dfe5ab2cfd1,30.000000,included,
2285,Navrasa,Phonk,Phonk,13,Phonk\Global\Phonk\Mashuq_Haque_-_AIRTEL_PHONK.wav,C:\Genrogram\data\expanded_raw\Phonk\Global\Phonk\Mashuq_Haque_-_AIRTEL_PHONK.wav,14ab183581b3c43cb14ddfe931b281e576690f008b563c29db0e8f3178fb0f95,30.000000,included,
2286,Navrasa,Phonk,Phonk,13,Phonk\Global\Phonk\Maxeven_-_All_Top_50_Viral_FunkPhonk_Songs_of_2025_You_NEED_to_Hear_Songs_you_probably_Dont_Know_The_Name.wav,C:\Genrogram\data\expanded_raw\Phonk\Global\Phonk\Maxeven_-_All_Top_50_Viral_FunkPhonk_Songs_of_2025_You_NEED_to_Hear_Songs_you_probably_Dont_Know_The_Name.wav,164ea7bd65acb06525791726246991ae8f425f2f1ba90de168b6a6757a0fe486,30.000000,included,
2287,Navrasa,Phonk,Phonk,13,Phonk\Global\Phonk\NAGATO_-_Top_20_Phonk_Songs_Best_of_Phonk.wav,C:\Genrogram\data\expanded_raw\Phonk\Global\Phonk\NAGATO_-_Top_20_Phonk_Songs_Best_of_Phonk.wav,9583ac0abd9dcff04beb452bc1d1256213d421aad6cbf68100d9a82dd5864836,30.000000,included,
2288,Navrasa,Phonk,Phonk,13,Phonk\Global\Phonk\NGXT_PHONK_-_AURA_BOUNCE_FUNK_x_MONTAGEM_PHONKBEST_PHONK_FUNK_SONGS_2025.wav,C:\Genrogram\data\expanded_raw\Phonk\Global\Phonk\NGXT_PHONK_-_AURA_BOUNCE_FUNK_x_MONTAGEM_PHONKBEST_PHONK_FUNK_SONGS_2025.wav,46e690c6fd53aa49205d49d169649f481dc1b121562d99333e4d6dab67bf3c00,30.000000,included,
2289,Navrasa,Phonk,Phonk,13,Phonk\Global\Phonk\Nefor_-_TOP_10_BRAZILIAN_PHONK_SONGS_BRAZILIAN_PHONK_MIX.wav,C:\Genrogram\data\expanded_raw\Phonk\Global\Phonk\Nefor_-_TOP_10_BRAZILIAN_PHONK_SONGS_BRAZILIAN_PHONK_MIX.wav,dc5d43b2d9f6ad718f8b761fb37247d718aeee924f1fc0cbe85341ed2e85314f,30.000000,included,
2290,Navrasa,Phonk,Phonk,13,Phonk\Global\Phonk\Nefor_-_TOP_PHONK_FOR_TRAINING_MIX_PHOK.wav,C:\Genrogram\data\expanded_raw\Phonk\Global\Phonk\Nefor_-_TOP_PHONK_FOR_TRAINING_MIX_PHOK.wav,c49769e9b3699dcf1575aa98c6bc2de9224ae68d4209555f68714bb0f88ccf8c,30.000000,included,
2291,Navrasa,Phonk,Phonk,13,Phonk\Global\Phonk\No_views_-_AURA_1_HOUR_ABSOLUTE_AURA_FARMING_MUSIC_PLAYLIST_BEST_PHONKFUNK_SONGS_2025.wav,C:\Genrogram\data\expanded_raw\Phonk\Global\Phonk\No_views_-_AURA_1_HOUR_ABSOLUTE_AURA_FARMING_MUSIC_PLAYLIST_BEST_PHONKFUNK_SONGS_2025.wav,deb687bc42fab54c7102f771ad2979ecdae75b063abe375a5ad86ff363a36f14,30.000000,included,
2292,Navrasa,Phonk,Phonk,13,Phonk\Global\Phonk\Now_Funk_-_TOP_10_MOST_VIRAL_PHONKFUNK_2025.wav,C:\Genrogram\data\expanded_raw\Phonk\Global\Phonk\Now_Funk_-_TOP_10_MOST_VIRAL_PHONKFUNK_2025.wav,c5453f31bd0fdacc568a918ed85a0295df889b1e9cc6286086c1c5ed312bb31c,30.000000,included,
2293,Navrasa,Phonk,Phonk,13,Phonk\Global\Phonk\Order_of_Baldwin_-_AURA_PART_II_KING_LEONIDAS_DARK_AGGRESSIVE_GYM_PHONK_PLAYLIST.wav,C:\Genrogram\data\expanded_raw\Phonk\Global\Phonk\Order_of_Baldwin_-_AURA_PART_II_KING_LEONIDAS_DARK_AGGRESSIVE_GYM_PHONK_PLAYLIST.wav,ae5c72ed17f0bc2d3c292d783a38273fa87ad95766e64a95bb67e10f26fe307a,30.000000,included,
2294,Navrasa,Phonk,Phonk,13,Phonk\Global\Phonk\Overtaker_-_MONTAGEM_SUPERSONIC_Slowed_Reverb_BRAZILIAN_PHONK.wav,C:\Genrogram\data\expanded_raw\Phonk\Global\Phonk\Overtaker_-_MONTAGEM_SUPERSONIC_Slowed_Reverb_BRAZILIAN_PHONK.wav,bd5d66157c4a38311eaed95193f9f95e8d44031a670bb90a3d2859e312bced8d,30.000000,included,
2295,Navrasa,Phonk,Phonk,13,Phonk\Global\Phonk\Overtaker_-_MONTAGEM_XONADA_Super_Slowed_Reverb_BRAZILIAN_PHONK.wav,C:\Genrogram\data\expanded_raw\Phonk\Global\Phonk\Overtaker_-_MONTAGEM_XONADA_Super_Slowed_Reverb_BRAZILIAN_PHONK.wav,143caf5c5d6ed24eb9b61bc2454e03da3f5bf854ce085e4b13a747bcef8a35dd,30.000000,included,
2296,Navrasa,Phonk,Phonk,13,Phonk\Global\Phonk\PHONK_ABSOLUTE_-_AURA_1_HOUR_ABSOLUTE_AURA_FARMING_MUSIC_PLAYLIST_BEST_PHONKFUNK_SONGS_2025.wav,C:\Genrogram\data\expanded_raw\Phonk\Global\Phonk\PHONK_ABSOLUTE_-_AURA_1_HOUR_ABSOLUTE_AURA_FARMING_MUSIC_PLAYLIST_BEST_PHONKFUNK_SONGS_2025.wav,1ac5a851bab87d09b1e513de1a168d83b4bdc3ab922fdcf92967217184144d95,30.000000,included,
2297,Navrasa,Phonk,Phonk,13,Phonk\Global\Phonk\PHONK_ABSOLUTE_-_AURA_VIRAL_BOUNCE_FUNK_X_MONTAGEM_PHONK_ALL_FUNKS_PLAYLIST.wav,C:\Genrogram\data\expanded_raw\Phonk\Global\Phonk\PHONK_ABSOLUTE_-_AURA_VIRAL_BOUNCE_FUNK_X_MONTAGEM_PHONK_ALL_FUNKS_PLAYLIST.wav,009b9f0165af6a66b8bcc38cef8ba0e63be572d98f3655fc3ad1018b1e83ebec,30.000000,included,
2298,Navrasa,Phonk,Phonk,13,Phonk\Global\Phonk\PHONK_AURA_-_AURA_1_HOUR_VIRAL_AURA_MUSIC_PLAYLIST_2025_TRENDING_PHONK_HITS.wav,C:\Genrogram\data\expanded_raw\Phonk\Global\Phonk\PHONK_AURA_-_AURA_1_HOUR_VIRAL_AURA_MUSIC_PLAYLIST_2025_TRENDING_PHONK_HITS.wav,1627019e2d7f45d0cf1d88699f7211fcb4996750478b34a21536ed38fe6a6981,30.000000,included,
2299,Navrasa,Phonk,Phonk,13,Phonk\Global\Phonk\PHONK_Beat_-__CHILL_PHONK_FOR_NIGHT_DRIVE_LXST_CXNTURY_TYPE_JDM_NIGHT_CAR_MUSIC_2025.wav,C:\Genrogram\data\expanded_raw\Phonk\Global\Phonk\PHONK_Beat_-__CHILL_PHONK_FOR_NIGHT_DRIVE_LXST_CXNTURY_TYPE_JDM_NIGHT_CAR_MUSIC_2025.wav,7f7eaa82e1addb10ca88fccc9fe9e062d3294a6dafdbbf59c412b06db7cb4bc1,30.000000,included,
2300,Navrasa,Phonk,Phonk,13,Phonk\Global\Phonk\PHONK_Club_-_AURA_VIRAL_OLD_PHONK_MUSIC_PHONK_MUSIC_MIX_2025_.wav,C:\Genrogram\data\expanded_raw\Phonk\Global\Phonk\PHONK_Club_-_AURA_VIRAL_OLD_PHONK_MUSIC_PHONK_MUSIC_MIX_2025_.wav,32847265e37db16584d17d503dc7f25ee90c362bae99b7dc4ead63746d00f884,30.000000,included,
2301,Navrasa,Phonk,Phonk,13,Phonk\Global\Phonk\PHONK_Club_-_Phonk_Music_Mix_2025_1_HOUR_AGGRESSIVE_PHONK_PLAYLIST_2025.wav,C:\Genrogram\data\expanded_raw\Phonk\Global\Phonk\PHONK_Club_-_Phonk_Music_Mix_2025_1_HOUR_AGGRESSIVE_PHONK_PLAYLIST_2025.wav,10aeb0b856586c7e8d80c34b36558c88420389408cd65b35a6e16a42cdb5fa7d,30.000000,included,
2302,Navrasa,Phonk,Phonk,13,Phonk\Global\Phonk\PHONK_DOMAIN_-_Phonk_Music_2024_Best_Aggressive_Drift_Phonk_TikTok_Phonk_2024.wav,C:\Genrogram\data\expanded_raw\Phonk\Global\Phonk\PHONK_DOMAIN_-_Phonk_Music_2024_Best_Aggressive_Drift_Phonk_TikTok_Phonk_2024.wav,ce834069f83465e1e2c63ab7b6f8b5bea3659f587e3f779e8924649f3e3397cf,30.000000,included,
2303,Navrasa,Phonk,Phonk,13,Phonk\Global\Phonk\PHONK_DOMINANCE_-_AURA_1_HOUR_VIRAL_AURA_MUSIC_PLAYLIST_2025_TRENDING_PHONK_HITS.wav,C:\Genrogram\data\expanded_raw\Phonk\Global\Phonk\PHONK_DOMINANCE_-_AURA_1_HOUR_VIRAL_AURA_MUSIC_PLAYLIST_2025_TRENDING_PHONK_HITS.wav,98db059bf6a221cd83e6b3f75e778335d872e88046340ab596a45c6cc443db2a,30.000000,included,
2304,Navrasa,Phonk,Phonk,13,Phonk\Global\Phonk\PHONK_KENX_-_TOP_6_MOST_VIRAL_PHONKFUNK_SONGS_OF_2025_PLAYLIST.wav,C:\Genrogram\data\expanded_raw\Phonk\Global\Phonk\PHONK_KENX_-_TOP_6_MOST_VIRAL_PHONKFUNK_SONGS_OF_2025_PLAYLIST.wav,255e98259a0338e66d4f4ad21e14973979dde137d3fac79350578b897ba6a7e1,30.000000,included,
2305,Navrasa,Phonk,Phonk,13,Phonk\Global\Phonk\PHONK_MOB_-_AURA_MOTIVATION_x_DARK_PHONKs_BOOST_VILLAIN_AURA_UNSTOPPABLE_MODE_FUNKs_Break_the_Chains.wav,C:\Genrogram\data\expanded_raw\Phonk\Global\Phonk\PHONK_MOB_-_AURA_MOTIVATION_x_DARK_PHONKs_BOOST_VILLAIN_AURA_UNSTOPPABLE_MODE_FUNKs_Break_the_Chains.wav,64b9d19095785077674b68741895758419114859ecf0217e13c5974ebb39897b,30.000000,included,
2306,Navrasa,Phonk,Phonk,13,Phonk\Global\Phonk\PHONK_MOB_-_AURA_MOTIVATION_x_EGO_x_MAIN_AURA_FUNKs_UNSTOPPABLE_MODE_ALL_PHONKs_Break_the_Chains.wav,C:\Genrogram\data\expanded_raw\Phonk\Global\Phonk\PHONK_MOB_-_AURA_MOTIVATION_x_EGO_x_MAIN_AURA_FUNKs_UNSTOPPABLE_MODE_ALL_PHONKs_Break_the_Chains.wav,4e0a7a1adc3f2344265cd2de04b82a0beaa1ac53efc0865b0dc79864a7cc5b7f,30.000000,included,
2307,Navrasa,Phonk,Phonk,13,Phonk\Global\Phonk\PHONK_SESSIONS_-_AURA_20_MIN_VIRAL_PHONK_PLAYLIST_BRAZILIAN_FUNK_Phonk_Music_2025.wav,C:\Genrogram\data\expanded_raw\Phonk\Global\Phonk\PHONK_SESSIONS_-_AURA_20_MIN_VIRAL_PHONK_PLAYLIST_BRAZILIAN_FUNK_Phonk_Music_2025.wav,51b7ab0f80c977743d5bf283921cf4c9c76fc98f726f1a900b74fe8f1592068b,30.000000,included,
2308,Navrasa,Phonk,Phonk,13,Phonk\Global\Phonk\Panda_Music_-_TOP_100_Most_Popular_PHONKFUNK_Songs_of_All_Time_TikTok_Shorts_Reels_Trends.wav,C:\Genrogram\data\expanded_raw\Phonk\Global\Phonk\Panda_Music_-_TOP_100_Most_Popular_PHONKFUNK_Songs_of_All_Time_TikTok_Shorts_Reels_Trends.wav,b0fd9bf347fd435b4570f51fafbad8f40bf0665e9bc0d66a587e32e6aaeea30f,30.000000,included,
2309,Navrasa,Phonk,Phonk,13,Phonk\Global\Phonk\Pepunia_Mation_-_ALL_VIRAL_PHONKFUNK_SONGS_2025_TOP_ALL_PHONK_PLAYLIST.wav,C:\Genrogram\data\expanded_raw\Phonk\Global\Phonk\Pepunia_Mation_-_ALL_VIRAL_PHONKFUNK_SONGS_2025_TOP_ALL_PHONK_PLAYLIST.wav,44d2eb4de1e7f27df88f9e0e302aafe01b4c717f99ab779f56ef11b70a4678a1,30.000000,included,
2310,Navrasa,Phonk,Phonk,13,Phonk\Global\Phonk\PhonkVibesBR_Ltda_-_VIRAL_PHONKFUNK_SONGS_PLAYLIST_2025.wav,C:\Genrogram\data\expanded_raw\Phonk\Global\Phonk\PhonkVibesBR_Ltda_-_VIRAL_PHONKFUNK_SONGS_PLAYLIST_2025.wav,75731719b3b5a565486ba704009bf8403c1ab4aa271da344ae9158baf4eabb69,30.000000,included,
2311,Navrasa,Phonk,Phonk,13,Phonk\Global\Phonk\Phonk_-_TOP_10_VIRAL_AURA_PHONK_SONGS_I_BRAZILIAN_PHONK_MIX_2025_AGGRESSIVE_BRAZILIAN_PHONK_MIX.wav,C:\Genrogram\data\expanded_raw\Phonk\Global\Phonk\Phonk_-_TOP_10_VIRAL_AURA_PHONK_SONGS_I_BRAZILIAN_PHONK_MIX_2025_AGGRESSIVE_BRAZILIAN_PHONK_MIX.wav,da7b76902941bb617aac524386b884b0fb8db7fdca7202cb36a24e8deb021e15,30.000000,included,
2312,Navrasa,Phonk,Phonk,13,Phonk\Global\Phonk\Phonk_-_Top_20_Popular_PhonkFunk_edit_audios_to_vibe_at_3_AM.wav,C:\Genrogram\data\expanded_raw\Phonk\Global\Phonk\Phonk_-_Top_20_Popular_PhonkFunk_edit_audios_to_vibe_at_3_AM.wav,ec89940b84d82d162c4e5f34011fd5eedb7aa9ed428fbb9520bd6e7ebdd4139f,30.000000,included,
2313,Navrasa,Phonk,Phonk,13,Phonk\Global\Phonk\Phonk_Aura_Nation_-_TOP_100_MOST_VIRAL_FUNKPHONK_2025.wav,C:\Genrogram\data\expanded_raw\Phonk\Global\Phonk\Phonk_Aura_Nation_-_TOP_100_MOST_VIRAL_FUNKPHONK_2025.wav,c71512f0e727b3804bb43f0f2f591585ee3aae8d81c30c7d72d31a14c2fa6a4f,30.000000,included,
2314,Navrasa,Phonk,Phonk,13,Phonk\Global\Phonk\Phonk_Aura_Nation_-_TOP_500_VIRAL_PHONKFUNK_SONGS_OF_ALL_TIME.wav,C:\Genrogram\data\expanded_raw\Phonk\Global\Phonk\Phonk_Aura_Nation_-_TOP_500_VIRAL_PHONKFUNK_SONGS_OF_ALL_TIME.wav,ba91d35cd7a151a8ff96330184245e26455f7fb97b57122c0b97d637e7f5a010,30.000000,included,
2315,Navrasa,Phonk,Phonk,13,Phonk\Global\Phonk\Phonk_Cyril_-_BEST_BRAZILIAN_PHONK_TOP_10_AURA_PHONK_SONGS_VIRAL_AURA_MUSIC_PLAYLIST_2025.wav,C:\Genrogram\data\expanded_raw\Phonk\Global\Phonk\Phonk_Cyril_-_BEST_BRAZILIAN_PHONK_TOP_10_AURA_PHONK_SONGS_VIRAL_AURA_MUSIC_PLAYLIST_2025.wav,f181a5bf71de572639e6ee2c6d1d721e79dd924c2ccf85a4a5ee5acbad61eb70,30.000000,included,
2316,Navrasa,Phonk,Phonk,13,Phonk\Global\Phonk\Phonk_Cyril_-_TOP_10_VIRAL_AURA_PHONK_SONGS_BRAZILIAN_PHONK_MIX_2025_AGGRESSIVE_BRAZILIAN_PHONK_MIX.wav,C:\Genrogram\data\expanded_raw\Phonk\Global\Phonk\Phonk_Cyril_-_TOP_10_VIRAL_AURA_PHONK_SONGS_BRAZILIAN_PHONK_MIX_2025_AGGRESSIVE_BRAZILIAN_PHONK_MIX.wav,e556b6c94fb8b438a2fe50da2cc71e438e07693e999bb7cdf12c6028a8ed311c,30.000000,included,
2317,Navrasa,Phonk,Phonk,13,Phonk\Global\Phonk\Phonk_Cyril_-_TOP_10_VIRAL_AURA_PHONK_SONGS_VIRAL_BRAZILIAN_PHONK_MIX.wav,C:\Genrogram\data\expanded_raw\Phonk\Global\Phonk\Phonk_Cyril_-_TOP_10_VIRAL_AURA_PHONK_SONGS_VIRAL_BRAZILIAN_PHONK_MIX.wav,b408f1d95894b433e1f14da054e960e8980b2f7676ad42a7bb81a84a43935fd9,30.000000,included,
2318,Navrasa,Phonk,Phonk,13,Phonk\Global\Phonk\Phonk_Demon_-_THE_BEST_PHONK_MUSIC_2025_PHONK_ENERGY_THAT_MAKES_YOU_JUMP_2025_180.wav,C:\Genrogram\data\expanded_raw\Phonk\Global\Phonk\Phonk_Demon_-_THE_BEST_PHONK_MUSIC_2025_PHONK_ENERGY_THAT_MAKES_YOU_JUMP_2025_180.wav,276a09fee08dd2c3228b62f385eddac1fb4a48c5b211a097a6464d8b8d4294cb,30.000000,included,
2319,Navrasa,Phonk,Phonk,13,Phonk\Global\Phonk\Phonk_Rival_-_THE_BEST_GYM_PHONK_2025_TOP_PHONK_MUSIC_PLAYLIST_GYM_AGGRESSIVE_DRIFT_2025_114.wav,C:\Genrogram\data\expanded_raw\Phonk\Global\Phonk\Phonk_Rival_-_THE_BEST_GYM_PHONK_2025_TOP_PHONK_MUSIC_PLAYLIST_GYM_AGGRESSIVE_DRIFT_2025_114.wav,8287f3c04254647da677dd839e09e78d7d24a3e4d540d3ca5d1923af3311e288,30.000000,included,
2320,Navrasa,Phonk,Phonk,13,Phonk\Global\Phonk\Phonk_Rival_-_THE_MOST_INSANE_PHONK_MUSIC_2024_BEST_GYM_PHONK_GYM_AGGRESSIVE_DRIFT_2024_002.wav,C:\Genrogram\data\expanded_raw\Phonk\Global\Phonk\Phonk_Rival_-_THE_MOST_INSANE_PHONK_MUSIC_2024_BEST_GYM_PHONK_GYM_AGGRESSIVE_DRIFT_2024_002.wav,f4d7e06581cc59ea8e896b7e5ed0e9304d1e5d7e462fd53b83f810c3900b4a4c,30.000000,included,
2321,Navrasa,Phonk,Phonk,13,Phonk\Global\Phonk\Phonk_Society_-_VIRAL_PHONKFUNK_SONGS_PLAYLIST_2025.wav,C:\Genrogram\data\expanded_raw\Phonk\Global\Phonk\Phonk_Society_-_VIRAL_PHONKFUNK_SONGS_PLAYLIST_2025.wav,23061b3a421b10948e03d88bbb668ffbfcca20e36a5508ecd2d1155b7f7bf35c,30.000000,included,
2322,Navrasa,Phonk,Phonk,13,Phonk\Global\Phonk\Phonk_Time_-_AURA_AURA_MUSIC_PLAYLIST_2025_VIRAL_BRAZILIAN_PHONK_Phonk_Music_2025.wav,C:\Genrogram\data\expanded_raw\Phonk\Global\Phonk\Phonk_Time_-_AURA_AURA_MUSIC_PLAYLIST_2025_VIRAL_BRAZILIAN_PHONK_Phonk_Music_2025.wav,60bbb3a5272072bb498784685e0041b0d9208986e29c9726601341b60374143d,30.000000,included,
2323,Navrasa,Phonk,Phonk,13,Phonk\Global\Phonk\Phonk_Time_-_AURA_VIRAL_PHONKFUNK_SONGS_PLAYLIST_2025_TRENDING_PHONK_HITS.wav,C:\Genrogram\data\expanded_raw\Phonk\Global\Phonk\Phonk_Time_-_AURA_VIRAL_PHONKFUNK_SONGS_PLAYLIST_2025_TRENDING_PHONK_HITS.wav,d6605e218ad36cf391d50ea47e2085c72f6de6783266196a4431a68a8794aa21,30.000000,included,
2324,Navrasa,Phonk,Phonk,13,Phonk\Global\Phonk\Phonk_Time_-_Phonk_Music_2024_Aggressive_Drift_Phonk_2024.wav,C:\Genrogram\data\expanded_raw\Phonk\Global\Phonk\Phonk_Time_-_Phonk_Music_2024_Aggressive_Drift_Phonk_2024.wav,53c2644292dc5a4f38695b24a593dd5f6a5634971c8b29df3408313c1d741f56,30.000000,included,
2325,Navrasa,Phonk,Phonk,13,Phonk\Global\Phonk\Phonk_Universe_-_AURA_AGGRESSIVE_PHONK_MUSIC_MIX_2025_Phonk.wav,C:\Genrogram\data\expanded_raw\Phonk\Global\Phonk\Phonk_Universe_-_AURA_AGGRESSIVE_PHONK_MUSIC_MIX_2025_Phonk.wav,c5a256452cfdfe51e192a7e7a24c149401bbcd6d16160ea370e16fca8af752f9,30.000000,included,
2326,Navrasa,Phonk,Phonk,13,Phonk\Global\Phonk\Phonked_Up_-_THE_ULTIMATE_BRAZILIAN_PHONK_PLAYLIST_PT47_VIRAL_PHONK_MIX_to_BOOST_YOUR_AURA_.wav,C:\Genrogram\data\expanded_raw\Phonk\Global\Phonk\Phonked_Up_-_THE_ULTIMATE_BRAZILIAN_PHONK_PLAYLIST_PT47_VIRAL_PHONK_MIX_to_BOOST_YOUR_AURA_.wav,378dcdbc784db04562fd26ad5ec7a8b30f183e3f3f40f286f367e292e9351ea1,30.000000,included,
2327,Navrasa,Phonk,Phonk,13,Phonk\Global\Phonk\Pyrolsl_Musc_-_AURA_TOP_VIRAL_PHONK_2025_PHONK_SLOWED_SUPER_SLOWED_MIXED_AURA_PHONKS_FUNKS.wav,C:\Genrogram\data\expanded_raw\Phonk\Global\Phonk\Pyrolsl_Musc_-_AURA_TOP_VIRAL_PHONK_2025_PHONK_SLOWED_SUPER_SLOWED_MIXED_AURA_PHONKS_FUNKS.wav,ae56f7aab3f0aa0a0187a54ffcf1660291ecbbe5cd716fa068f435f5c88033eb,30.000000,included,
2328,Navrasa,Phonk,Phonk,13,Phonk\Global\Phonk\REXER_X_-_TOP_50_Most_Popular_Phonk.wav,C:\Genrogram\data\expanded_raw\Phonk\Global\Phonk\REXER_X_-_TOP_50_Most_Popular_Phonk.wav,a1c7b8776f1a2f86a7096216f765eee58cd72762d108573e42ae3d425a7625ee,30.000000,included,
2329,Navrasa,Phonk,Phonk,13,Phonk\Global\Phonk\RS_-____.wav,C:\Genrogram\data\expanded_raw\Phonk\Global\Phonk\RS_-____.wav,4b5dd4b716d326a70602f388dbe23a06f5b66fdb348168e66bcad00f12552613,30.000000,included,
2330,Navrasa,Phonk,Phonk,13,Phonk\Global\Phonk\RS_-_____.wav,C:\Genrogram\data\expanded_raw\Phonk\Global\Phonk\RS_-_____.wav,85451827cb7abcd9abd80c32c43fcb7d3fc69ba5408f82cedcf14f32025ecbac,30.000000,included,
2331,Navrasa,Phonk,Phonk,13,Phonk\Global\Phonk\RioX_-_30MINVIRAL_PHONKFUNK_SONGS_2025.wav,C:\Genrogram\data\expanded_raw\Phonk\Global\Phonk\RioX_-_30MINVIRAL_PHONKFUNK_SONGS_2025.wav,2ebc99b43f7c3990b979f6be553599ee738f62b390dfe1eac7ddb86384a44695,30.000000,included,
2332,Navrasa,Phonk,Phonk,13,Phonk\Global\Phonk\RioX_-_NEW_VIRAL_FUNKPHONK_2025_BRAZILIAN_PHONK_PHONK_MUSIC_2025.wav,C:\Genrogram\data\expanded_raw\Phonk\Global\Phonk\RioX_-_NEW_VIRAL_FUNKPHONK_2025_BRAZILIAN_PHONK_PHONK_MUSIC_2025.wav,87602498bdcd0d75b88995ac5530fa2f9d02bff5eab456ab6b6ef63eef628b53,30.000000,included,
2333,Navrasa,Phonk,Phonk,13,Phonk\Global\Phonk\RioX_-_VIRAL_PHONKFUNK_SONGS_2025_PLAYLIST.wav,C:\Genrogram\data\expanded_raw\Phonk\Global\Phonk\RioX_-_VIRAL_PHONKFUNK_SONGS_2025_PLAYLIST.wav,e7287b74202567013711ca185f63f45dd34ba276342bca4bb651fe965a109b7c,30.000000,included,
2334,Navrasa,Phonk,Phonk,13,Phonk\Global\Phonk\RioX_-_VIRAL_PHONKFUNK_SONGS_PLAYLIST_2025_BRAZILIAN_PHONK.wav,C:\Genrogram\data\expanded_raw\Phonk\Global\Phonk\RioX_-_VIRAL_PHONKFUNK_SONGS_PLAYLIST_2025_BRAZILIAN_PHONK.wav,677b677f4ae4bf6a50b69a734873d8d44c04911e352336eb4f8d2d46697eb6c9,30.000000,included,
2335,Navrasa,Phonk,Phonk,13,Phonk\Global\Phonk\STELLAR_BASS_-_VIRAL_PHONK_FUNK_SONGS_PLAYLIST_2025_TRENDING_PHONK_HITS.wav,C:\Genrogram\data\expanded_raw\Phonk\Global\Phonk\STELLAR_BASS_-_VIRAL_PHONK_FUNK_SONGS_PLAYLIST_2025_TRENDING_PHONK_HITS.wav,62c6ae1c875c43ec3b387d2873429108b2456884161dec2a28a9f7b4d9907f3f,30.000000,included,
2336,Navrasa,Phonk,Phonk,13,Phonk\Global\Phonk\Shinwa_-_45MINTOP_PHONK_MUSIC_2025TRENDING_PHONK_HITS.wav,C:\Genrogram\data\expanded_raw\Phonk\Global\Phonk\Shinwa_-_45MINTOP_PHONK_MUSIC_2025TRENDING_PHONK_HITS.wav,08e65cfe06219c9964991acde5b1ea85a5117ca6474939357062790db0155c49,30.000000,included,
2337,Navrasa,Phonk,Phonk,13,Phonk\Global\Phonk\Shinwa_-_BEST_PHONKFUNK_2025_PLAYLIST_MUSIC_TURNED_FUNK.wav,C:\Genrogram\data\expanded_raw\Phonk\Global\Phonk\Shinwa_-_BEST_PHONKFUNK_2025_PLAYLIST_MUSIC_TURNED_FUNK.wav,9f49fc87b577cc0579b0ca7256dea7e30d3be09de94debed1f2aed7f694f1fc5,30.000000,included,
2338,Navrasa,Phonk,Phonk,13,Phonk\Global\Phonk\Superior_Phonk_-_BEST_PHONK_2025_BRAZILIAN_PHONK_PLAYLIST.wav,C:\Genrogram\data\expanded_raw\Phonk\Global\Phonk\Superior_Phonk_-_BEST_PHONK_2025_BRAZILIAN_PHONK_PLAYLIST.wav,2ece4989ab0a5d8e8a1598ff33ef308dfdc88f6b979726e8f9c7706a0c716b74,30.000000,included,
2339,Navrasa,Phonk,Phonk,13,Phonk\Global\Phonk\Superior_Phonk_-_Mix_of_the_BEST_BRAZILIAN_PHONK_of_2025_Slowed_and_Reverb.wav,C:\Genrogram\data\expanded_raw\Phonk\Global\Phonk\Superior_Phonk_-_Mix_of_the_BEST_BRAZILIAN_PHONK_of_2025_Slowed_and_Reverb.wav,bd53c8115d6c496d46826f1ae12b2ff98c490ce8df5fe9a926650a7f1b339240,30.000000,included,
2340,Navrasa,Phonk,Phonk,13,Phonk\Global\Phonk\SynthWavesZ_-_Phonk_Music_Mix_2025_1_HOUR_PHONK_PLAYLIST.wav,C:\Genrogram\data\expanded_raw\Phonk\Global\Phonk\SynthWavesZ_-_Phonk_Music_Mix_2025_1_HOUR_PHONK_PLAYLIST.wav,ee3a3667316e1999d9ee61f9c6635f95e11307f7247e95b74f06fc902041cb97,30.000000,included,
2341,Navrasa,Phonk,Phonk,13,Phonk\Global\Phonk\SynthWavesZ_-_Phonk_Vol_2_Music_Mix_2025_1_HOUR_PHONK_PLAYLIST.wav,C:\Genrogram\data\expanded_raw\Phonk\Global\Phonk\SynthWavesZ_-_Phonk_Vol_2_Music_Mix_2025_1_HOUR_PHONK_PLAYLIST.wav,fddd671fc85de01ec3282fac120a6abfa3937aeaa78a9862360461cec243159e,30.000000,included,
2342,Navrasa,Phonk,Phonk,13,Phonk\Global\Phonk\TAZZ_PHONK_-_1_HOUR_BRAZILIAN_PHONK_FUNK_MIX_2025_AGGRESSIVE_PHONK_MUSIC_PLAYLIST_GYM_AGGRESSIVE_FUNK.wav,C:\Genrogram\data\expanded_raw\Phonk\Global\Phonk\TAZZ_PHONK_-_1_HOUR_BRAZILIAN_PHONK_FUNK_MIX_2025_AGGRESSIVE_PHONK_MUSIC_PLAYLIST_GYM_AGGRESSIVE_FUNK.wav,6681f5043a110b501b48fdf5506c7c7c9d5e287088e29cd6b7d25a7938c4d9d1,30.000000,included,
2343,Navrasa,Phonk,Phonk,13,Phonk\Global\Phonk\TM_ESPORTS09_-_TOP_50_VIRAL_PHONK_SONGS_2025_Most_Dangerous_Phonk_Drift_Bass_Boosted_Playlist.wav,C:\Genrogram\data\expanded_raw\Phonk\Global\Phonk\TM_ESPORTS09_-_TOP_50_VIRAL_PHONK_SONGS_2025_Most_Dangerous_Phonk_Drift_Bass_Boosted_Playlist.wav,7639c2574930ac8c724944591228b88686e59c19987e166dc47cc7bc43a69750,30.000000,included,
2344,Navrasa,Phonk,Phonk,13,Phonk\Global\Phonk\Top_10_Viral_AURA_Phonk_Funk_Songs_-_Top_10_Viral_AURA_Phonk_Songs.wav,C:\Genrogram\data\expanded_raw\Phonk\Global\Phonk\Top_10_Viral_AURA_Phonk_Funk_Songs_-_Top_10_Viral_AURA_Phonk_Songs.wav,5a6726b8cd67ca76cc0071aff0ecb7e68f904231ecf3b8addaef3828b275105e,30.000000,included,
2345,Navrasa,Phonk,Phonk,13,Phonk\Global\Phonk\Top_10_Viral_AURA_Phonk_Funk_Songs_-_Top_10_Viral_AURA_Phonk_Songs_Visualizer_Version.wav,C:\Genrogram\data\expanded_raw\Phonk\Global\Phonk\Top_10_Viral_AURA_Phonk_Funk_Songs_-_Top_10_Viral_AURA_Phonk_Songs_Visualizer_Version.wav,0d544cc2fd5834c17d31431d27a77562e245196f945ff59e5782914a36f50420,30.000000,included,
2346,Navrasa,Phonk,Phonk,13,Phonk\Global\Phonk\Tricky_Phunk_-_TOP_100_MOST_VIRAL_PHONKFUNK_SONGS_OF_ALL_TIME.wav,C:\Genrogram\data\expanded_raw\Phonk\Global\Phonk\Tricky_Phunk_-_TOP_100_MOST_VIRAL_PHONKFUNK_SONGS_OF_ALL_TIME.wav,aec448a0a8c199397112d25101a222dfd5779308987330980778b2ef83ba3ecb,30.000000,included,
2347,Navrasa,Phonk,Phonk,13,Phonk\Global\Phonk\Ultimate_Aura_Phonk_-_TOP_10_MOST_VIRAL_PHONKFUNK_2025.wav,C:\Genrogram\data\expanded_raw\Phonk\Global\Phonk\Ultimate_Aura_Phonk_-_TOP_10_MOST_VIRAL_PHONKFUNK_2025.wav,b6204bce4092ab64c0689e321f1610b45d13f6dbddc169d6756acb0a8f483eff,30.000000,included,
2348,Navrasa,Phonk,Phonk,13,Phonk\Global\Phonk\Ultimate_Aura_Phonk_-_TOP_10_MOST_VIRAL_PHONKFUNK_2025_PART_3.wav,C:\Genrogram\data\expanded_raw\Phonk\Global\Phonk\Ultimate_Aura_Phonk_-_TOP_10_MOST_VIRAL_PHONKFUNK_2025_PART_3.wav,425d86c1a013a65f80256915afa4f64f9fdab04fc1d277e367b5f614fd5da30e,30.000000,included,
2349,Navrasa,Phonk,Phonk,13,Phonk\Global\Phonk\Ultimate_Aura_Phonk_-_TOP_10_MOST_VIRAL_PHONKFUNK_2025_PART_5.wav,C:\Genrogram\data\expanded_raw\Phonk\Global\Phonk\Ultimate_Aura_Phonk_-_TOP_10_MOST_VIRAL_PHONKFUNK_2025_PART_5.wav,979274b615c931b2faa9eb16ae336b949f3c3792ed9a650e591b5ee43f5eafa8,30.000000,included,
2350,Navrasa,Phonk,Phonk,13,Phonk\Global\Phonk\VibeFuel_-_AURA_TIK_TOK_VIRAL_PHONK_PLAYLIST_2025_VIRAL_BRAZILIAN_PHONK_2025.wav,C:\Genrogram\data\expanded_raw\Phonk\Global\Phonk\VibeFuel_-_AURA_TIK_TOK_VIRAL_PHONK_PLAYLIST_2025_VIRAL_BRAZILIAN_PHONK_2025.wav,214eb76e399cc914870bc7812e797d9adac4ea1e3d7c35f16ab75f0de8f16bb7,30.000000,included,
2351,Navrasa,Phonk,Phonk,13,Phonk\Global\Phonk\XYZ_Video_-_TOP_10_MOST_VIRAL_PHONKFUNK_2025_PART_4_phonk_trend2025_viralphonk_2025_aura_phonkedit_yt.wav,C:\Genrogram\data\expanded_raw\Phonk\Global\Phonk\XYZ_Video_-_TOP_10_MOST_VIRAL_PHONKFUNK_2025_PART_4_phonk_trend2025_viralphonk_2025_aura_phonkedit_yt.wav,9f127c043019cec3a25d5bfd1d05afe839f8db09298d5fe0613fbd589955809a,30.000000,included,
2352,Navrasa,Phonk,Phonk,13,Phonk\Global\Phonk\ZIRCO_-_NEW_PHONKFUNK_SONG_2025_VIRAL_BRAZILIAN_PHONK.wav,C:\Genrogram\data\expanded_raw\Phonk\Global\Phonk\ZIRCO_-_NEW_PHONKFUNK_SONG_2025_VIRAL_BRAZILIAN_PHONK.wav,774c3a54106a06f402461ada66a63ff275936edbbfa468954892a73584a01c6c,30.000000,included,
2353,Navrasa,Phonk,Phonk,13,Phonk\Global\Phonk\Zyxo_-_TOP_10_PHONK_SONGS_Best_of_All_Time_Slowed_Reverb.wav,C:\Genrogram\data\expanded_raw\Phonk\Global\Phonk\Zyxo_-_TOP_10_PHONK_SONGS_Best_of_All_Time_Slowed_Reverb.wav,8ba06e93c8d443f72525a4f71908f57cc08ac26c5c6d7f8fbca6ff29d11bc209,30.000000,included,
2354,Navrasa,Phonk,Phonk,13,Phonk\Global\Phonk\_-_AGGRESSIVE_PHONK_PLAYLIST_1.wav,C:\Genrogram\data\expanded_raw\Phonk\Global\Phonk\_-_AGGRESSIVE_PHONK_PLAYLIST_1.wav,848a54dd9f6c3db59e24eb433ef884f37b2bc9f252c0e1255cc3185139a6a1a6,30.000000,included,
2355,Navrasa,Phonk,Phonk,13,Phonk\Global\Phonk\_-_____.wav,C:\Genrogram\data\expanded_raw\Phonk\Global\Phonk\_-_____.wav,5f52763d9bcadfafc9a25171e695d4ff288928161cec77d302f893ae671c9060,30.000000,included,
2356,Navrasa,Phonk,Phonk,13,Phonk\Global\Phonk\fa1lnight_-_G6_FUNK_Slowed_Reverb.wav,C:\Genrogram\data\expanded_raw\Phonk\Global\Phonk\fa1lnight_-_G6_FUNK_Slowed_Reverb.wav,fc4b32d7c57047dae64309c1a5a11bed31e8dc2e77d7bdd8aac4ae3063f19daa,30.000000,included,
2357,Navrasa,Phonk,Phonk,13,Phonk\Global\Phonk\s_-_PhonkFunk_edit_audios_for_your_edits.wav,C:\Genrogram\data\expanded_raw\Phonk\Global\Phonk\s_-_PhonkFunk_edit_audios_for_your_edits.wav,f24a1a184cc35721353a2d4537d7a8b86f8cd9f50c33f5a0f703c20c1ec3d1a3,30.000000,included,
2358,GTZAN,pop,Pop,7,pop\pop.00000.wav,C:\Genrogram\data\gtzan\genres\pop\pop.00000.wav,3f28ee03acaf7732b275b6437338c50de158140943faef050c7f1fb68c0efbef,30.000181,included,
2359,GTZAN,pop,Pop,7,pop\pop.00000.wav,C:\Genrogram\data\gtzan\genres\pop\pop.00000.wav,3f28ee03acaf7732b275b6437338c50de158140943faef050c7f1fb68c0efbef,30.000181,included,
2360,GTZAN,pop,Pop,7,pop\pop.00001.wav,C:\Genrogram\data\gtzan\genres\pop\pop.00001.wav,a59a8081fd5a53edf9283f36163189089f53e311513ecc8e3e48a7224ceac6dd,30.000181,included,
2361,GTZAN,pop,Pop,7,pop\pop.00001.wav,C:\Genrogram\data\gtzan\genres\pop\pop.00001.wav,a59a8081fd5a53edf9283f36163189089f53e311513ecc8e3e48a7224ceac6dd,30.000181,included,
2362,GTZAN,pop,Pop,7,pop\pop.00002.wav,C:\Genrogram\data\gtzan\genres\pop\pop.00002.wav,3a1fa599cc99653cbc10c4698fd573c6928f2bdd26681a552a5cc7d4c24bf2c3,30.000181,included,
2363,GTZAN,pop,Pop,7,pop\pop.00002.wav,C:\Genrogram\data\gtzan\genres\pop\pop.00002.wav,3a1fa599cc99653cbc10c4698fd573c6928f2bdd26681a552a5cc7d4c24bf2c3,30.000181,included,
2364,GTZAN,pop,Pop,7,pop\pop.00003.wav,C:\Genrogram\data\gtzan\genres\pop\pop.00003.wav,b3f994434e87ab49a818cd9fd109757b7c0a5567b18a82ea0d2b6537041de245,30.000181,included,
2365,GTZAN,pop,Pop,7,pop\pop.00003.wav,C:\Genrogram\data\gtzan\genres\pop\pop.00003.wav,b3f994434e87ab49a818cd9fd109757b7c0a5567b18a82ea0d2b6537041de245,30.000181,included,
2366,GTZAN,pop,Pop,7,pop\pop.00004.wav,C:\Genrogram\data\gtzan\genres\pop\pop.00004.wav,25c4d6b576269fb94307da6dca93664dca4c7d9aaabbfd9e8269ac8696c4a595,30.000181,included,
2367,GTZAN,pop,Pop,7,pop\pop.00004.wav,C:\Genrogram\data\gtzan\genres\pop\pop.00004.wav,25c4d6b576269fb94307da6dca93664dca4c7d9aaabbfd9e8269ac8696c4a595,30.000181,included,
2368,GTZAN,pop,Pop,7,pop\pop.00005.wav,C:\Genrogram\data\gtzan\genres\pop\pop.00005.wav,bb98207ab76c08ad885d6c122ceee345a045098948b1cc96825efb027d0a84bd,30.000181,included,
2369,GTZAN,pop,Pop,7,pop\pop.00005.wav,C:\Genrogram\data\gtzan\genres\pop\pop.00005.wav,bb98207ab76c08ad885d6c122ceee345a045098948b1cc96825efb027d0a84bd,30.000181,included,
2370,GTZAN,pop,Pop,7,pop\pop.00006.wav,C:\Genrogram\data\gtzan\genres\pop\pop.00006.wav,9f347ca814cac6c7ccfaa001cf941fc1d5327c90f4f4ec628fd5cba972c66bdb,30.000181,included,
2371,GTZAN,pop,Pop,7,pop\pop.00006.wav,C:\Genrogram\data\gtzan\genres\pop\pop.00006.wav,9f347ca814cac6c7ccfaa001cf941fc1d5327c90f4f4ec628fd5cba972c66bdb,30.000181,included,
2372,GTZAN,pop,Pop,7,pop\pop.00007.wav,C:\Genrogram\data\gtzan\genres\pop\pop.00007.wav,82b926192ce814e589db51a2fea0429a94057e4b957f5490c380c9e4aa67e40c,30.000181,included,
2373,GTZAN,pop,Pop,7,pop\pop.00007.wav,C:\Genrogram\data\gtzan\genres\pop\pop.00007.wav,82b926192ce814e589db51a2fea0429a94057e4b957f5490c380c9e4aa67e40c,30.000181,included,
2374,GTZAN,pop,Pop,7,pop\pop.00008.wav,C:\Genrogram\data\gtzan\genres\pop\pop.00008.wav,c0d8f191e0ec7c6d732e8609237362919a5260459e5c6d5f44566c321cdeb874,30.000181,included,
2375,GTZAN,pop,Pop,7,pop\pop.00008.wav,C:\Genrogram\data\gtzan\genres\pop\pop.00008.wav,c0d8f191e0ec7c6d732e8609237362919a5260459e5c6d5f44566c321cdeb874,30.000181,included,
2376,GTZAN,pop,Pop,7,pop\pop.00009.wav,C:\Genrogram\data\gtzan\genres\pop\pop.00009.wav,fb5e74f166215f91d2b802c024c89e7018baf8272ed79e198800fce8f93b438b,30.000181,included,
2377,GTZAN,pop,Pop,7,pop\pop.00009.wav,C:\Genrogram\data\gtzan\genres\pop\pop.00009.wav,fb5e74f166215f91d2b802c024c89e7018baf8272ed79e198800fce8f93b438b,30.000181,included,
2378,GTZAN,pop,Pop,7,pop\pop.00010.wav,C:\Genrogram\data\gtzan\genres\pop\pop.00010.wav,ed3acc854f1467473fd7fb501ec04169853548068fc2f1e7229276a9e55e646a,30.000181,included,
2379,GTZAN,pop,Pop,7,pop\pop.00010.wav,C:\Genrogram\data\gtzan\genres\pop\pop.00010.wav,ed3acc854f1467473fd7fb501ec04169853548068fc2f1e7229276a9e55e646a,30.000181,included,
2380,GTZAN,pop,Pop,7,pop\pop.00011.wav,C:\Genrogram\data\gtzan\genres\pop\pop.00011.wav,c9d4c1ccd0a0d9b4c47e34171e222fecdb166f67f9e06a5122eb4fdd58ed1228,30.000181,included,
2381,GTZAN,pop,Pop,7,pop\pop.00011.wav,C:\Genrogram\data\gtzan\genres\pop\pop.00011.wav,c9d4c1ccd0a0d9b4c47e34171e222fecdb166f67f9e06a5122eb4fdd58ed1228,30.000181,included,
2382,GTZAN,pop,Pop,7,pop\pop.00012.wav,C:\Genrogram\data\gtzan\genres\pop\pop.00012.wav,19d15aef15b0c22b5feacfb89d09fa4dbf6485a1a8d4355627f1bbe313f7f39d,30.000181,included,
2383,GTZAN,pop,Pop,7,pop\pop.00012.wav,C:\Genrogram\data\gtzan\genres\pop\pop.00012.wav,19d15aef15b0c22b5feacfb89d09fa4dbf6485a1a8d4355627f1bbe313f7f39d,30.000181,included,
2384,GTZAN,pop,Pop,7,pop\pop.00013.wav,C:\Genrogram\data\gtzan\genres\pop\pop.00013.wav,b4250fa6794db1664250db9b449c619501856fff1e969266a32d2aada007b983,30.000181,included,
2385,GTZAN,pop,Pop,7,pop\pop.00013.wav,C:\Genrogram\data\gtzan\genres\pop\pop.00013.wav,b4250fa6794db1664250db9b449c619501856fff1e969266a32d2aada007b983,30.000181,included,
2386,GTZAN,pop,Pop,7,pop\pop.00014.wav,C:\Genrogram\data\gtzan\genres\pop\pop.00014.wav,5d9d104409d43e51d004a443a1a284af5268d7e3ac5ee907b37594a4d45be23a,30.000181,included,
2387,GTZAN,pop,Pop,7,pop\pop.00014.wav,C:\Genrogram\data\gtzan\genres\pop\pop.00014.wav,5d9d104409d43e51d004a443a1a284af5268d7e3ac5ee907b37594a4d45be23a,30.000181,included,
2388,GTZAN,pop,Pop,7,pop\pop.00015.wav,C:\Genrogram\data\gtzan\genres\pop\pop.00015.wav,0c7bfdbeeffbee6c633be956e653eb49e7f52ffff86910f24332d815b7e5b807,30.000181,included,
2389,GTZAN,pop,Pop,7,pop\pop.00015.wav,C:\Genrogram\data\gtzan\genres\pop\pop.00015.wav,0c7bfdbeeffbee6c633be956e653eb49e7f52ffff86910f24332d815b7e5b807,30.000181,included,
2390,GTZAN,pop,Pop,7,pop\pop.00016.wav,C:\Genrogram\data\gtzan\genres\pop\pop.00016.wav,f5ca7be9f81d808cd2c5497d16765bb35d4664175c0d8765b1437037833e64fe,30.000181,included,
2391,GTZAN,pop,Pop,7,pop\pop.00016.wav,C:\Genrogram\data\gtzan\genres\pop\pop.00016.wav,f5ca7be9f81d808cd2c5497d16765bb35d4664175c0d8765b1437037833e64fe,30.000181,included,
2392,GTZAN,pop,Pop,7,pop\pop.00017.wav,C:\Genrogram\data\gtzan\genres\pop\pop.00017.wav,2b1563ac8027cc6fe41b22c7ccf152b9923148d213064c579f2d44bd926c7c73,30.000181,included,
2393,GTZAN,pop,Pop,7,pop\pop.00017.wav,C:\Genrogram\data\gtzan\genres\pop\pop.00017.wav,2b1563ac8027cc6fe41b22c7ccf152b9923148d213064c579f2d44bd926c7c73,30.000181,included,
2394,GTZAN,pop,Pop,7,pop\pop.00018.wav,C:\Genrogram\data\gtzan\genres\pop\pop.00018.wav,64dae767f3f08ff27056ab1715165e3d128e788e6657fb6d8f2bbd22f8463139,30.000181,included,
2395,GTZAN,pop,Pop,7,pop\pop.00018.wav,C:\Genrogram\data\gtzan\genres\pop\pop.00018.wav,64dae767f3f08ff27056ab1715165e3d128e788e6657fb6d8f2bbd22f8463139,30.000181,included,
2396,GTZAN,pop,Pop,7,pop\pop.00019.wav,C:\Genrogram\data\gtzan\genres\pop\pop.00019.wav,3ec6a7833c4324310712df3944886655faac73b837b5f6da6a202350e0945830,30.000181,included,
2397,GTZAN,pop,Pop,7,pop\pop.00019.wav,C:\Genrogram\data\gtzan\genres\pop\pop.00019.wav,3ec6a7833c4324310712df3944886655faac73b837b5f6da6a202350e0945830,30.000181,included,
2398,GTZAN,pop,Pop,7,pop\pop.00020.wav,C:\Genrogram\data\gtzan\genres\pop\pop.00020.wav,79b1f54c6a97496ed44e7088a9c4b2594c71b477f38c8e1448280bc0125e18e9,30.000181,included,
2399,GTZAN,pop,Pop,7,pop\pop.00020.wav,C:\Genrogram\data\gtzan\genres\pop\pop.00020.wav,79b1f54c6a97496ed44e7088a9c4b2594c71b477f38c8e1448280bc0125e18e9,30.000181,included,
2400,GTZAN,pop,Pop,7,pop\pop.00021.wav,C:\Genrogram\data\gtzan\genres\pop\pop.00021.wav,1845cba187144241d2f61744aee740230c4b27acbe9e82f28a15e1434f8b7429,30.000181,included,
2401,GTZAN,pop,Pop,7,pop\pop.00021.wav,C:\Genrogram\data\gtzan\genres\pop\pop.00021.wav,1845cba187144241d2f61744aee740230c4b27acbe9e82f28a15e1434f8b7429,30.000181,included,
2402,GTZAN,pop,Pop,7,pop\pop.00022.wav,C:\Genrogram\data\gtzan\genres\pop\pop.00022.wav,0f534671f25a614dbf91183c7d0bf8f0bd0812db16ea18fc42ff251ca49c86cd,30.000181,included,
2403,GTZAN,pop,Pop,7,pop\pop.00022.wav,C:\Genrogram\data\gtzan\genres\pop\pop.00022.wav,0f534671f25a614dbf91183c7d0bf8f0bd0812db16ea18fc42ff251ca49c86cd,30.000181,included,
2404,GTZAN,pop,Pop,7,pop\pop.00023.wav,C:\Genrogram\data\gtzan\genres\pop\pop.00023.wav,ae318985a9ebfcd0d4a6736c4c95d9264e748442168c622d1597cdd596ca3564,30.000181,included,
2405,GTZAN,pop,Pop,7,pop\pop.00023.wav,C:\Genrogram\data\gtzan\genres\pop\pop.00023.wav,ae318985a9ebfcd0d4a6736c4c95d9264e748442168c622d1597cdd596ca3564,30.000181,included,
2406,GTZAN,pop,Pop,7,pop\pop.00024.wav,C:\Genrogram\data\gtzan\genres\pop\pop.00024.wav,1a202b859c517f5af763479d445edb321c7b049d7e1b1da36719c07c807f9a3d,30.000181,included,
2407,GTZAN,pop,Pop,7,pop\pop.00024.wav,C:\Genrogram\data\gtzan\genres\pop\pop.00024.wav,1a202b859c517f5af763479d445edb321c7b049d7e1b1da36719c07c807f9a3d,30.000181,included,
2408,GTZAN,pop,Pop,7,pop\pop.00025.wav,C:\Genrogram\data\gtzan\genres\pop\pop.00025.wav,8930637b0036ff47d5f3063b2b8798e4455ab9014746132a46153fe5697360af,30.000181,included,
2409,GTZAN,pop,Pop,7,pop\pop.00025.wav,C:\Genrogram\data\gtzan\genres\pop\pop.00025.wav,8930637b0036ff47d5f3063b2b8798e4455ab9014746132a46153fe5697360af,30.000181,included,
2410,GTZAN,pop,Pop,7,pop\pop.00026.wav,C:\Genrogram\data\gtzan\genres\pop\pop.00026.wav,f3df5a42064c6a228249a6fa5ffd3bde39d22a92fd09d9f24715c6dd2edb4216,30.000181,included,
2411,GTZAN,pop,Pop,7,pop\pop.00026.wav,C:\Genrogram\data\gtzan\genres\pop\pop.00026.wav,f3df5a42064c6a228249a6fa5ffd3bde39d22a92fd09d9f24715c6dd2edb4216,30.000181,included,
2412,GTZAN,pop,Pop,7,pop\pop.00027.wav,C:\Genrogram\data\gtzan\genres\pop\pop.00027.wav,6036f874adc437c79d54c242c5b34d4d170f9d29d53f74c543fef916622f3e26,30.000181,included,
2413,GTZAN,pop,Pop,7,pop\pop.00027.wav,C:\Genrogram\data\gtzan\genres\pop\pop.00027.wav,6036f874adc437c79d54c242c5b34d4d170f9d29d53f74c543fef916622f3e26,30.000181,included,
2414,GTZAN,pop,Pop,7,pop\pop.00028.wav,C:\Genrogram\data\gtzan\genres\pop\pop.00028.wav,62ea75234bbe0c2ce4cc52ffc4682bac97b4b5e6baf571eb551240d094039d7d,30.000181,included,
2415,GTZAN,pop,Pop,7,pop\pop.00028.wav,C:\Genrogram\data\gtzan\genres\pop\pop.00028.wav,62ea75234bbe0c2ce4cc52ffc4682bac97b4b5e6baf571eb551240d094039d7d,30.000181,included,
2416,GTZAN,pop,Pop,7,pop\pop.00029.wav,C:\Genrogram\data\gtzan\genres\pop\pop.00029.wav,4b2456796761078944d2e2eed2da724a65ca5d18de66b81b765b631fc662919b,30.000181,included,
2417,GTZAN,pop,Pop,7,pop\pop.00029.wav,C:\Genrogram\data\gtzan\genres\pop\pop.00029.wav,4b2456796761078944d2e2eed2da724a65ca5d18de66b81b765b631fc662919b,30.000181,included,
2418,GTZAN,pop,Pop,7,pop\pop.00030.wav,C:\Genrogram\data\gtzan\genres\pop\pop.00030.wav,b2c53021bc1505129b8fee00f71f9993bfcb07781f21e7455ebe241e0f50ef14,30.000181,included,
2419,GTZAN,pop,Pop,7,pop\pop.00030.wav,C:\Genrogram\data\gtzan\genres\pop\pop.00030.wav,b2c53021bc1505129b8fee00f71f9993bfcb07781f21e7455ebe241e0f50ef14,30.000181,included,
2420,GTZAN,pop,Pop,7,pop\pop.00031.wav,C:\Genrogram\data\gtzan\genres\pop\pop.00031.wav,594bb72da1cd11e8bdd5d3700eb2bcd0b9e06c8246d75a0baae3ac8daf28722c,30.000181,included,
2421,GTZAN,pop,Pop,7,pop\pop.00031.wav,C:\Genrogram\data\gtzan\genres\pop\pop.00031.wav,594bb72da1cd11e8bdd5d3700eb2bcd0b9e06c8246d75a0baae3ac8daf28722c,30.000181,included,
2422,GTZAN,pop,Pop,7,pop\pop.00032.wav,C:\Genrogram\data\gtzan\genres\pop\pop.00032.wav,1f092cabf83516b15b2cc96c5e50ce7e08a64569e4ad3525a53fe48f00b7fa3a,30.000181,included,
2423,GTZAN,pop,Pop,7,pop\pop.00032.wav,C:\Genrogram\data\gtzan\genres\pop\pop.00032.wav,1f092cabf83516b15b2cc96c5e50ce7e08a64569e4ad3525a53fe48f00b7fa3a,30.000181,included,
2424,GTZAN,pop,Pop,7,pop\pop.00033.wav,C:\Genrogram\data\gtzan\genres\pop\pop.00033.wav,553d578351678c6c4827cf7628b24b459116f65fb58a7a558729e7d5f3d337b5,30.000181,included,
2425,GTZAN,pop,Pop,7,pop\pop.00033.wav,C:\Genrogram\data\gtzan\genres\pop\pop.00033.wav,553d578351678c6c4827cf7628b24b459116f65fb58a7a558729e7d5f3d337b5,30.000181,included,
2426,GTZAN,pop,Pop,7,pop\pop.00034.wav,C:\Genrogram\data\gtzan\genres\pop\pop.00034.wav,ebb7a9d85ee3f504e69e73b50f440212968ecad5781fe8b2654a93822ca4d16f,30.000181,included,
2427,GTZAN,pop,Pop,7,pop\pop.00034.wav,C:\Genrogram\data\gtzan\genres\pop\pop.00034.wav,ebb7a9d85ee3f504e69e73b50f440212968ecad5781fe8b2654a93822ca4d16f,30.000181,included,
2428,GTZAN,pop,Pop,7,pop\pop.00035.wav,C:\Genrogram\data\gtzan\genres\pop\pop.00035.wav,fff3d605e8167438df88487bf8d904f964241cbc3e266a08ea43dfd7a61ecb59,30.000181,included,
2429,GTZAN,pop,Pop,7,pop\pop.00035.wav,C:\Genrogram\data\gtzan\genres\pop\pop.00035.wav,fff3d605e8167438df88487bf8d904f964241cbc3e266a08ea43dfd7a61ecb59,30.000181,included,
2430,GTZAN,pop,Pop,7,pop\pop.00036.wav,C:\Genrogram\data\gtzan\genres\pop\pop.00036.wav,b1a377dcb46e101ab27ef0044233e771fc4848f872922dd12e67c9eb5fd807b5,30.000181,included,
2431,GTZAN,pop,Pop,7,pop\pop.00036.wav,C:\Genrogram\data\gtzan\genres\pop\pop.00036.wav,b1a377dcb46e101ab27ef0044233e771fc4848f872922dd12e67c9eb5fd807b5,30.000181,included,
2432,GTZAN,pop,Pop,7,pop\pop.00037.wav,C:\Genrogram\data\gtzan\genres\pop\pop.00037.wav,438ae110a8b9c22af2e8031ed873bb10aa13ed021b848f333959b2fede183922,30.000181,included,
2433,GTZAN,pop,Pop,7,pop\pop.00037.wav,C:\Genrogram\data\gtzan\genres\pop\pop.00037.wav,438ae110a8b9c22af2e8031ed873bb10aa13ed021b848f333959b2fede183922,30.000181,included,
2434,GTZAN,pop,Pop,7,pop\pop.00038.wav,C:\Genrogram\data\gtzan\genres\pop\pop.00038.wav,21e0efc1f13448f3ed4f1323d41a7d9e637fa826c4fb265afe1045485ba64276,30.000181,included,
2435,GTZAN,pop,Pop,7,pop\pop.00038.wav,C:\Genrogram\data\gtzan\genres\pop\pop.00038.wav,21e0efc1f13448f3ed4f1323d41a7d9e637fa826c4fb265afe1045485ba64276,30.000181,included,
2436,GTZAN,pop,Pop,7,pop\pop.00039.wav,C:\Genrogram\data\gtzan\genres\pop\pop.00039.wav,7638fd15fce671468da113336304c78f9dfb22479d40a0713aecb467d40588b2,30.000181,included,
2437,GTZAN,pop,Pop,7,pop\pop.00039.wav,C:\Genrogram\data\gtzan\genres\pop\pop.00039.wav,7638fd15fce671468da113336304c78f9dfb22479d40a0713aecb467d40588b2,30.000181,included,
2438,GTZAN,pop,Pop,7,pop\pop.00040.wav,C:\Genrogram\data\gtzan\genres\pop\pop.00040.wav,d6a35564f6074ee60b606a2e175f7a0753a337f271ec1952bac1e9266e2b1fe8,30.000181,included,
2439,GTZAN,pop,Pop,7,pop\pop.00040.wav,C:\Genrogram\data\gtzan\genres\pop\pop.00040.wav,d6a35564f6074ee60b606a2e175f7a0753a337f271ec1952bac1e9266e2b1fe8,30.000181,included,
2440,GTZAN,pop,Pop,7,pop\pop.00041.wav,C:\Genrogram\data\gtzan\genres\pop\pop.00041.wav,7650cf8b30a6d3abbb2ac810c3abeded65800fc94a7ecd7219d2fea76e88c4b8,30.000181,included,
2441,GTZAN,pop,Pop,7,pop\pop.00041.wav,C:\Genrogram\data\gtzan\genres\pop\pop.00041.wav,7650cf8b30a6d3abbb2ac810c3abeded65800fc94a7ecd7219d2fea76e88c4b8,30.000181,included,
2442,GTZAN,pop,Pop,7,pop\pop.00042.wav,C:\Genrogram\data\gtzan\genres\pop\pop.00042.wav,0463121183d3ac6dde8f1abc3f664c3a24278f3111b8f93cfebe93c0e921e59b,30.000181,included,
2443,GTZAN,pop,Pop,7,pop\pop.00042.wav,C:\Genrogram\data\gtzan\genres\pop\pop.00042.wav,0463121183d3ac6dde8f1abc3f664c3a24278f3111b8f93cfebe93c0e921e59b,30.000181,included,
2444,GTZAN,pop,Pop,7,pop\pop.00043.wav,C:\Genrogram\data\gtzan\genres\pop\pop.00043.wav,289fa7273d9c550e110a336e4888b77c4e623e9ab338c257ccee0307ce80bc18,30.000181,included,
2445,GTZAN,pop,Pop,7,pop\pop.00043.wav,C:\Genrogram\data\gtzan\genres\pop\pop.00043.wav,289fa7273d9c550e110a336e4888b77c4e623e9ab338c257ccee0307ce80bc18,30.000181,included,
2446,GTZAN,pop,Pop,7,pop\pop.00044.wav,C:\Genrogram\data\gtzan\genres\pop\pop.00044.wav,c144fe3985568595d34166039768733f65580b8ef6c7ddd60bd7ee5703e3a9d7,30.000181,included,
2447,GTZAN,pop,Pop,7,pop\pop.00044.wav,C:\Genrogram\data\gtzan\genres\pop\pop.00044.wav,c144fe3985568595d34166039768733f65580b8ef6c7ddd60bd7ee5703e3a9d7,30.000181,included,
2448,GTZAN,pop,Pop,7,pop\pop.00045.wav,C:\Genrogram\data\gtzan\genres\pop\pop.00045.wav,6d031aa77268c59f515946ad635f599b93ef3258111aa8bbf07e28920f60cbed,30.000181,included,
2449,GTZAN,pop,Pop,7,pop\pop.00045.wav,C:\Genrogram\data\gtzan\genres\pop\pop.00045.wav,6d031aa77268c59f515946ad635f599b93ef3258111aa8bbf07e28920f60cbed,30.000181,included,
2450,GTZAN,pop,Pop,7,pop\pop.00046.wav,C:\Genrogram\data\gtzan\genres\pop\pop.00046.wav,5ed3f1d8576cd54a8d8512b7014c8eaf313d01ccc57b752fcf73288243d8d99d,30.000181,included,
2451,GTZAN,pop,Pop,7,pop\pop.00046.wav,C:\Genrogram\data\gtzan\genres\pop\pop.00046.wav,5ed3f1d8576cd54a8d8512b7014c8eaf313d01ccc57b752fcf73288243d8d99d,30.000181,included,
2452,GTZAN,pop,Pop,7,pop\pop.00047.wav,C:\Genrogram\data\gtzan\genres\pop\pop.00047.wav,b130306c45aff1ac44e0a3561156698e24cd28ce1be3685a12888e08233ab645,30.000181,included,
2453,GTZAN,pop,Pop,7,pop\pop.00047.wav,C:\Genrogram\data\gtzan\genres\pop\pop.00047.wav,b130306c45aff1ac44e0a3561156698e24cd28ce1be3685a12888e08233ab645,30.000181,included,
2454,GTZAN,pop,Pop,7,pop\pop.00048.wav,C:\Genrogram\data\gtzan\genres\pop\pop.00048.wav,31645d284288764423498ec32b407381b7c48040c2d65ad8e9afefaee79b061b,30.000181,included,
2455,GTZAN,pop,Pop,7,pop\pop.00048.wav,C:\Genrogram\data\gtzan\genres\pop\pop.00048.wav,31645d284288764423498ec32b407381b7c48040c2d65ad8e9afefaee79b061b,30.000181,included,
2456,GTZAN,pop,Pop,7,pop\pop.00049.wav,C:\Genrogram\data\gtzan\genres\pop\pop.00049.wav,201bd5a1c83a9e86e936d11627f8b865dc77188b200d57fd43cc25d86ab0efc9,30.000181,included,
2457,GTZAN,pop,Pop,7,pop\pop.00049.wav,C:\Genrogram\data\gtzan\genres\pop\pop.00049.wav,201bd5a1c83a9e86e936d11627f8b865dc77188b200d57fd43cc25d86ab0efc9,30.000181,included,
2458,GTZAN,pop,Pop,7,pop\pop.00050.wav,C:\Genrogram\data\gtzan\genres\pop\pop.00050.wav,3837180f66446c5cd0c3edcce4ce4c9c443deec86cd59b56d41091e2ddc94e9c,30.000181,included,
2459,GTZAN,pop,Pop,7,pop\pop.00050.wav,C:\Genrogram\data\gtzan\genres\pop\pop.00050.wav,3837180f66446c5cd0c3edcce4ce4c9c443deec86cd59b56d41091e2ddc94e9c,30.000181,included,
2460,GTZAN,pop,Pop,7,pop\pop.00051.wav,C:\Genrogram\data\gtzan\genres\pop\pop.00051.wav,2cd9d3434d9f2bbf8d894ba5bfed77a3720b36242dc9b160f6b0f9a2350d303e,30.000181,included,
2461,GTZAN,pop,Pop,7,pop\pop.00051.wav,C:\Genrogram\data\gtzan\genres\pop\pop.00051.wav,2cd9d3434d9f2bbf8d894ba5bfed77a3720b36242dc9b160f6b0f9a2350d303e,30.000181,included,
2462,GTZAN,pop,Pop,7,pop\pop.00052.wav,C:\Genrogram\data\gtzan\genres\pop\pop.00052.wav,73f3e2f5301111cf8203cc7a6ea93facab49bb06ac9b02821b3f8762093b85d6,30.000181,included,
2463,GTZAN,pop,Pop,7,pop\pop.00052.wav,C:\Genrogram\data\gtzan\genres\pop\pop.00052.wav,73f3e2f5301111cf8203cc7a6ea93facab49bb06ac9b02821b3f8762093b85d6,30.000181,included,
2464,GTZAN,pop,Pop,7,pop\pop.00053.wav,C:\Genrogram\data\gtzan\genres\pop\pop.00053.wav,76564b880700f47f9824c666623e0cb2a1e1883b47a0b80027c5359ad4172dea,30.000181,included,
2465,GTZAN,pop,Pop,7,pop\pop.00053.wav,C:\Genrogram\data\gtzan\genres\pop\pop.00053.wav,76564b880700f47f9824c666623e0cb2a1e1883b47a0b80027c5359ad4172dea,30.000181,included,
2466,GTZAN,pop,Pop,7,pop\pop.00054.wav,C:\Genrogram\data\gtzan\genres\pop\pop.00054.wav,b1ce65d61443db6d5a7821490332b1f71c6597fbdd37e87ee2acdbcd882d8aa0,30.000181,included,
2467,GTZAN,pop,Pop,7,pop\pop.00054.wav,C:\Genrogram\data\gtzan\genres\pop\pop.00054.wav,b1ce65d61443db6d5a7821490332b1f71c6597fbdd37e87ee2acdbcd882d8aa0,30.000181,included,
2468,GTZAN,pop,Pop,7,pop\pop.00055.wav,C:\Genrogram\data\gtzan\genres\pop\pop.00055.wav,cc2f1909c605c30e428a2d47232d3178d38dc3b39b9e4bfe15995dcb4324f4b6,30.000181,included,
2469,GTZAN,pop,Pop,7,pop\pop.00055.wav,C:\Genrogram\data\gtzan\genres\pop\pop.00055.wav,cc2f1909c605c30e428a2d47232d3178d38dc3b39b9e4bfe15995dcb4324f4b6,30.000181,included,
2470,GTZAN,pop,Pop,7,pop\pop.00056.wav,C:\Genrogram\data\gtzan\genres\pop\pop.00056.wav,8767abd1e1ec2728e7345c2c0bc376cc62465f901f519c7ad1ade6c6cef34498,30.000181,included,
2471,GTZAN,pop,Pop,7,pop\pop.00056.wav,C:\Genrogram\data\gtzan\genres\pop\pop.00056.wav,8767abd1e1ec2728e7345c2c0bc376cc62465f901f519c7ad1ade6c6cef34498,30.000181,included,
2472,GTZAN,pop,Pop,7,pop\pop.00057.wav,C:\Genrogram\data\gtzan\genres\pop\pop.00057.wav,4f044efa6b6e14546dfa9bd15a7dd183d6f2a266a70346ecdb971ad89a7ba840,30.000181,included,
2473,GTZAN,pop,Pop,7,pop\pop.00057.wav,C:\Genrogram\data\gtzan\genres\pop\pop.00057.wav,4f044efa6b6e14546dfa9bd15a7dd183d6f2a266a70346ecdb971ad89a7ba840,30.000181,included,
2474,GTZAN,pop,Pop,7,pop\pop.00058.wav,C:\Genrogram\data\gtzan\genres\pop\pop.00058.wav,553d7da2ac2dd33b5ed7efe9ad4ff1f9635d75705207e808600671f80922c9be,30.000181,included,
2475,GTZAN,pop,Pop,7,pop\pop.00058.wav,C:\Genrogram\data\gtzan\genres\pop\pop.00058.wav,553d7da2ac2dd33b5ed7efe9ad4ff1f9635d75705207e808600671f80922c9be,30.000181,included,
2476,GTZAN,pop,Pop,7,pop\pop.00059.wav,C:\Genrogram\data\gtzan\genres\pop\pop.00059.wav,38336f036fee04f7965dd865fa86640ccfb70db0625927cfbfe1d4a2aac98e1a,30.000181,included,
2477,GTZAN,pop,Pop,7,pop\pop.00059.wav,C:\Genrogram\data\gtzan\genres\pop\pop.00059.wav,38336f036fee04f7965dd865fa86640ccfb70db0625927cfbfe1d4a2aac98e1a,30.000181,included,
2478,GTZAN,pop,Pop,7,pop\pop.00060.wav,C:\Genrogram\data\gtzan\genres\pop\pop.00060.wav,b1ce65d61443db6d5a7821490332b1f71c6597fbdd37e87ee2acdbcd882d8aa0,30.000181,included,
2479,GTZAN,pop,Pop,7,pop\pop.00060.wav,C:\Genrogram\data\gtzan\genres\pop\pop.00060.wav,b1ce65d61443db6d5a7821490332b1f71c6597fbdd37e87ee2acdbcd882d8aa0,30.000181,included,
2480,GTZAN,pop,Pop,7,pop\pop.00061.wav,C:\Genrogram\data\gtzan\genres\pop\pop.00061.wav,0663d225570fb469bcc393000594e092c2cdae6d6ff88061c3af31f5c89acd61,30.000181,included,
2481,GTZAN,pop,Pop,7,pop\pop.00061.wav,C:\Genrogram\data\gtzan\genres\pop\pop.00061.wav,0663d225570fb469bcc393000594e092c2cdae6d6ff88061c3af31f5c89acd61,30.000181,included,
2482,GTZAN,pop,Pop,7,pop\pop.00062.wav,C:\Genrogram\data\gtzan\genres\pop\pop.00062.wav,bbe44a35ea4c71b364b4a173062fb9e50e726196886a7244f84d94cb31f6c6d3,30.000181,included,
2483,GTZAN,pop,Pop,7,pop\pop.00062.wav,C:\Genrogram\data\gtzan\genres\pop\pop.00062.wav,bbe44a35ea4c71b364b4a173062fb9e50e726196886a7244f84d94cb31f6c6d3,30.000181,included,
2484,GTZAN,pop,Pop,7,pop\pop.00063.wav,C:\Genrogram\data\gtzan\genres\pop\pop.00063.wav,41a5ee35b16cb2371822ff7ea3a3f58f8bfdf2a6697d542538b25f09dfc6dde4,30.000181,included,
2485,GTZAN,pop,Pop,7,pop\pop.00063.wav,C:\Genrogram\data\gtzan\genres\pop\pop.00063.wav,41a5ee35b16cb2371822ff7ea3a3f58f8bfdf2a6697d542538b25f09dfc6dde4,30.000181,included,
2486,GTZAN,pop,Pop,7,pop\pop.00064.wav,C:\Genrogram\data\gtzan\genres\pop\pop.00064.wav,f363b68c252f37ebe8114580e3131ed9d7888ad96777a02676100d470e583721,30.000181,included,
2487,GTZAN,pop,Pop,7,pop\pop.00064.wav,C:\Genrogram\data\gtzan\genres\pop\pop.00064.wav,f363b68c252f37ebe8114580e3131ed9d7888ad96777a02676100d470e583721,30.000181,included,
2488,GTZAN,pop,Pop,7,pop\pop.00065.wav,C:\Genrogram\data\gtzan\genres\pop\pop.00065.wav,2da7dca3340b9070c4f0b25495ed2099693bbb0fefae2dc340f67bffdaac5304,30.000181,included,
2489,GTZAN,pop,Pop,7,pop\pop.00065.wav,C:\Genrogram\data\gtzan\genres\pop\pop.00065.wav,2da7dca3340b9070c4f0b25495ed2099693bbb0fefae2dc340f67bffdaac5304,30.000181,included,
2490,GTZAN,pop,Pop,7,pop\pop.00066.wav,C:\Genrogram\data\gtzan\genres\pop\pop.00066.wav,cc8ff5f3b2f3d8389a44065f266398ff99a00e1060f63a78b1e9e01b241acd93,30.000181,included,
2491,GTZAN,pop,Pop,7,pop\pop.00066.wav,C:\Genrogram\data\gtzan\genres\pop\pop.00066.wav,cc8ff5f3b2f3d8389a44065f266398ff99a00e1060f63a78b1e9e01b241acd93,30.000181,included,
2492,GTZAN,pop,Pop,7,pop\pop.00067.wav,C:\Genrogram\data\gtzan\genres\pop\pop.00067.wav,2301f6e86dfd5bb4d58cf5bd6bacdf1a1c6e3aa727dfd366afd85c7d63aad8bf,30.000181,included,
2493,GTZAN,pop,Pop,7,pop\pop.00067.wav,C:\Genrogram\data\gtzan\genres\pop\pop.00067.wav,2301f6e86dfd5bb4d58cf5bd6bacdf1a1c6e3aa727dfd366afd85c7d63aad8bf,30.000181,included,
2494,GTZAN,pop,Pop,7,pop\pop.00068.wav,C:\Genrogram\data\gtzan\genres\pop\pop.00068.wav,c2d75f2ff03f894058ff0cebc41919a64b92bfecd2096d262817315ac6cdbc17,30.000181,included,
2495,GTZAN,pop,Pop,7,pop\pop.00068.wav,C:\Genrogram\data\gtzan\genres\pop\pop.00068.wav,c2d75f2ff03f894058ff0cebc41919a64b92bfecd2096d262817315ac6cdbc17,30.000181,included,
2496,GTZAN,pop,Pop,7,pop\pop.00069.wav,C:\Genrogram\data\gtzan\genres\pop\pop.00069.wav,e3ec94085a05a4a2290d846ad9dc06a3af7c60f66d6e0370a0d66dd8bd0df494,30.000181,included,
2497,GTZAN,pop,Pop,7,pop\pop.00069.wav,C:\Genrogram\data\gtzan\genres\pop\pop.00069.wav,e3ec94085a05a4a2290d846ad9dc06a3af7c60f66d6e0370a0d66dd8bd0df494,30.000181,included,
2498,GTZAN,pop,Pop,7,pop\pop.00070.wav,C:\Genrogram\data\gtzan\genres\pop\pop.00070.wav,fa4c98bd0b979acc9191ae0c0a988e8dc4af4dd904d9f23a725f003414189c6b,30.000181,included,
2499,GTZAN,pop,Pop,7,pop\pop.00070.wav,C:\Genrogram\data\gtzan\genres\pop\pop.00070.wav,fa4c98bd0b979acc9191ae0c0a988e8dc4af4dd904d9f23a725f003414189c6b,30.000181,included,
2500,GTZAN,pop,Pop,7,pop\pop.00071.wav,C:\Genrogram\data\gtzan\genres\pop\pop.00071.wav,2301f6e86dfd5bb4d58cf5bd6bacdf1a1c6e3aa727dfd366afd85c7d63aad8bf,30.000181,included,
2501,GTZAN,pop,Pop,7,pop\pop.00071.wav,C:\Genrogram\data\gtzan\genres\pop\pop.00071.wav,2301f6e86dfd5bb4d58cf5bd6bacdf1a1c6e3aa727dfd366afd85c7d63aad8bf,30.000181,included,
2502,GTZAN,pop,Pop,7,pop\pop.00072.wav,C:\Genrogram\data\gtzan\genres\pop\pop.00072.wav,f39600809735973e57d94eeb44708f50f9ecd9abcbd180359068f081184d2f75,30.000181,included,
2503,GTZAN,pop,Pop,7,pop\pop.00072.wav,C:\Genrogram\data\gtzan\genres\pop\pop.00072.wav,f39600809735973e57d94eeb44708f50f9ecd9abcbd180359068f081184d2f75,30.000181,included,
2504,GTZAN,pop,Pop,7,pop\pop.00073.wav,C:\Genrogram\data\gtzan\genres\pop\pop.00073.wav,64eb4c47119f8300658e95f8291a47e8b1bf13f1d78fa70fcf0de1e82a909e83,30.000181,included,
2505,GTZAN,pop,Pop,7,pop\pop.00073.wav,C:\Genrogram\data\gtzan\genres\pop\pop.00073.wav,64eb4c47119f8300658e95f8291a47e8b1bf13f1d78fa70fcf0de1e82a909e83,30.000181,included,
2506,GTZAN,pop,Pop,7,pop\pop.00074.wav,C:\Genrogram\data\gtzan\genres\pop\pop.00074.wav,9d7ea83a5581f486510fac756c8dc9d91c118f8e543a36e29d9ce0b70dfe6f42,30.000181,included,
2507,GTZAN,pop,Pop,7,pop\pop.00074.wav,C:\Genrogram\data\gtzan\genres\pop\pop.00074.wav,9d7ea83a5581f486510fac756c8dc9d91c118f8e543a36e29d9ce0b70dfe6f42,30.000181,included,
2508,GTZAN,pop,Pop,7,pop\pop.00075.wav,C:\Genrogram\data\gtzan\genres\pop\pop.00075.wav,82f4c59ff35ea8c4f2fb4ba07874c3774f9eff23988f8a1c92d7bef5be04b763,30.000181,included,
2509,GTZAN,pop,Pop,7,pop\pop.00075.wav,C:\Genrogram\data\gtzan\genres\pop\pop.00075.wav,82f4c59ff35ea8c4f2fb4ba07874c3774f9eff23988f8a1c92d7bef5be04b763,30.000181,included,
2510,GTZAN,pop,Pop,7,pop\pop.00076.wav,C:\Genrogram\data\gtzan\genres\pop\pop.00076.wav,d71425f4e47330d3cf856e26c27e60d9b9381689a064330cc968e744db0362a9,30.000181,included,
2511,GTZAN,pop,Pop,7,pop\pop.00076.wav,C:\Genrogram\data\gtzan\genres\pop\pop.00076.wav,d71425f4e47330d3cf856e26c27e60d9b9381689a064330cc968e744db0362a9,30.000181,included,
2512,GTZAN,pop,Pop,7,pop\pop.00077.wav,C:\Genrogram\data\gtzan\genres\pop\pop.00077.wav,0d52e0b45ae292d9839c692aa5f545f54042131248590bd094fe45127175efbb,30.000181,included,
2513,GTZAN,pop,Pop,7,pop\pop.00077.wav,C:\Genrogram\data\gtzan\genres\pop\pop.00077.wav,0d52e0b45ae292d9839c692aa5f545f54042131248590bd094fe45127175efbb,30.000181,included,
2514,GTZAN,pop,Pop,7,pop\pop.00078.wav,C:\Genrogram\data\gtzan\genres\pop\pop.00078.wav,8796a1050cbcdbedde0357eff384f4e973252af449e93b8029d1b41e891f3a54,30.000181,included,
2515,GTZAN,pop,Pop,7,pop\pop.00078.wav,C:\Genrogram\data\gtzan\genres\pop\pop.00078.wav,8796a1050cbcdbedde0357eff384f4e973252af449e93b8029d1b41e891f3a54,30.000181,included,
2516,GTZAN,pop,Pop,7,pop\pop.00079.wav,C:\Genrogram\data\gtzan\genres\pop\pop.00079.wav,571e7861c0f3b6520f6184da6f53f2252ef50d85f0e7549b06c921bdb6352ac6,30.000181,included,
2517,GTZAN,pop,Pop,7,pop\pop.00079.wav,C:\Genrogram\data\gtzan\genres\pop\pop.00079.wav,571e7861c0f3b6520f6184da6f53f2252ef50d85f0e7549b06c921bdb6352ac6,30.000181,included,
2518,GTZAN,pop,Pop,7,pop\pop.00080.wav,C:\Genrogram\data\gtzan\genres\pop\pop.00080.wav,f8a8f2a3550c70a27879995a215253a506c534163e699d0836d025cda0d5ce22,30.000181,included,
2519,GTZAN,pop,Pop,7,pop\pop.00080.wav,C:\Genrogram\data\gtzan\genres\pop\pop.00080.wav,f8a8f2a3550c70a27879995a215253a506c534163e699d0836d025cda0d5ce22,30.000181,included,
2520,GTZAN,pop,Pop,7,pop\pop.00081.wav,C:\Genrogram\data\gtzan\genres\pop\pop.00081.wav,17bad0566dba268dbf97fbb692a751a156e7bd16e7b339fec0e2618e4bcef0bc,30.000181,included,
2521,GTZAN,pop,Pop,7,pop\pop.00081.wav,C:\Genrogram\data\gtzan\genres\pop\pop.00081.wav,17bad0566dba268dbf97fbb692a751a156e7bd16e7b339fec0e2618e4bcef0bc,30.000181,included,
2522,GTZAN,pop,Pop,7,pop\pop.00082.wav,C:\Genrogram\data\gtzan\genres\pop\pop.00082.wav,c1e7dfd7e2d4e9ae124d0b213eb84e83d3b483b7000adf04ffda39d2de26be62,30.000181,included,
2523,GTZAN,pop,Pop,7,pop\pop.00082.wav,C:\Genrogram\data\gtzan\genres\pop\pop.00082.wav,c1e7dfd7e2d4e9ae124d0b213eb84e83d3b483b7000adf04ffda39d2de26be62,30.000181,included,
2524,GTZAN,pop,Pop,7,pop\pop.00083.wav,C:\Genrogram\data\gtzan\genres\pop\pop.00083.wav,e5c66b9f88a4be3fcc724038408b25292ea2819c57431b8f0dfe04a147400bae,30.000181,included,
2525,GTZAN,pop,Pop,7,pop\pop.00083.wav,C:\Genrogram\data\gtzan\genres\pop\pop.00083.wav,e5c66b9f88a4be3fcc724038408b25292ea2819c57431b8f0dfe04a147400bae,30.000181,included,
2526,GTZAN,pop,Pop,7,pop\pop.00084.wav,C:\Genrogram\data\gtzan\genres\pop\pop.00084.wav,3a039d41e537a6b79573f074fd9c997bc8a4c82676e26959131038b0f4f25df8,30.000181,included,
2527,GTZAN,pop,Pop,7,pop\pop.00084.wav,C:\Genrogram\data\gtzan\genres\pop\pop.00084.wav,3a039d41e537a6b79573f074fd9c997bc8a4c82676e26959131038b0f4f25df8,30.000181,included,
2528,GTZAN,pop,Pop,7,pop\pop.00085.wav,C:\Genrogram\data\gtzan\genres\pop\pop.00085.wav,d025c1bcf11e765f61c183ad118a212c15fd978e712bd8b002e27798d3608623,30.000181,included,
2529,GTZAN,pop,Pop,7,pop\pop.00085.wav,C:\Genrogram\data\gtzan\genres\pop\pop.00085.wav,d025c1bcf11e765f61c183ad118a212c15fd978e712bd8b002e27798d3608623,30.000181,included,
2530,GTZAN,pop,Pop,7,pop\pop.00086.wav,C:\Genrogram\data\gtzan\genres\pop\pop.00086.wav,f1fc65cc875d68531ec5efb2d964c9596aeb3a556041f2f5daef6039cadd640e,30.000181,included,
2531,GTZAN,pop,Pop,7,pop\pop.00086.wav,C:\Genrogram\data\gtzan\genres\pop\pop.00086.wav,f1fc65cc875d68531ec5efb2d964c9596aeb3a556041f2f5daef6039cadd640e,30.000181,included,
2532,GTZAN,pop,Pop,7,pop\pop.00087.wav,C:\Genrogram\data\gtzan\genres\pop\pop.00087.wav,12ef057ce4976e0d11500f656685922382d61e6b8407e3283048ec7b90819e26,30.000181,included,
2533,GTZAN,pop,Pop,7,pop\pop.00087.wav,C:\Genrogram\data\gtzan\genres\pop\pop.00087.wav,12ef057ce4976e0d11500f656685922382d61e6b8407e3283048ec7b90819e26,30.000181,included,
2534,GTZAN,pop,Pop,7,pop\pop.00088.wav,C:\Genrogram\data\gtzan\genres\pop\pop.00088.wav,7ba7fb7bdf9a4bc19f9b997550b8c0a1948c86498c71548452d560311e34d091,30.000181,included,
2535,GTZAN,pop,Pop,7,pop\pop.00088.wav,C:\Genrogram\data\gtzan\genres\pop\pop.00088.wav,7ba7fb7bdf9a4bc19f9b997550b8c0a1948c86498c71548452d560311e34d091,30.000181,included,
2536,GTZAN,pop,Pop,7,pop\pop.00089.wav,C:\Genrogram\data\gtzan\genres\pop\pop.00089.wav,ef43c11c5f183e71b0806a1e74424682ea6811bac51074e21cc5f241b26c54dd,30.000181,included,
2537,GTZAN,pop,Pop,7,pop\pop.00089.wav,C:\Genrogram\data\gtzan\genres\pop\pop.00089.wav,ef43c11c5f183e71b0806a1e74424682ea6811bac51074e21cc5f241b26c54dd,30.000181,included,
2538,GTZAN,pop,Pop,7,pop\pop.00090.wav,C:\Genrogram\data\gtzan\genres\pop\pop.00090.wav,fb26a0e0f6f578c2d3d57cde1d1068f5a3aeb13dadc7e56c23ba7c074ea4cb15,30.000181,included,
2539,GTZAN,pop,Pop,7,pop\pop.00090.wav,C:\Genrogram\data\gtzan\genres\pop\pop.00090.wav,fb26a0e0f6f578c2d3d57cde1d1068f5a3aeb13dadc7e56c23ba7c074ea4cb15,30.000181,included,
2540,GTZAN,pop,Pop,7,pop\pop.00091.wav,C:\Genrogram\data\gtzan\genres\pop\pop.00091.wav,444cd511ad2c054a39788387bfc071d3430459d9d637e257dc93e0c58d73a152,30.000181,included,
2541,GTZAN,pop,Pop,7,pop\pop.00091.wav,C:\Genrogram\data\gtzan\genres\pop\pop.00091.wav,444cd511ad2c054a39788387bfc071d3430459d9d637e257dc93e0c58d73a152,30.000181,included,
2542,GTZAN,pop,Pop,7,pop\pop.00092.wav,C:\Genrogram\data\gtzan\genres\pop\pop.00092.wav,b49d2951f1b0297755a628c13f639b47cd00abbf64b49974790f37f451e2576e,30.000181,included,
2543,GTZAN,pop,Pop,7,pop\pop.00092.wav,C:\Genrogram\data\gtzan\genres\pop\pop.00092.wav,b49d2951f1b0297755a628c13f639b47cd00abbf64b49974790f37f451e2576e,30.000181,included,
2544,GTZAN,pop,Pop,7,pop\pop.00093.wav,C:\Genrogram\data\gtzan\genres\pop\pop.00093.wav,c889772841e52a988c1aea1d55b9f8d21969b7d5b3d2168203ef148c54ec6e64,30.000181,included,
2545,GTZAN,pop,Pop,7,pop\pop.00093.wav,C:\Genrogram\data\gtzan\genres\pop\pop.00093.wav,c889772841e52a988c1aea1d55b9f8d21969b7d5b3d2168203ef148c54ec6e64,30.000181,included,
2546,GTZAN,pop,Pop,7,pop\pop.00094.wav,C:\Genrogram\data\gtzan\genres\pop\pop.00094.wav,3b04fc1396c89181ee2e5b3e30b389c651728deb527f69a0cfc27dc8e15845b1,30.000181,included,
2547,GTZAN,pop,Pop,7,pop\pop.00094.wav,C:\Genrogram\data\gtzan\genres\pop\pop.00094.wav,3b04fc1396c89181ee2e5b3e30b389c651728deb527f69a0cfc27dc8e15845b1,30.000181,included,
2548,GTZAN,pop,Pop,7,pop\pop.00095.wav,C:\Genrogram\data\gtzan\genres\pop\pop.00095.wav,1363a5943963b7459cdab3401874d2a4d8d74beb66e8832eb048c85486e8c699,30.000181,included,
2549,GTZAN,pop,Pop,7,pop\pop.00095.wav,C:\Genrogram\data\gtzan\genres\pop\pop.00095.wav,1363a5943963b7459cdab3401874d2a4d8d74beb66e8832eb048c85486e8c699,30.000181,included,
2550,GTZAN,pop,Pop,7,pop\pop.00096.wav,C:\Genrogram\data\gtzan\genres\pop\pop.00096.wav,869c1382b41b8e4688fa3816fabb0a4404106e16e43647a952814cee984eb9ad,30.000181,included,
2551,GTZAN,pop,Pop,7,pop\pop.00096.wav,C:\Genrogram\data\gtzan\genres\pop\pop.00096.wav,869c1382b41b8e4688fa3816fabb0a4404106e16e43647a952814cee984eb9ad,30.000181,included,
2552,GTZAN,pop,Pop,7,pop\pop.00097.wav,C:\Genrogram\data\gtzan\genres\pop\pop.00097.wav,d460f354fc6e473348777b34a0b4ecd13d591aa9818ef681386dd9ea2c96f88d,30.000181,included,
2553,GTZAN,pop,Pop,7,pop\pop.00097.wav,C:\Genrogram\data\gtzan\genres\pop\pop.00097.wav,d460f354fc6e473348777b34a0b4ecd13d591aa9818ef681386dd9ea2c96f88d,30.000181,included,
2554,GTZAN,pop,Pop,7,pop\pop.00098.wav,C:\Genrogram\data\gtzan\genres\pop\pop.00098.wav,2a9d6014201dec85f0948ca7b763dbaa26e092f7c23901716ed3913622acc944,30.000181,included,
2555,GTZAN,pop,Pop,7,pop\pop.00098.wav,C:\Genrogram\data\gtzan\genres\pop\pop.00098.wav,2a9d6014201dec85f0948ca7b763dbaa26e092f7c23901716ed3913622acc944,30.000181,included,
2556,GTZAN,pop,Pop,7,pop\pop.00099.wav,C:\Genrogram\data\gtzan\genres\pop\pop.00099.wav,a01d923fdb301898d627871d988daac5d24f28cacddb8ea196b5c88e99dc7a84,30.000181,included,
2557,GTZAN,pop,Pop,7,pop\pop.00099.wav,C:\Genrogram\data\gtzan\genres\pop\pop.00099.wav,a01d923fdb301898d627871d988daac5d24f28cacddb8ea196b5c88e99dc7a84,30.000181,included,
2558,Navrasa,Punjabi_Pop,Punjabi Pop,19,Punjabi_Pop\India\Punjabi_Pop\AKSH_MUSIC_-_Nonstop_Punjabi_Mashup_2025_Shubh_ft_Sonam_Bajwa_Ap_Dhillon_Nonstop_Jukebox_2025_AKSH_Music.wav,C:\Genrogram\data\expanded_raw\Punjabi_Pop\India\Punjabi_Pop\AKSH_MUSIC_-_Nonstop_Punjabi_Mashup_2025_Shubh_ft_Sonam_Bajwa_Ap_Dhillon_Nonstop_Jukebox_2025_AKSH_Music.wav,caff9f2167abc5ad0ebca882e05ad694bf7ba7de1d9cb5aae36cd2ad5b16e015,30.000000,included,
2559,Navrasa,Punjabi_Pop,Punjabi Pop,19,Punjabi_Pop\India\Punjabi_Pop\Amrit_Maan_-_PAID_OFF.wav,C:\Genrogram\data\expanded_raw\Punjabi_Pop\India\Punjabi_Pop\Amrit_Maan_-_PAID_OFF.wav,b280b3e4c2a629d1ab1a7a8f57e3efb7e63c0873fbfc7cd9fba99a62e38eda90,30.000000,included,
2560,Navrasa,Punjabi_Pop,Punjabi Pop,19,Punjabi_Pop\India\Punjabi_Pop\Amrit_Maan_-_Trending_Nakhra.wav,C:\Genrogram\data\expanded_raw\Punjabi_Pop\India\Punjabi_Pop\Amrit_Maan_-_Trending_Nakhra.wav,ec058c38491e2957ad95abfd542204d70bdde95e67d395ae5a09316397f13a9a,30.000000,included,
2561,Navrasa,Punjabi_Pop,Punjabi Pop,19,Punjabi_Pop\India\Punjabi_Pop\Audio_for_Fingerprint_-_Na_Ja.wav,C:\Genrogram\data\expanded_raw\Punjabi_Pop\India\Punjabi_Pop\Audio_for_Fingerprint_-_Na_Ja.wav,5d5605dd3f62431fdceee1264710b3141c453c4ad80781c48f7a521efc83bfbf,30.000000,included,
2562,Navrasa,Punjabi_Pop,Punjabi Pop,19,Punjabi_Pop\India\Punjabi_Pop\B2_Muzik_-_Punjabi_old_DJ_songsPunjabi_songsPunjabi_DJ_SongsPunjabi_GanePunjabi_old_songs_hit_collection.wav,C:\Genrogram\data\expanded_raw\Punjabi_Pop\India\Punjabi_Pop\B2_Muzik_-_Punjabi_old_DJ_songsPunjabi_songsPunjabi_DJ_SongsPunjabi_GanePunjabi_old_songs_hit_collection.wav,1f265b456960890cbbd8e4dd0a6898ed461986bb7c58262c05144b1ee1685612,30.000000,included,
2563,Navrasa,Punjabi_Pop,Punjabi Pop,19,Punjabi_Pop\India\Punjabi_Pop\BOLLYWOOD_HINDI_SONGS_-_PUNJABI_MASHUP_2024_Top_Hits_Punjabi_Remix_Songs_2024_Punjabi_Nonstop_Remix_Mashup_Songs_2024.wav,C:\Genrogram\data\expanded_raw\Punjabi_Pop\India\Punjabi_Pop\BOLLYWOOD_HINDI_SONGS_-_PUNJABI_MASHUP_2024_Top_Hits_Punjabi_Remix_Songs_2024_Punjabi_Nonstop_Remix_Mashup_Songs_2024.wav,9a39ba2b3d44e68454be55bc76645aa3e65cbaa0fbaaef32be53fb528cb891e5,30.000000,included,
2564,Navrasa,Punjabi_Pop,Punjabi Pop,19,Punjabi_Pop\India\Punjabi_Pop\BOLLYWOOD_HINDI_SONGS_-_PUNJABI_MASHUP_2025_Top_Hits_Punjabi_Remix_Songs_2025_Punjabi_Nonstop_Remix_Mashup_Songs_2025.wav,C:\Genrogram\data\expanded_raw\Punjabi_Pop\India\Punjabi_Pop\BOLLYWOOD_HINDI_SONGS_-_PUNJABI_MASHUP_2025_Top_Hits_Punjabi_Remix_Songs_2025_Punjabi_Nonstop_Remix_Mashup_Songs_2025.wav,ea2f357b39c4a9b84bd872f40980f77c1ff377981a40dc748dfd623e553c40f3,30.000000,included,
2565,Navrasa,Punjabi_Pop,Punjabi Pop,19,Punjabi_Pop\India\Punjabi_Pop\Being_Punjabi_-_Punjabi_Mashup_DJ_Hans_Non_Stop_Bhangra_Songs_Latest_Punjabi_Songs_New_Bhangra_Mashup.wav,C:\Genrogram\data\expanded_raw\Punjabi_Pop\India\Punjabi_Pop\Being_Punjabi_-_Punjabi_Mashup_DJ_Hans_Non_Stop_Bhangra_Songs_Latest_Punjabi_Songs_New_Bhangra_Mashup.wav,e3a29f3953186e0e21d1316a8daf248e597d750502ef71b6c26d319f9321e262,30.000000,included,
2566,Navrasa,Punjabi_Pop,Punjabi Pop,19,Punjabi_Pop\India\Punjabi_Pop\Bhangra_Vibes_-_PATIALA_PEG_DILJIT_DOSANJH_HD_VIdeo_Diljott_Latest_Punjabi_Songs_2023_Punjabi_Songs_2023.wav,C:\Genrogram\data\expanded_raw\Punjabi_Pop\India\Punjabi_Pop\Bhangra_Vibes_-_PATIALA_PEG_DILJIT_DOSANJH_HD_VIdeo_Diljott_Latest_Punjabi_Songs_2023_Punjabi_Songs_2023.wav,c503897d176fa9b34a84967dd97347f26317d328fbadfa2c1df1489db2396e0b,30.000000,included,
2567,Navrasa,Punjabi_Pop,Punjabi Pop,19,Punjabi_Pop\India\Punjabi_Pop\Chakde_Punjab_Music_-_Surjit_Bhullar_New_Punjabi_Songs_New_Punjabi_Jukebox_2026_Best_Of_Surjit_Bhullar_Hit_Song.wav,C:\Genrogram\data\expanded_raw\Punjabi_Pop\India\Punjabi_Pop\Chakde_Punjab_Music_-_Surjit_Bhullar_New_Punjabi_Songs_New_Punjabi_Jukebox_2026_Best_Of_Surjit_Bhullar_Hit_Song.wav,4b40b2536795d1e51869d4495438dfbaa4d0f54c8070a64c9a2e675a414f6b56,30.000000,included,
2568,Navrasa,Punjabi_Pop,Punjabi Pop,19,Punjabi_Pop\India\Punjabi_Pop\Cheema_Y_-_California_Love.wav,C:\Genrogram\data\expanded_raw\Punjabi_Pop\India\Punjabi_Pop\Cheema_Y_-_California_Love.wav,76e06ed1b4132bf030b26115fc147f9ccde2c36a82ef1529b9453876a604e404,30.000000,included,
2569,Navrasa,Punjabi_Pop,Punjabi Pop,19,Punjabi_Pop\India\Punjabi_Pop\Cheema_Y_-_Trump_feat_Gurlez_Akhtar.wav,C:\Genrogram\data\expanded_raw\Punjabi_Pop\India\Punjabi_Pop\Cheema_Y_-_Trump_feat_Gurlez_Akhtar.wav,45405a5114cc28f20c7825ccf166df1913d0900024169872a6595e74c7998ce3,30.000000,included,
2570,Navrasa,Punjabi_Pop,Punjabi Pop,19,Punjabi_Pop\India\Punjabi_Pop\Coke_Studio_India_-_Ki_Banu_Duniya_Da_Gurdas_Maan_feat_Diljit_Dosanjh_Jatinder_Shah_Coke_Studio_MTV_Season_4.wav,C:\Genrogram\data\expanded_raw\Punjabi_Pop\India\Punjabi_Pop\Coke_Studio_India_-_Ki_Banu_Duniya_Da_Gurdas_Maan_feat_Diljit_Dosanjh_Jatinder_Shah_Coke_Studio_MTV_Season_4.wav,0684b2586b27466134206a64bb9f4d41b42996fac94a11c96f43daab00fcae18,30.000000,included,
2571,Navrasa,Punjabi_Pop,Punjabi Pop,19,Punjabi_Pop\India\Punjabi_Pop\DJ_HARSH_SHARMA_-_30_Minutes_Punjabi_English_Bhangra_Nonstop_Mashups_For_Party_DJ_HARSH_SHARMA_SUNIX_THAKOR.wav,C:\Genrogram\data\expanded_raw\Punjabi_Pop\India\Punjabi_Pop\DJ_HARSH_SHARMA_-_30_Minutes_Punjabi_English_Bhangra_Nonstop_Mashups_For_Party_DJ_HARSH_SHARMA_SUNIX_THAKOR.wav,fd1985444e1d9b4796f5ec96ecf870048f8b0b9918d0cae3b6447dd1d89662fd,30.000000,included,
2572,Navrasa,Punjabi_Pop,Punjabi Pop,19,Punjabi_Pop\India\Punjabi_Pop\DJ_RAV_UK_-_Hindi_Punjabi_90s_Pop_Songs_Alisha_Chinai_Sukhbir_Stereo_Nation_Jazzy_B_Apache_Indian_Bally_Sagoo.wav,C:\Genrogram\data\expanded_raw\Punjabi_Pop\India\Punjabi_Pop\DJ_RAV_UK_-_Hindi_Punjabi_90s_Pop_Songs_Alisha_Chinai_Sukhbir_Stereo_Nation_Jazzy_B_Apache_Indian_Bally_Sagoo.wav,444177aa19011d067dc2fca546e61d67ff36bbe3f9f8e529845cf0069a4762ca,30.000000,included,
2573,Navrasa,Punjabi_Pop,Punjabi Pop,19,Punjabi_Pop\India\Punjabi_Pop\DJ_RAV_UK_-_PUNJABI_BHANGRA_OLD_SCHOOL_MIX_PUNJABI_OLD_SONGS_PUNJABI_RETRO_SONGS_PUNJABI_OLD_MASHUP.wav,C:\Genrogram\data\expanded_raw\Punjabi_Pop\India\Punjabi_Pop\DJ_RAV_UK_-_PUNJABI_BHANGRA_OLD_SCHOOL_MIX_PUNJABI_OLD_SONGS_PUNJABI_RETRO_SONGS_PUNJABI_OLD_MASHUP.wav,d4a718a4a3050ffad4ba78a30efa1834e3fd052df86b370277d8e74d375baf95,30.000000,included,
2574,Navrasa,Punjabi_Pop,Punjabi Pop,19,Punjabi_Pop\India\Punjabi_Pop\Deep_Bajwa_-_Lachi_Wargi_Naar_feat_Gurlez_Akhtar.wav,C:\Genrogram\data\expanded_raw\Punjabi_Pop\India\Punjabi_Pop\Deep_Bajwa_-_Lachi_Wargi_Naar_feat_Gurlez_Akhtar.wav,36463923766830238c16b446895243e068f551408e3b0f2d9901bdb5b49c5389,30.000000,included,
2575,Navrasa,Punjabi_Pop,Punjabi Pop,19,Punjabi_Pop\India\Punjabi_Pop\Diljit_Dosanjh_-_Born_to_Shine.wav,C:\Genrogram\data\expanded_raw\Punjabi_Pop\India\Punjabi_Pop\Diljit_Dosanjh_-_Born_to_Shine.wav,6bf9e1ec7693649bc704e69b141100f06812ddaf9b6bfbe8378a168e1bd1e8e3,30.000000,included,
2576,Navrasa,Punjabi_Pop,Punjabi Pop,19,Punjabi_Pop\India\Punjabi_Pop\Diljit_Dosanjh_-_GOAT.wav,C:\Genrogram\data\expanded_raw\Punjabi_Pop\India\Punjabi_Pop\Diljit_Dosanjh_-_GOAT.wav,97de6769f7e8c643566806c906cce4cbbe6c999b6d3f2e2da7311e652ea20b5b,30.000000,included,
2577,Navrasa,Punjabi_Pop,Punjabi Pop,19,Punjabi_Pop\India\Punjabi_Pop\Diljit_Dosanjh_-_Lehnga.wav,C:\Genrogram\data\expanded_raw\Punjabi_Pop\India\Punjabi_Pop\Diljit_Dosanjh_-_Lehnga.wav,5050655522b624f00d8aa9b9114881ec3e16267add9fa684528cfec3ef2c15d0,30.000000,included,
2578,Navrasa,Punjabi_Pop,Punjabi Pop,19,Punjabi_Pop\India\Punjabi_Pop\Dj_kunal_India_-_Best_Punjabi_Singer_Daler_Mehndi_Sukhbir_Indian_Wedding_Nonstop_Dance_Mix_By_Dj_Kunal.wav,C:\Genrogram\data\expanded_raw\Punjabi_Pop\India\Punjabi_Pop\Dj_kunal_India_-_Best_Punjabi_Singer_Daler_Mehndi_Sukhbir_Indian_Wedding_Nonstop_Dance_Mix_By_Dj_Kunal.wav,c02dec0dff0cf712cb9d0f0125f2bf59d3534fc37c8709aa3a7a0a57b8524662,30.000000,included,
2579,Navrasa,Punjabi_Pop,Punjabi Pop,19,Punjabi_Pop\India\Punjabi_Pop\Dj_kunal_India_-_NON_STOP_PUNJABI_HITS_SONGS_MIX_DJ_KUNAL.wav,C:\Genrogram\data\expanded_raw\Punjabi_Pop\India\Punjabi_Pop\Dj_kunal_India_-_NON_STOP_PUNJABI_HITS_SONGS_MIX_DJ_KUNAL.wav,51e169714852e9b9534d5265994b8cc330dc898c471f647b040a65bfe0437bb7,30.000000,included,
2580,Navrasa,Punjabi_Pop,Punjabi Pop,19,Punjabi_Pop\India\Punjabi_Pop\Eagle_Music_-_BANGGTOWN_Kuwar_Virk_Ft_Ikka_Latest_Punjabi_Songs_2018_Eagle_Music.wav,C:\Genrogram\data\expanded_raw\Punjabi_Pop\India\Punjabi_Pop\Eagle_Music_-_BANGGTOWN_Kuwar_Virk_Ft_Ikka_Latest_Punjabi_Songs_2018_Eagle_Music.wav,bcf2e714555733ca195c8d331ceb32785a6fc30e143200c9514d0d04c0969b47,30.000000,included,
2581,Navrasa,Punjabi_Pop,Punjabi Pop,19,Punjabi_Pop\India\Punjabi_Pop\Garry_Sandhu_-_Illegal_Weapon.wav,C:\Genrogram\data\expanded_raw\Punjabi_Pop\India\Punjabi_Pop\Garry_Sandhu_-_Illegal_Weapon.wav,c5eb5fe90d79c8b1abe7fa02caa83f5fadd915b64d05bda07b4cb5d71315c7cf,30.000000,included,
2582,Navrasa,Punjabi_Pop,Punjabi Pop,19,Punjabi_Pop\India\Punjabi_Pop\Garry_Sandhu_-_Lucky.wav,C:\Genrogram\data\expanded_raw\Punjabi_Pop\India\Punjabi_Pop\Garry_Sandhu_-_Lucky.wav,8532fdd0a3af9f7456e88eee79f362cd5a44c730902bc0a95e938027a3e45381,30.000000,included,
2583,Navrasa,Punjabi_Pop,Punjabi Pop,19,Punjabi_Pop\India\Punjabi_Pop\Garry_Sandhu_-_Minna_Minna.wav,C:\Genrogram\data\expanded_raw\Punjabi_Pop\India\Punjabi_Pop\Garry_Sandhu_-_Minna_Minna.wav,b58c0601a8bf674019744a89f9f7ff711166300e64357907c4330739bed9dd34,30.000000,included,
2584,Navrasa,Punjabi_Pop,Punjabi Pop,19,Punjabi_Pop\India\Punjabi_Pop\Gur_Sidhu_-_8_Parche.wav,C:\Genrogram\data\expanded_raw\Punjabi_Pop\India\Punjabi_Pop\Gur_Sidhu_-_8_Parche.wav,1679d57226cd70a64a11bededaaa7b57668acf6ac5995a8faf58d1ed847424a4,30.000000,included,
2585,Navrasa,Punjabi_Pop,Punjabi Pop,19,Punjabi_Pop\India\Punjabi_Pop\Gur_Sidhu_-_Business.wav,C:\Genrogram\data\expanded_raw\Punjabi_Pop\India\Punjabi_Pop\Gur_Sidhu_-_Business.wav,094a162db14447380531e68b81f8068ee2fe895c8ab49a445c155f758d106313,30.000000,included,
2586,Navrasa,Punjabi_Pop,Punjabi Pop,19,Punjabi_Pop\India\Punjabi_Pop\Gur_Sidhu_-_Talja_feat_Deepak_Dhillon.wav,C:\Genrogram\data\expanded_raw\Punjabi_Pop\India\Punjabi_Pop\Gur_Sidhu_-_Talja_feat_Deepak_Dhillon.wav,11164cc23f997b51b00e3df1a5a0ba3c09f4027313e3fac00738bc05418d1312,30.000000,included,
2587,Navrasa,Punjabi_Pop,Punjabi Pop,19,Punjabi_Pop\India\Punjabi_Pop\Gurlez_Akhtar_-_Best_Of_Gurlez_Akhtar_Karan_Aujla_Sabba_Latest_Punjabi_Songs_2025_New_Punjabi_Song_2025.wav,C:\Genrogram\data\expanded_raw\Punjabi_Pop\India\Punjabi_Pop\Gurlez_Akhtar_-_Best_Of_Gurlez_Akhtar_Karan_Aujla_Sabba_Latest_Punjabi_Songs_2025_New_Punjabi_Song_2025.wav,32709ff3e127cd0bf3d461871a7f47ed52019cf70692e796c72dc61ddd8a08c8,30.000000,included,
2588,Navrasa,Punjabi_Pop,Punjabi Pop,19,Punjabi_Pop\India\Punjabi_Pop\Guru_Geet_Tracks_-_GARRY_SANDHU_JUKEBOX_Soulful_Voice_Special_Punjabi_Love_Songs_Guru_Geet_Tracks.wav,C:\Genrogram\data\expanded_raw\Punjabi_Pop\India\Punjabi_Pop\Guru_Geet_Tracks_-_GARRY_SANDHU_JUKEBOX_Soulful_Voice_Special_Punjabi_Love_Songs_Guru_Geet_Tracks.wav,299579968f950a97787dcce0019d0230b8d5c272c07b309731ade825b8b5d842,30.000000,included,
2589,Navrasa,Punjabi_Pop,Punjabi Pop,19,Punjabi_Pop\India\Punjabi_Pop\Guru_Randhawa_-_Bollywood_Punjabi_Chartbusters_Video_Jukebox_Diwali_Party_Songs_Latest_Hindi_Party_Songs.wav,C:\Genrogram\data\expanded_raw\Punjabi_Pop\India\Punjabi_Pop\Guru_Randhawa_-_Bollywood_Punjabi_Chartbusters_Video_Jukebox_Diwali_Party_Songs_Latest_Hindi_Party_Songs.wav,d12c34add8c0aa9d738441f81d5a9845671bd974d52f4ecb14ef1c7f93c9f807,30.000000,included,
2590,Navrasa,Punjabi_Pop,Punjabi Pop,19,Punjabi_Pop\India\Punjabi_Pop\HS_MUSIC_-_Sultaan_all_songs_Best_of_sultaan_new_punjabi_songs_latest_punjabi_songs.wav,C:\Genrogram\data\expanded_raw\Punjabi_Pop\India\Punjabi_Pop\HS_MUSIC_-_Sultaan_all_songs_Best_of_sultaan_new_punjabi_songs_latest_punjabi_songs.wav,50f703569422ba4815a36bfd1032be62ba7c97c591faeb1ccde063c5627b0b83,30.000000,included,
2591,Navrasa,Punjabi_Pop,Punjabi Pop,19,Punjabi_Pop\India\Punjabi_Pop\Hans_Raj_Hans_-_Hans_Raj_Hans_Chorni_Full_Album_Jukebox_Punjabi_Audio_Songs_T_Series_Apna_Punjab.wav,C:\Genrogram\data\expanded_raw\Punjabi_Pop\India\Punjabi_Pop\Hans_Raj_Hans_-_Hans_Raj_Hans_Chorni_Full_Album_Jukebox_Punjabi_Audio_Songs_T_Series_Apna_Punjab.wav,a91484ece078085281bf99d4c98906e5fd7f31c90c5e681e0dc924fe3f9e080b,30.000000,included,
2592,Navrasa,Punjabi_Pop,Punjabi Pop,19,Punjabi_Pop\India\Punjabi_Pop\Harf_Cheema_-_Jattwaad_Harf_Cheema_Gurlez_Akhtar_Official_Song_Punjabi_Songs_GK_Digital_Geet_MP3.wav,C:\Genrogram\data\expanded_raw\Punjabi_Pop\India\Punjabi_Pop\Harf_Cheema_-_Jattwaad_Harf_Cheema_Gurlez_Akhtar_Official_Song_Punjabi_Songs_GK_Digital_Geet_MP3.wav,ab793eb11f01be4c5ad35bc0e7dd55a949a94e9582b7f60b77ea7ba1596ef0ba,30.000000,included,
2593,Navrasa,Punjabi_Pop,Punjabi Pop,19,Punjabi_Pop\India\Punjabi_Pop\Haryanvi_music_-_SNAKE_Official_Music_Video_Cheema_Y_Gur_Sidhu_New_Punjabi_Song_latest_2025.wav,C:\Genrogram\data\expanded_raw\Punjabi_Pop\India\Punjabi_Pop\Haryanvi_music_-_SNAKE_Official_Music_Video_Cheema_Y_Gur_Sidhu_New_Punjabi_Song_latest_2025.wav,c6cfdb17899283cdf3dbff6ee4b95de1f2e4606cca85e4603f777012b7a80a40,30.000000,included,
2594,Navrasa,Punjabi_Pop,Punjabi Pop,19,Punjabi_Pop\India\Punjabi_Pop\J_STAR_Productions_-_J_STAR_HULARA_Full_Official_Music_Video_Blockbuster_Punjabi_Song_2014.wav,C:\Genrogram\data\expanded_raw\Punjabi_Pop\India\Punjabi_Pop\J_STAR_Productions_-_J_STAR_HULARA_Full_Official_Music_Video_Blockbuster_Punjabi_Song_2014.wav,5659b793969bbf1c3df2bb80c5650a01c09cb1a588c806d34cb3e765120273b0,30.000000,included,
2595,Navrasa,Punjabi_Pop,Punjabi Pop,19,Punjabi_Pop\India\Punjabi_Pop\Jaani_-_Kya_Baat_Ay.wav,C:\Genrogram\data\expanded_raw\Punjabi_Pop\India\Punjabi_Pop\Jaani_-_Kya_Baat_Ay.wav,94fa474730acb75cad684fcbe5ba9ac0df168f837968be6216384a0dbfb90335,30.000000,included,
2596,Navrasa,Punjabi_Pop,Punjabi Pop,19,Punjabi_Pop\India\Punjabi_Pop\Jass_Manak_-_Prada_Jass_Manak_Official_Video_Satti_Dhillon_Romantic_Song_GK_Digital_Geet_MP3.wav,C:\Genrogram\data\expanded_raw\Punjabi_Pop\India\Punjabi_Pop\Jass_Manak_-_Prada_Jass_Manak_Official_Video_Satti_Dhillon_Romantic_Song_GK_Digital_Geet_MP3.wav,b3800f567b70f6488970659cf0d2c4878478a202aaaa2ea92d71c4267cab8dd5,30.000000,included,
2597,Navrasa,Punjabi_Pop,Punjabi Pop,19,Punjabi_Pop\India\Punjabi_Pop\Jass_Records_-_Struggler_Full_HD_R_Nait_Laddi_Gill_Tru_Makers_Punjabi_Songs2019_Jass_Records.wav,C:\Genrogram\data\expanded_raw\Punjabi_Pop\India\Punjabi_Pop\Jass_Records_-_Struggler_Full_HD_R_Nait_Laddi_Gill_Tru_Makers_Punjabi_Songs2019_Jass_Records.wav,8f4f29ef212da5e23ad04f04c13f9469f0c0b51917587e31bfb9cceba54e2c35,30.000000,included,
2598,Navrasa,Punjabi_Pop,Punjabi Pop,19,Punjabi_Pop\India\Punjabi_Pop\Jatt_Life_Studios_-_Distance_Love_Zehr_Vibe_Yaari_Ghuman_Punjabi_Song_2021.wav,C:\Genrogram\data\expanded_raw\Punjabi_Pop\India\Punjabi_Pop\Jatt_Life_Studios_-_Distance_Love_Zehr_Vibe_Yaari_Ghuman_Punjabi_Song_2021.wav,81f4b2bd77f70eccfd305c38c706b0bf5c4f5143855b7159de404f846642d770,30.000000,included,
2599,Navrasa,Punjabi_Pop,Punjabi Pop,19,Punjabi_Pop\India\Punjabi_Pop\Jazzy_B_-_SOORMA_Jazzy_B_Sukshinder_Shinda_Punjabi_Pop_Songs_Romeo_90s_Punjabi_Hit_Songs.wav,C:\Genrogram\data\expanded_raw\Punjabi_Pop\India\Punjabi_Pop\Jazzy_B_-_SOORMA_Jazzy_B_Sukshinder_Shinda_Punjabi_Pop_Songs_Romeo_90s_Punjabi_Hit_Songs.wav,bc214a5ef29768a041b738809040ced023430a1233b583cc2c96519f26c6219e,30.000000,included,
2600,Navrasa,Punjabi_Pop,Punjabi Pop,19,Punjabi_Pop\India\Punjabi_Pop\Jorge_Gill_-_Kyon_Tadfave_Ni.wav,C:\Genrogram\data\expanded_raw\Punjabi_Pop\India\Punjabi_Pop\Jorge_Gill_-_Kyon_Tadfave_Ni.wav,7c85ec8e5b8192965e2895c1f896313522be65c87e90ba57e4a0a773ea2867f0,30.000000,included,
2601,Navrasa,Punjabi_Pop,Punjabi Pop,19,Punjabi_Pop\India\Punjabi_Pop\Karan_Aujla_-_At_Peace.wav,C:\Genrogram\data\expanded_raw\Punjabi_Pop\India\Punjabi_Pop\Karan_Aujla_-_At_Peace.wav,4e3b2ede2056d1c1bcdddba02cda9e6dc09c94b175536c6b21bef71c75493bbc,30.000000,included,
2602,Navrasa,Punjabi_Pop,Punjabi Pop,19,Punjabi_Pop\India\Punjabi_Pop\Karan_Aujla_-_Boyfriend.wav,C:\Genrogram\data\expanded_raw\Punjabi_Pop\India\Punjabi_Pop\Karan_Aujla_-_Boyfriend.wav,6671314d9dc792362217e69290510cdb8be4994aae504576bee8cead64090bce,30.000000,included,
2603,Navrasa,Punjabi_Pop,Punjabi Pop,19,Punjabi_Pop\India\Punjabi_Pop\Karan_Aujla_-_COURTSIDE.wav,C:\Genrogram\data\expanded_raw\Punjabi_Pop\India\Punjabi_Pop\Karan_Aujla_-_COURTSIDE.wav,737bce9c3c3f799be10b26205eaeeaf68727f5084cc4b607c772bde3027278cd,30.000000,included,
2604,Navrasa,Punjabi_Pop,Punjabi Pop,19,Punjabi_Pop\India\Punjabi_Pop\Karan_Aujla_-_For_A_Reason.wav,C:\Genrogram\data\expanded_raw\Punjabi_Pop\India\Punjabi_Pop\Karan_Aujla_-_For_A_Reason.wav,ea86a93f8175bf882c4601a9481ccc034b8f8ca82aa5dc951f6381dbd665ac38,30.000000,included,
2605,Navrasa,Punjabi_Pop,Punjabi Pop,19,Punjabi_Pop\India\Punjabi_Pop\Karan_Aujla_-_MF_Gabhru.wav,C:\Genrogram\data\expanded_raw\Punjabi_Pop\India\Punjabi_Pop\Karan_Aujla_-_MF_Gabhru.wav,bffcb700413f5e31191e868c74696a23ebc137a4ec326f7758e104e45e4deb59,30.000000,included,
2606,Navrasa,Punjabi_Pop,Punjabi Pop,19,Punjabi_Pop\India\Punjabi_Pop\Karan_Aujla_-_Softly.wav,C:\Genrogram\data\expanded_raw\Punjabi_Pop\India\Punjabi_Pop\Karan_Aujla_-_Softly.wav,bb07e72da46a4d71e1ff67e2aac36481c12558c448bfb16d9369175a3814097c,30.000000,included,
2607,Navrasa,Punjabi_Pop,Punjabi Pop,19,Punjabi_Pop\India\Punjabi_Pop\Karan_Aujla_-_Wavy.wav,C:\Genrogram\data\expanded_raw\Punjabi_Pop\India\Punjabi_Pop\Karan_Aujla_-_Wavy.wav,98d38d0fb9a1b0c2a5265ff79bc916581960b78724b1ceff3cdb240ae173af33,30.000000,included,
2608,Navrasa,Punjabi_Pop,Punjabi Pop,19,Punjabi_Pop\India\Punjabi_Pop\Khan_Bhaini_-_Past_Present_Future.wav,C:\Genrogram\data\expanded_raw\Punjabi_Pop\India\Punjabi_Pop\Khan_Bhaini_-_Past_Present_Future.wav,c92b70eb0d752bdcc318536ece43a450f99c8f186d6ccd7764558bc9471099f2,30.000000,included,
2609,Navrasa,Punjabi_Pop,Punjabi Pop,19,Punjabi_Pop\India\Punjabi_Pop\Kulwinder_Billa_-_Time_Table.wav,C:\Genrogram\data\expanded_raw\Punjabi_Pop\India\Punjabi_Pop\Kulwinder_Billa_-_Time_Table.wav,354c7db4374f5c5b05f72d8124aa7e68b3014af841a33ecfdd71a71e195e1835,30.000000,included,
2610,Navrasa,Punjabi_Pop,Punjabi Pop,19,Punjabi_Pop\India\Punjabi_Pop\Kulwinder_Billa_-_Time_Table_2.wav,C:\Genrogram\data\expanded_raw\Punjabi_Pop\India\Punjabi_Pop\Kulwinder_Billa_-_Time_Table_2.wav,12f2edff5500a31d7159be9ba40f37c4edbf8f0b41e4eab9b89074e82baea594,30.000000,included,
2611,Navrasa,Punjabi_Pop,Punjabi Pop,19,Punjabi_Pop\India\Punjabi_Pop\Mannat_Noor_-_Laung_Laachi_Title_Track.wav,C:\Genrogram\data\expanded_raw\Punjabi_Pop\India\Punjabi_Pop\Mannat_Noor_-_Laung_Laachi_Title_Track.wav,f349749f1b18f619528b40c1eccf449e49953edd415eef2606fe426458b09fc8,30.000000,included,
2612,Navrasa,Punjabi_Pop,Punjabi Pop,19,Punjabi_Pop\India\Punjabi_Pop\Masterpiece_A_Man_-_AP_Dhillon_All_Hit_Songs_Punjabi_Hit_Songs_AP_Dhillon_All_Love_Songs_MasterpieceAMan.wav,C:\Genrogram\data\expanded_raw\Punjabi_Pop\India\Punjabi_Pop\Masterpiece_A_Man_-_AP_Dhillon_All_Hit_Songs_Punjabi_Hit_Songs_AP_Dhillon_All_Love_Songs_MasterpieceAMan.wav,03058124bb2f0be78e5b82101825538288c389ccdb7377938ceb7d1dee72b259,30.000000,included,
2613,Navrasa,Punjabi_Pop,Punjabi Pop,19,Punjabi_Pop\India\Punjabi_Pop\Masterpiece_A_Man_-_Diljit_Dosanjh_Hit_Songs_Playlist_Punjabi_Hit_Songs_Best_Of_Diljit_Dosanjh_Songs_punjabisong.wav,C:\Genrogram\data\expanded_raw\Punjabi_Pop\India\Punjabi_Pop\Masterpiece_A_Man_-_Diljit_Dosanjh_Hit_Songs_Playlist_Punjabi_Hit_Songs_Best_Of_Diljit_Dosanjh_Songs_punjabisong.wav,e4f7b38b3f16e171cbc1f1ac38916b37aa1024410051e600897b88e3f0647a11,30.000000,included,
2614,Navrasa,Punjabi_Pop,Punjabi Pop,19,Punjabi_Pop\India\Punjabi_Pop\Masterpiece_A_Man_-_Gurlez_Akhtar_Top_Songs_New_Punjabi_Song_Gurlez_Akhtar_All_Songs_MasterpieceAMan.wav,C:\Genrogram\data\expanded_raw\Punjabi_Pop\India\Punjabi_Pop\Masterpiece_A_Man_-_Gurlez_Akhtar_Top_Songs_New_Punjabi_Song_Gurlez_Akhtar_All_Songs_MasterpieceAMan.wav,b00d6ad4fe89f0061d6d48d1d86b57a13c645d12597d62d743cc077c32847070,30.000000,included,
2615,Navrasa,Punjabi_Pop,Punjabi Pop,19,Punjabi_Pop\India\Punjabi_Pop\Mavi_Singh_-_Wanted.wav,C:\Genrogram\data\expanded_raw\Punjabi_Pop\India\Punjabi_Pop\Mavi_Singh_-_Wanted.wav,599ced94e6952c2d351ba281dd7d85614f4c955f6e31dbc2c5f2c0a5e716854d,30.000000,included,
2616,Navrasa,Punjabi_Pop,Punjabi Pop,19,Punjabi_Pop\India\Punjabi_Pop\Music_Station_-_20_Minutes_10_Best_Punjabi_Songs_2018.wav,C:\Genrogram\data\expanded_raw\Punjabi_Pop\India\Punjabi_Pop\Music_Station_-_20_Minutes_10_Best_Punjabi_Songs_2018.wav,d45e80a20f5ae086a92076cb46d392156df500223e2c4036b13f87aca8895799,30.000000,included,
2617,Navrasa,Punjabi_Pop,Punjabi Pop,19,Punjabi_Pop\India\Punjabi_Pop\Navv_Inder_-_Wakhra_Swag_feat_Badshah.wav,C:\Genrogram\data\expanded_raw\Punjabi_Pop\India\Punjabi_Pop\Navv_Inder_-_Wakhra_Swag_feat_Badshah.wav,14accee869ca14a2b2a2755158dc9761ba08b6ad9d840d98bace5631b926d113,30.000000,included,
2618,Navrasa,Punjabi_Pop,Punjabi Pop,19,Punjabi_Pop\India\Punjabi_Pop\Nishawn_Bhullar_-_Telephone.wav,C:\Genrogram\data\expanded_raw\Punjabi_Pop\India\Punjabi_Pop\Nishawn_Bhullar_-_Telephone.wav,f4b997412b9034096cae2fdc7aa1b20f2136c61caeef6b40c55d0380fd9cb4c7,30.000000,included,
2619,Navrasa,Punjabi_Pop,Punjabi Pop,19,Punjabi_Pop\India\Punjabi_Pop\Punjabi_Dhunn_-_Gurnam_Bhullar_All_Hit_Songs_GURNAM_BHULLAR_ALL_SONGS_Punjabi_Jukebox_2022_Punjabi_Hit_Song.wav,C:\Genrogram\data\expanded_raw\Punjabi_Pop\India\Punjabi_Pop\Punjabi_Dhunn_-_Gurnam_Bhullar_All_Hit_Songs_GURNAM_BHULLAR_ALL_SONGS_Punjabi_Jukebox_2022_Punjabi_Hit_Song.wav,9543a98a4d22997f8fd118aac178b9f6cf16dac59ebe68daa483802839ca5bae,30.000000,included,
2620,Navrasa,Punjabi_Pop,Punjabi Pop,19,Punjabi_Pop\India\Punjabi_Pop\Punjabi_Trendz_-_Mankirt_Aulakh_All_Song_2022_New_Punjabi_Song_2023Best_Songs_Mankirt_Aulakh_punjabitrendz.wav,C:\Genrogram\data\expanded_raw\Punjabi_Pop\India\Punjabi_Pop\Punjabi_Trendz_-_Mankirt_Aulakh_All_Song_2022_New_Punjabi_Song_2023Best_Songs_Mankirt_Aulakh_punjabitrendz.wav,4feef1c206547d6ef677f8f82de4ea9de29c9d9b31f770aae39d491bbfe57ccb,30.000000,included,
2621,Navrasa,Punjabi_Pop,Punjabi Pop,19,Punjabi_Pop\India\Punjabi_Pop\Rehaan_Records_-_Chitta_Kurta_Full_video_Karan_Aujla_feat_Gurlez_Akhtar_Deep_jandu_Punjabi_Songs_2019.wav,C:\Genrogram\data\expanded_raw\Punjabi_Pop\India\Punjabi_Pop\Rehaan_Records_-_Chitta_Kurta_Full_video_Karan_Aujla_feat_Gurlez_Akhtar_Deep_jandu_Punjabi_Songs_2019.wav,4ca520690814e51b2de644720241abc512ce464cbe17dc7b0da121472336a3bb,30.000000,included,
2622,Navrasa,Punjabi_Pop,Punjabi Pop,19,Punjabi_Pop\India\Punjabi_Pop\S_Dhillon_-_SHUBH_Punjabi_All_Songs_Audio_Jukebox_2023_Best_of_Shubh.wav,C:\Genrogram\data\expanded_raw\Punjabi_Pop\India\Punjabi_Pop\S_Dhillon_-_SHUBH_Punjabi_All_Songs_Audio_Jukebox_2023_Best_of_Shubh.wav,1f30180acd26307365e1f2d9508bd523933875c2d70c08465f2b422ce1d3526e,30.000000,included,
2623,Navrasa,Punjabi_Pop,Punjabi Pop,19,Punjabi_Pop\India\Punjabi_Pop\Sabba_-_Fly_Karke_feat_Jasmeen_Akhtar.wav,C:\Genrogram\data\expanded_raw\Punjabi_Pop\India\Punjabi_Pop\Sabba_-_Fly_Karke_feat_Jasmeen_Akhtar.wav,6761dfb42a376c741bd71855ee3cf7778a67a57b245ed7dda45f87be074bed4d,30.000000,included,
2624,Navrasa,Punjabi_Pop,Punjabi Pop,19,Punjabi_Pop\India\Punjabi_Pop\SagaHits_-_Nonstop_Dj_Song_Punjabi_Bhangra_Songs_Latest_Punjabi_Songs_2019_Punjabi_Dance_Songs_Remix.wav,C:\Genrogram\data\expanded_raw\Punjabi_Pop\India\Punjabi_Pop\SagaHits_-_Nonstop_Dj_Song_Punjabi_Bhangra_Songs_Latest_Punjabi_Songs_2019_Punjabi_Dance_Songs_Remix.wav,aa92396395dcbe059de32658d476e65406f3f19c026c06491bacf9af69b43fcc,30.000000,included,
2625,Navrasa,Punjabi_Pop,Punjabi Pop,19,Punjabi_Pop\India\Punjabi_Pop\Satinder_Sartaaj_-_Udaarian_Badi_lambi_hai_kahani_mere_pyaar_di_Satinder_Sartaaj_Love_Songs_New_Punjabi_Songs.wav,C:\Genrogram\data\expanded_raw\Punjabi_Pop\India\Punjabi_Pop\Satinder_Sartaaj_-_Udaarian_Badi_lambi_hai_kahani_mere_pyaar_di_Satinder_Sartaaj_Love_Songs_New_Punjabi_Songs.wav,5115a35abca343de0d55f5cb51f5990e0bd82adb977245478ee1eeb4065e5615,30.000000,included,
2626,Navrasa,Punjabi_Pop,Punjabi Pop,19,Punjabi_Pop\India\Punjabi_Pop\Sharry_Maan_-_3_Peg_From_3_Peg.wav,C:\Genrogram\data\expanded_raw\Punjabi_Pop\India\Punjabi_Pop\Sharry_Maan_-_3_Peg_From_3_Peg.wav,8215ea36ec522e3745a56f59e9b2419ecf4e0d61c0cf7756c7789b9b0eca4201,30.000000,included,
2627,Navrasa,Punjabi_Pop,Punjabi Pop,19,Punjabi_Pop\India\Punjabi_Pop\Shemaroo_Punjabi_-_Latest_top_5_Punjabi_Songs_by_Satinder_Sartaaj_New_Punjabi_Songs_Best_of_Sartaaj_2020.wav,C:\Genrogram\data\expanded_raw\Punjabi_Pop\India\Punjabi_Pop\Shemaroo_Punjabi_-_Latest_top_5_Punjabi_Songs_by_Satinder_Sartaaj_New_Punjabi_Songs_Best_of_Sartaaj_2020.wav,37062d5326978e084772d5c12d5b5c677af3006f72e54ee593c9ba09011b0849,30.000000,included,
2628,Navrasa,Punjabi_Pop,Punjabi Pop,19,Punjabi_Pop\India\Punjabi_Pop\Shipra_Goyal_-_Churi_feat_Khan_Bhaini.wav,C:\Genrogram\data\expanded_raw\Punjabi_Pop\India\Punjabi_Pop\Shipra_Goyal_-_Churi_feat_Khan_Bhaini.wav,2bcf4cfaf1a87f503bf2a22f9d068a259257721bf78941c45950c929f6971311,30.000000,included,
2629,Navrasa,Punjabi_Pop,Punjabi Pop,19,Punjabi_Pop\India\Punjabi_Pop\Shivjot_-_Sharara.wav,C:\Genrogram\data\expanded_raw\Punjabi_Pop\India\Punjabi_Pop\Shivjot_-_Sharara.wav,e409f4fea14f16e298df3d6a6563ee790fe5d1e1b859833b37367e9ec89f0ed0,30.000000,included,
2630,Navrasa,Punjabi_Pop,Punjabi Pop,19,Punjabi_Pop\India\Punjabi_Pop\Singhs_Unplugged_-_Punjabi_Dance_Mashup_Gurashish_Singh_FtTajinder_Singh_Urvashi_Pardeshi_Tanveer_S_Kohli.wav,C:\Genrogram\data\expanded_raw\Punjabi_Pop\India\Punjabi_Pop\Singhs_Unplugged_-_Punjabi_Dance_Mashup_Gurashish_Singh_FtTajinder_Singh_Urvashi_Pardeshi_Tanveer_S_Kohli.wav,dc9710d838ed3d14b2950cdc0cb9669829cceb50d131b46a688523431372d1cf,30.000000,included,
2631,Navrasa,Punjabi_Pop,Punjabi Pop,19,Punjabi_Pop\India\Punjabi_Pop\Singing_Lover_-_Sabba_All_Songs_Sabba_All_Song_Sabba_New_Punjabi_Song.wav,C:\Genrogram\data\expanded_raw\Punjabi_Pop\India\Punjabi_Pop\Singing_Lover_-_Sabba_All_Songs_Sabba_All_Song_Sabba_New_Punjabi_Song.wav,525a857dcbcf661f0597a8fb31f3c223208e43699d87ff4f1f9e6bd01138678d,30.000000,included,
2632,Navrasa,Punjabi_Pop,Punjabi Pop,19,Punjabi_Pop\India\Punjabi_Pop\Single_Track_Studio_-_Miss_Pooja_OLD_IS_GOLD_Punjabi_Songs_2017_Top_12_All_Times_Hits_Non_Stop_HD_Video_Punjabi_Songs.wav,C:\Genrogram\data\expanded_raw\Punjabi_Pop\India\Punjabi_Pop\Single_Track_Studio_-_Miss_Pooja_OLD_IS_GOLD_Punjabi_Songs_2017_Top_12_All_Times_Hits_Non_Stop_HD_Video_Punjabi_Songs.wav,37d9bd2c86e75bb05560ed02517ecf424c327e8476264b844fd5f9b8b36fe6f8,30.000000,included,
2633,Navrasa,Punjabi_Pop,Punjabi Pop,19,Punjabi_Pop\India\Punjabi_Pop\Sj_Creator_-_Akhil_songs_Khaab_songs_Punjabi_songs_Punjabi_Romantic_songs_Best_of_Akhil_songs.wav,C:\Genrogram\data\expanded_raw\Punjabi_Pop\India\Punjabi_Pop\Sj_Creator_-_Akhil_songs_Khaab_songs_Punjabi_songs_Punjabi_Romantic_songs_Best_of_Akhil_songs.wav,2087f2a7414d9cd04858c99646a6bf86883a25fcadab3263db95cd655c044baa,30.000000,included,
2634,Navrasa,Punjabi_Pop,Punjabi Pop,19,Punjabi_Pop\India\Punjabi_Pop\Songs_collections_AC_-_Kaka_Best_Songs_Kaka_Hit_Songs_Best_Punjabi_Songs_Kaka_Song_Jukebox_Hit_Songs_of_Kaka.wav,C:\Genrogram\data\expanded_raw\Punjabi_Pop\India\Punjabi_Pop\Songs_collections_AC_-_Kaka_Best_Songs_Kaka_Hit_Songs_Best_Punjabi_Songs_Kaka_Song_Jukebox_Hit_Songs_of_Kaka.wav,47a68f95863d17a77acb2d2983208c09c44badb7473da302fc20afb0b0896c81,30.000000,included,
2635,Navrasa,Punjabi_Pop,Punjabi Pop,19,Punjabi_Pop\India\Punjabi_Pop\Speed_Records_-_52_Non_Stop_Punjabi_Hits_Mashup_New_Punjabi_Songs_2025_Latest_Punjabi_Songs_2025.wav,C:\Genrogram\data\expanded_raw\Punjabi_Pop\India\Punjabi_Pop\Speed_Records_-_52_Non_Stop_Punjabi_Hits_Mashup_New_Punjabi_Songs_2025_Latest_Punjabi_Songs_2025.wav,4f24a9cd382466ecce851deacde988777d51481bc7351c27ef0627fdeb13c1d2,30.000000,included,
2636,Navrasa,Punjabi_Pop,Punjabi Pop,19,Punjabi_Pop\India\Punjabi_Pop\Speed_Records_-_Back_To_Back_Hits_2024_Latest_Punjabi_Songs_2024_New_Punjabi_Songs_2024_Speed_Records.wav,C:\Genrogram\data\expanded_raw\Punjabi_Pop\India\Punjabi_Pop\Speed_Records_-_Back_To_Back_Hits_2024_Latest_Punjabi_Songs_2024_New_Punjabi_Songs_2024_Speed_Records.wav,a834d5760af4dd7b498b43c14d1e56a259d3eeeb7a87facc03e5a8bca3c8919e,30.000000,included,
2637,Navrasa,Punjabi_Pop,Punjabi Pop,19,Punjabi_Pop\India\Punjabi_Pop\Speed_Records_-_Best_Of_Sharry_Mann_Audio_Jukebox_Punjabi_Songs_Collection_Speed_Records.wav,C:\Genrogram\data\expanded_raw\Punjabi_Pop\India\Punjabi_Pop\Speed_Records_-_Best_Of_Sharry_Mann_Audio_Jukebox_Punjabi_Songs_Collection_Speed_Records.wav,f2121f98aafa4126b36378599af43f98d552183c201eb6a7430093b9c958e94d,30.000000,included,
2638,Navrasa,Punjabi_Pop,Punjabi Pop,19,Punjabi_Pop\India\Punjabi_Pop\Speed_Records_-_Best_Of_Veet_Baljit_Audio_Jukebox_Punjabi_Song_Collection_Speed_Records.wav,C:\Genrogram\data\expanded_raw\Punjabi_Pop\India\Punjabi_Pop\Speed_Records_-_Best_Of_Veet_Baljit_Audio_Jukebox_Punjabi_Song_Collection_Speed_Records.wav,4e15804db0e8a6d656cbb86a4a42dc773a6ee5a9431b7412932bfe84791b1a22,30.000000,included,
2639,Navrasa,Punjabi_Pop,Punjabi Pop,19,Punjabi_Pop\India\Punjabi_Pop\Speed_Records_-_Best_of_Bhangra_Video_Jukebox_Latest_Punjabi_Songs_2020_Speed_Records.wav,C:\Genrogram\data\expanded_raw\Punjabi_Pop\India\Punjabi_Pop\Speed_Records_-_Best_of_Bhangra_Video_Jukebox_Latest_Punjabi_Songs_2020_Speed_Records.wav,2fb8427b7476dd6797dcb2494dd03c28609d36cae043abf65af210983c4296cb,30.000000,included,
2640,Navrasa,Punjabi_Pop,Punjabi Pop,19,Punjabi_Pop\India\Punjabi_Pop\Speed_Records_-_Best_of_Jaani_Audio_Jukebox_Latest_Punjabi_Songs_2020_Speed_Records.wav,C:\Genrogram\data\expanded_raw\Punjabi_Pop\India\Punjabi_Pop\Speed_Records_-_Best_of_Jaani_Audio_Jukebox_Latest_Punjabi_Songs_2020_Speed_Records.wav,45805f80899607d55ed4c7bc334c41d0354d14553cf2a3e3cc0694f4a5352c5c,30.000000,included,
2641,Navrasa,Punjabi_Pop,Punjabi Pop,19,Punjabi_Pop\India\Punjabi_Pop\Speed_Records_-_Bhangra_Beats_Video_Jukebox_Latest_Punjabi_Songs_2019_Speed_Records.wav,C:\Genrogram\data\expanded_raw\Punjabi_Pop\India\Punjabi_Pop\Speed_Records_-_Bhangra_Beats_Video_Jukebox_Latest_Punjabi_Songs_2019_Speed_Records.wav,fcab49128e96c949988df8ef7771f6704be54926761a0007fadf116dd0b3fcc1,30.000000,included,
2642,Navrasa,Punjabi_Pop,Punjabi Pop,19,Punjabi_Pop\India\Punjabi_Pop\Speed_Records_-_Top_10_Hits_Video_Jukebox_Latest_Punjabi_Songs_2019_Speed_Records.wav,C:\Genrogram\data\expanded_raw\Punjabi_Pop\India\Punjabi_Pop\Speed_Records_-_Top_10_Hits_Video_Jukebox_Latest_Punjabi_Songs_2019_Speed_Records.wav,caabe10e2da167bbf47d76a19cb15fdd09b9243b4c1416240bc3818f4128fd64,30.000000,included,
2643,Navrasa,Punjabi_Pop,Punjabi Pop,19,Punjabi_Pop\India\Punjabi_Pop\StarBoy_X_-_CHANNA.wav,C:\Genrogram\data\expanded_raw\Punjabi_Pop\India\Punjabi_Pop\StarBoy_X_-_CHANNA.wav,c558df252f686e112ed258b150a8b9f983b411649f5a0d3ed12ab1f56f16d232,30.000000,included,
2644,Navrasa,Punjabi_Pop,Punjabi Pop,19,Punjabi_Pop\India\Punjabi_Pop\StarBoy_X_-_Patti_Ton_Patiala.wav,C:\Genrogram\data\expanded_raw\Punjabi_Pop\India\Punjabi_Pop\StarBoy_X_-_Patti_Ton_Patiala.wav,928dd1e56bd900b56a19fe9471abeff15cd806ff1c164c219026f68e6f78c8fe,30.000000,included,
2645,Navrasa,Punjabi_Pop,Punjabi Pop,19,Punjabi_Pop\India\Punjabi_Pop\Sufi_Mehfil_-_Dasda_Nayi_Amaan_Virk_Official_Music_New_Punjabi_Song_2025_Latest_Punjabi_Song_2026.wav,C:\Genrogram\data\expanded_raw\Punjabi_Pop\India\Punjabi_Pop\Sufi_Mehfil_-_Dasda_Nayi_Amaan_Virk_Official_Music_New_Punjabi_Song_2025_Latest_Punjabi_Song_2026.wav,7a57506291024be56b0e2610ddd3e01362041ea70e28218d839515e791e530cb,30.000000,included,
2646,Navrasa,Punjabi_Pop,Punjabi Pop,19,Punjabi_Pop\India\Punjabi_Pop\Sukha_-_Punjaban.wav,C:\Genrogram\data\expanded_raw\Punjabi_Pop\India\Punjabi_Pop\Sukha_-_Punjaban.wav,2e0c194c7cf64d054c9841ba910b83dc3e6e5600b92ae65bfb089b098c668a62,30.000000,included,
2647,Navrasa,Punjabi_Pop,Punjabi Pop,19,Punjabi_Pop\India\Punjabi_Pop\Sumans_Snapshots_-_AP_Dhillon_All_Songs_Non_stop_AP_Dhillon_SongPunjabi_Pop_Songs_Latest_Punjabi_Songs_igsummiuk.wav,C:\Genrogram\data\expanded_raw\Punjabi_Pop\India\Punjabi_Pop\Sumans_Snapshots_-_AP_Dhillon_All_Songs_Non_stop_AP_Dhillon_SongPunjabi_Pop_Songs_Latest_Punjabi_Songs_igsummiuk.wav,fbd592aec7ff1687ef1114e90c0f8ad83bef9409c998c275de2983c55bc832aa,30.000000,included,
2648,Navrasa,Punjabi_Pop,Punjabi Pop,19,Punjabi_Pop\India\Punjabi_Pop\Surjit_Bindrakhia_-_Tera_Yaar_Bolda_Punjabi_Audio_Song_Surjit_Bindrakhia_Phulkari_T_Series_Apna_Puinjab_feat_The_Speacialist.wav,C:\Genrogram\data\expanded_raw\Punjabi_Pop\India\Punjabi_Pop\Surjit_Bindrakhia_-_Tera_Yaar_Bolda_Punjabi_Audio_Song_Surjit_Bindrakhia_Phulkari_T_Series_Apna_Puinjab_feat_The_Speacialist.wav,a85cc0813d96f5dfc159b8569410c3d043f0acffc96bfc0ac8be2444f446b15c,30.000000,included,
2649,Navrasa,Punjabi_Pop,Punjabi Pop,19,Punjabi_Pop\India\Punjabi_Pop\T_Series_Apna_Punjab_-_BEST_OF_HARJIT_HARMAN_AUDIO_JUKEBOX_PUNJABI_SONGS_T_SERIES_APNA_PUNJAB.wav,C:\Genrogram\data\expanded_raw\Punjabi_Pop\India\Punjabi_Pop\T_Series_Apna_Punjab_-_BEST_OF_HARJIT_HARMAN_AUDIO_JUKEBOX_PUNJABI_SONGS_T_SERIES_APNA_PUNJAB.wav,86e276acc3a4f5f8d1ea5d96d22978c16b90d3a2eb6c07bd9e97f6520dc489b6,30.000000,included,
2650,Navrasa,Punjabi_Pop,Punjabi Pop,19,Punjabi_Pop\India\Punjabi_Pop\T_Series_Apna_Punjab_-_Best_Punjabi_Songs_of_2016_Audio_T_Series_Top_10_Punjabi_Songs_Punjabi_Jukebox.wav,C:\Genrogram\data\expanded_raw\Punjabi_Pop\India\Punjabi_Pop\T_Series_Apna_Punjab_-_Best_Punjabi_Songs_of_2016_Audio_T_Series_Top_10_Punjabi_Songs_Punjabi_Jukebox.wav,ef2bf7b8b617fc7889baf74ce515da6533df04ee0f87048857c25b0659682ec0,30.000000,included,
2651,Navrasa,Punjabi_Pop,Punjabi Pop,19,Punjabi_Pop\India\Punjabi_Pop\T_Series_Apna_Punjab_-_HARJIT_HARMAN_EVERGREEN_HITS_AUDIO_JUKEBOX_Latest_Punjabi_Songs.wav,C:\Genrogram\data\expanded_raw\Punjabi_Pop\India\Punjabi_Pop\T_Series_Apna_Punjab_-_HARJIT_HARMAN_EVERGREEN_HITS_AUDIO_JUKEBOX_Latest_Punjabi_Songs.wav,40e9a4dde0fb8973f7a40459280ebf49f94b0bd983e2862e04c8c063e18262cf,30.000000,included,
2652,Navrasa,Punjabi_Pop,Punjabi Pop,19,Punjabi_Pop\India\Punjabi_Pop\T_Series_Apna_Punjab_-_Hits_Of_Babbu_Maan_Audio_Jukebox_Punjabi_Evergreen_Hit_Songs_T_Series_Apna_Punjab.wav,C:\Genrogram\data\expanded_raw\Punjabi_Pop\India\Punjabi_Pop\T_Series_Apna_Punjab_-_Hits_Of_Babbu_Maan_Audio_Jukebox_Punjabi_Evergreen_Hit_Songs_T_Series_Apna_Punjab.wav,d5fc686bb2da63c55868143e942d1afd3cfb4ee3791412a08a55a9072b6d03c9,30.000000,included,
2653,Navrasa,Punjabi_Pop,Punjabi Pop,19,Punjabi_Pop\India\Punjabi_Pop\T_Series_Apna_Punjab_-_T_Series_Top_10_Punjabi_Songs_of_2015_Staff_Pick_Non_Stop_Mix.wav,C:\Genrogram\data\expanded_raw\Punjabi_Pop\India\Punjabi_Pop\T_Series_Apna_Punjab_-_T_Series_Top_10_Punjabi_Songs_of_2015_Staff_Pick_Non_Stop_Mix.wav,b7b097b357cb9a454dec0ca04d4c02eaec19728da8ebc4b1edd3dd0c62fcd1ef,30.000000,included,
2654,Navrasa,Punjabi_Pop,Punjabi Pop,19,Punjabi_Pop\India\Punjabi_Pop\The_Cafe_-_Best_Punjabi_Remix_Jukebox_Blast_Ever_Punjabi_Bhangra_songs_2022_2023_Punjabi_Party_Songs_2023.wav,C:\Genrogram\data\expanded_raw\Punjabi_Pop\India\Punjabi_Pop\The_Cafe_-_Best_Punjabi_Remix_Jukebox_Blast_Ever_Punjabi_Bhangra_songs_2022_2023_Punjabi_Party_Songs_2023.wav,f56eaa10b3a40576581c10c78b89801d3209820f31a8ee44562e7fb4dbbb4cc9,30.000000,included,
2655,Navrasa,Punjabi_Pop,Punjabi Pop,19,Punjabi_Pop\India\Punjabi_Pop\Top_Punjabi_Songs_2025_-_Top_Punjabi_Songs_Playlist_Non_Stop_Punjabi_Songs_Mashup_New_Trending_Songs_2024.wav,C:\Genrogram\data\expanded_raw\Punjabi_Pop\India\Punjabi_Pop\Top_Punjabi_Songs_2025_-_Top_Punjabi_Songs_Playlist_Non_Stop_Punjabi_Songs_Mashup_New_Trending_Songs_2024.wav,b44d84ff1af63c4b4db42939966a107fa41f757a6570021036ec82b4546a83ba,30.000000,included,
2656,Navrasa,Punjabi_Pop,Punjabi Pop,19,Punjabi_Pop\India\Punjabi_Pop\Top_Singers_-_Top_10_Best_of_Mika_Singh_Full_Bollywood_Punjabi_Songs_Jukebox_Party_Hindi_Hits_Songs.wav,C:\Genrogram\data\expanded_raw\Punjabi_Pop\India\Punjabi_Pop\Top_Singers_-_Top_10_Best_of_Mika_Singh_Full_Bollywood_Punjabi_Songs_Jukebox_Party_Hindi_Hits_Songs.wav,09f4e790b5a1738af374d7f92034386223e95fccfde30f7207dcce1ce3e1fa90,30.000000,included,
2657,Navrasa,Punjabi_Pop,Punjabi Pop,19,Punjabi_Pop\India\Punjabi_Pop\Unbelievable_Talent_-_Top_Punjabi_Bhangda_SongsAmmyvirk_Diljit_Jassmanak_Harjitharman_Akhil_Hits.wav,C:\Genrogram\data\expanded_raw\Punjabi_Pop\India\Punjabi_Pop\Unbelievable_Talent_-_Top_Punjabi_Bhangda_SongsAmmyvirk_Diljit_Jassmanak_Harjitharman_Akhil_Hits.wav,4c8b86850effd41f11c3eed247a89ecc4d6baf7454824fdf373b66de4066e759,30.000000,included,
2658,Navrasa,Punjabi_Pop,Punjabi Pop,19,Punjabi_Pop\India\Punjabi_Pop\VIP_Records_-_Daru_Badnaam_Kamal_Kahlon_Param_Singh_Official_Video_Pratik_Studio_Latest_Punjabi_Songs.wav,C:\Genrogram\data\expanded_raw\Punjabi_Pop\India\Punjabi_Pop\VIP_Records_-_Daru_Badnaam_Kamal_Kahlon_Param_Singh_Official_Video_Pratik_Studio_Latest_Punjabi_Songs.wav,03009f817af2c0f02d4c007173818cc524d3d06a4ffad177cfdd53f593a2b22c,30.000000,included,
2659,Navrasa,Punjabi_Pop,Punjabi Pop,19,Punjabi_Pop\India\Punjabi_Pop\Varinder_Brar_-_THAA.wav,C:\Genrogram\data\expanded_raw\Punjabi_Pop\India\Punjabi_Pop\Varinder_Brar_-_THAA.wav,90678c0b149ccbffd95826fe9fcf21286f89b37e0a2a5b70076a583ead2f374c,30.000000,included,
2660,Navrasa,Punjabi_Pop,Punjabi Pop,19,Punjabi_Pop\India\Punjabi_Pop\Wadali_Music_-_Lakhwinder_Wadali_Audio_Juke_Box_Wadali_Music_Latest_Punjabi_Songs_2021.wav,C:\Genrogram\data\expanded_raw\Punjabi_Pop\India\Punjabi_Pop\Wadali_Music_-_Lakhwinder_Wadali_Audio_Juke_Box_Wadali_Music_Latest_Punjabi_Songs_2021.wav,5c6d1ab1dd36e3ebf1d6045a76ee4fda2306a91928ed77e13c15904dce1fb0f0,30.000000,included,
2661,Navrasa,Punjabi_Pop,Punjabi Pop,19,Punjabi_Pop\India\Punjabi_Pop\Zee_Music_Company_-_Punjabi_Hit_Songs_Diljit_Dosanjh_Sonam_Bajwa_Gurnam_Bhullar_Sargun_Mehta_Neeru_Bajwa.wav,C:\Genrogram\data\expanded_raw\Punjabi_Pop\India\Punjabi_Pop\Zee_Music_Company_-_Punjabi_Hit_Songs_Diljit_Dosanjh_Sonam_Bajwa_Gurnam_Bhullar_Sargun_Mehta_Neeru_Bajwa.wav,7ed28497647e7400af21dbe0879e10b424597fe9c21e4adef68b3c3f2792c546,30.000000,included,
2662,Navrasa,Punjabi_Pop,Punjabi Pop,19,Punjabi_Pop\India\Punjabi_Pop\djvihaanofficial_-_Punjabi_Dance_Nonstop_By_Dj_Vihaan_Diljit_Dosanj_Sharry_Mann_Jasmine_Sandlas_Many_More.wav,C:\Genrogram\data\expanded_raw\Punjabi_Pop\India\Punjabi_Pop\djvihaanofficial_-_Punjabi_Dance_Nonstop_By_Dj_Vihaan_Diljit_Dosanj_Sharry_Mann_Jasmine_Sandlas_Many_More.wav,4c8ab07ea7781fceaaa2ffff7ce81ffc1a5d208a4f8eefae43e91c7396e13d56,30.000000,included,
2663,Navrasa,Punjabi_Pop,Punjabi Pop,19,Punjabi_Pop\India\Punjabi_Pop\itz4you_-_AP_Dhillon_All_Songs_Non_stop_AP_Dhillon_Songs_Punjabi_Pop_Songs_Itz4you.wav,C:\Genrogram\data\expanded_raw\Punjabi_Pop\India\Punjabi_Pop\itz4you_-_AP_Dhillon_All_Songs_Non_stop_AP_Dhillon_Songs_Punjabi_Pop_Songs_Itz4you.wav,f45ff92d8aed096280566a993f1a05604a29e311e4f25cf879406a251e823c5f,30.000000,included,
2664,Navrasa,Punjabi_Pop,Punjabi Pop,19,Punjabi_Pop\India\Punjabi_Pop\the_Music_-_Best_of_Ammy_virk__ammy_virk_all_songs_jukebox__punjabi_songs__new_punjabi_songs_20251080P_HD.wav,C:\Genrogram\data\expanded_raw\Punjabi_Pop\India\Punjabi_Pop\the_Music_-_Best_of_Ammy_virk__ammy_virk_all_songs_jukebox__punjabi_songs__new_punjabi_songs_20251080P_HD.wav,da04d51bf8d170545d545652ba483335b5ae98f2c1703872becb420e6c4db538,30.000000,included,
2665,GTZAN,reggae,Reggae,8,reggae\reggae.00000.wav,C:\Genrogram\data\gtzan\genres\reggae\reggae.00000.wav,941864bc189bae593c5cd7e6b22b34985f7a6e68a7223aee802ff739c08c4f82,30.013333,included,
2666,GTZAN,reggae,Reggae,8,reggae\reggae.00000.wav,C:\Genrogram\data\gtzan\genres\reggae\reggae.00000.wav,941864bc189bae593c5cd7e6b22b34985f7a6e68a7223aee802ff739c08c4f82,30.013333,included,
2667,GTZAN,reggae,Reggae,8,reggae\reggae.00001.wav,C:\Genrogram\data\gtzan\genres\reggae\reggae.00001.wav,8f756ee23b553baf28f317cc8a1ad11041b5fb029ba738fbf3f23958f7e8d4a7,30.013333,included,
2668,GTZAN,reggae,Reggae,8,reggae\reggae.00001.wav,C:\Genrogram\data\gtzan\genres\reggae\reggae.00001.wav,8f756ee23b553baf28f317cc8a1ad11041b5fb029ba738fbf3f23958f7e8d4a7,30.013333,included,
2669,GTZAN,reggae,Reggae,8,reggae\reggae.00002.wav,C:\Genrogram\data\gtzan\genres\reggae\reggae.00002.wav,0c1e5a2a195dae1533378dcae3e638c1b9969b6833fcaa9d921e869bf7a0504a,30.013333,included,
2670,GTZAN,reggae,Reggae,8,reggae\reggae.00002.wav,C:\Genrogram\data\gtzan\genres\reggae\reggae.00002.wav,0c1e5a2a195dae1533378dcae3e638c1b9969b6833fcaa9d921e869bf7a0504a,30.013333,included,
2671,GTZAN,reggae,Reggae,8,reggae\reggae.00003.wav,C:\Genrogram\data\gtzan\genres\reggae\reggae.00003.wav,335b059ae097c785bc6228a79ef1b3f13b3e8ad2677085ec474e19099416b283,30.013333,included,
2672,GTZAN,reggae,Reggae,8,reggae\reggae.00003.wav,C:\Genrogram\data\gtzan\genres\reggae\reggae.00003.wav,335b059ae097c785bc6228a79ef1b3f13b3e8ad2677085ec474e19099416b283,30.013333,included,
2673,GTZAN,reggae,Reggae,8,reggae\reggae.00004.wav,C:\Genrogram\data\gtzan\genres\reggae\reggae.00004.wav,c1d74d6762c1d15974c69cc898f4f008a60273597fd2dfbc426857ec9e4a3fa5,30.013333,included,
2674,GTZAN,reggae,Reggae,8,reggae\reggae.00004.wav,C:\Genrogram\data\gtzan\genres\reggae\reggae.00004.wav,c1d74d6762c1d15974c69cc898f4f008a60273597fd2dfbc426857ec9e4a3fa5,30.013333,included,
2675,GTZAN,reggae,Reggae,8,reggae\reggae.00005.wav,C:\Genrogram\data\gtzan\genres\reggae\reggae.00005.wav,cb2dbf01c4d48ad917565f37ff6c3991a55d2a7ca579fea36cd129caf02123dc,30.013333,included,
2676,GTZAN,reggae,Reggae,8,reggae\reggae.00005.wav,C:\Genrogram\data\gtzan\genres\reggae\reggae.00005.wav,cb2dbf01c4d48ad917565f37ff6c3991a55d2a7ca579fea36cd129caf02123dc,30.013333,included,
2677,GTZAN,reggae,Reggae,8,reggae\reggae.00006.wav,C:\Genrogram\data\gtzan\genres\reggae\reggae.00006.wav,9e58ac2bf6dd29cddb1fefdc6d17ba46b55cb79d105c72e622fd7fd1095663ac,30.013333,included,
2678,GTZAN,reggae,Reggae,8,reggae\reggae.00006.wav,C:\Genrogram\data\gtzan\genres\reggae\reggae.00006.wav,9e58ac2bf6dd29cddb1fefdc6d17ba46b55cb79d105c72e622fd7fd1095663ac,30.013333,included,
2679,GTZAN,reggae,Reggae,8,reggae\reggae.00007.wav,C:\Genrogram\data\gtzan\genres\reggae\reggae.00007.wav,37d64e80764489f193aafd61f9e00e52a3b6fe8e9a64389a3093f053d71be786,30.013333,included,
2680,GTZAN,reggae,Reggae,8,reggae\reggae.00007.wav,C:\Genrogram\data\gtzan\genres\reggae\reggae.00007.wav,37d64e80764489f193aafd61f9e00e52a3b6fe8e9a64389a3093f053d71be786,30.013333,included,
2681,GTZAN,reggae,Reggae,8,reggae\reggae.00008.wav,C:\Genrogram\data\gtzan\genres\reggae\reggae.00008.wav,c5eabdadcec91a324948b755b209a51574eed138ffeb4e7c9c782d8f47ec7708,30.013333,included,
2682,GTZAN,reggae,Reggae,8,reggae\reggae.00008.wav,C:\Genrogram\data\gtzan\genres\reggae\reggae.00008.wav,c5eabdadcec91a324948b755b209a51574eed138ffeb4e7c9c782d8f47ec7708,30.013333,included,
2683,GTZAN,reggae,Reggae,8,reggae\reggae.00009.wav,C:\Genrogram\data\gtzan\genres\reggae\reggae.00009.wav,cca40919fb9db7cd4cefc99b0708290238d4b9b2d986349c424b225949ce9338,30.013333,included,
2684,GTZAN,reggae,Reggae,8,reggae\reggae.00009.wav,C:\Genrogram\data\gtzan\genres\reggae\reggae.00009.wav,cca40919fb9db7cd4cefc99b0708290238d4b9b2d986349c424b225949ce9338,30.013333,included,
2685,GTZAN,reggae,Reggae,8,reggae\reggae.00010.wav,C:\Genrogram\data\gtzan\genres\reggae\reggae.00010.wav,44ccd70c907750c1e1c20640e573030c0670e66bc7852a525d0bd08c3e7b3716,30.013333,included,
2686,GTZAN,reggae,Reggae,8,reggae\reggae.00010.wav,C:\Genrogram\data\gtzan\genres\reggae\reggae.00010.wav,44ccd70c907750c1e1c20640e573030c0670e66bc7852a525d0bd08c3e7b3716,30.013333,included,
2687,GTZAN,reggae,Reggae,8,reggae\reggae.00011.wav,C:\Genrogram\data\gtzan\genres\reggae\reggae.00011.wav,372a2fb488426b7bf599d72f24bb9213f98106dba37cff744d22eaa441aee3fa,30.013333,included,
2688,GTZAN,reggae,Reggae,8,reggae\reggae.00011.wav,C:\Genrogram\data\gtzan\genres\reggae\reggae.00011.wav,372a2fb488426b7bf599d72f24bb9213f98106dba37cff744d22eaa441aee3fa,30.013333,included,
2689,GTZAN,reggae,Reggae,8,reggae\reggae.00012.wav,C:\Genrogram\data\gtzan\genres\reggae\reggae.00012.wav,c24a16d025c8c7dca7fc249d7a2eb68c485135c7c0e0e1b9d5de175b65f5fd4d,30.013333,included,
2690,GTZAN,reggae,Reggae,8,reggae\reggae.00012.wav,C:\Genrogram\data\gtzan\genres\reggae\reggae.00012.wav,c24a16d025c8c7dca7fc249d7a2eb68c485135c7c0e0e1b9d5de175b65f5fd4d,30.013333,included,
2691,GTZAN,reggae,Reggae,8,reggae\reggae.00013.wav,C:\Genrogram\data\gtzan\genres\reggae\reggae.00013.wav,e77c4a71b5031ea10d925b9157bba721866358ca1895f02f66f36cfb5da40c3d,30.013333,included,
2692,GTZAN,reggae,Reggae,8,reggae\reggae.00013.wav,C:\Genrogram\data\gtzan\genres\reggae\reggae.00013.wav,e77c4a71b5031ea10d925b9157bba721866358ca1895f02f66f36cfb5da40c3d,30.013333,included,
2693,GTZAN,reggae,Reggae,8,reggae\reggae.00014.wav,C:\Genrogram\data\gtzan\genres\reggae\reggae.00014.wav,3ee9aea933637a8657baaa57bd9c949d6c34018f541e83e16ab19d3fd3445e3a,30.013333,included,
2694,GTZAN,reggae,Reggae,8,reggae\reggae.00014.wav,C:\Genrogram\data\gtzan\genres\reggae\reggae.00014.wav,3ee9aea933637a8657baaa57bd9c949d6c34018f541e83e16ab19d3fd3445e3a,30.013333,included,
2695,GTZAN,reggae,Reggae,8,reggae\reggae.00015.wav,C:\Genrogram\data\gtzan\genres\reggae\reggae.00015.wav,5b5eb52859f911613dc2be4ffd2e2e69f1948b12ae4f780cbe09873906b2a9af,30.013333,included,
2696,GTZAN,reggae,Reggae,8,reggae\reggae.00015.wav,C:\Genrogram\data\gtzan\genres\reggae\reggae.00015.wav,5b5eb52859f911613dc2be4ffd2e2e69f1948b12ae4f780cbe09873906b2a9af,30.013333,included,
2697,GTZAN,reggae,Reggae,8,reggae\reggae.00016.wav,C:\Genrogram\data\gtzan\genres\reggae\reggae.00016.wav,ff3a1b8ab25023f5e56195c8ca875ee211fa716c905c0408d92a8ea97b41537e,30.013333,included,
2698,GTZAN,reggae,Reggae,8,reggae\reggae.00016.wav,C:\Genrogram\data\gtzan\genres\reggae\reggae.00016.wav,ff3a1b8ab25023f5e56195c8ca875ee211fa716c905c0408d92a8ea97b41537e,30.013333,included,
2699,GTZAN,reggae,Reggae,8,reggae\reggae.00017.wav,C:\Genrogram\data\gtzan\genres\reggae\reggae.00017.wav,357ebcab9f16bd2fb8a78c1344e696a4c5d3f059e02742c2af8366fd4ba75da4,30.013333,included,
2700,GTZAN,reggae,Reggae,8,reggae\reggae.00017.wav,C:\Genrogram\data\gtzan\genres\reggae\reggae.00017.wav,357ebcab9f16bd2fb8a78c1344e696a4c5d3f059e02742c2af8366fd4ba75da4,30.013333,included,
2701,GTZAN,reggae,Reggae,8,reggae\reggae.00018.wav,C:\Genrogram\data\gtzan\genres\reggae\reggae.00018.wav,578a2f791ddf10cb6e6af532a21f81414c582d64909c578bb59e81179e44c608,30.013333,included,
2702,GTZAN,reggae,Reggae,8,reggae\reggae.00018.wav,C:\Genrogram\data\gtzan\genres\reggae\reggae.00018.wav,578a2f791ddf10cb6e6af532a21f81414c582d64909c578bb59e81179e44c608,30.013333,included,
2703,GTZAN,reggae,Reggae,8,reggae\reggae.00019.wav,C:\Genrogram\data\gtzan\genres\reggae\reggae.00019.wav,c27e6d26eb530fd393d0bfb7683898370b73895c7c161253a50ef818204a9f36,30.013333,included,
2704,GTZAN,reggae,Reggae,8,reggae\reggae.00019.wav,C:\Genrogram\data\gtzan\genres\reggae\reggae.00019.wav,c27e6d26eb530fd393d0bfb7683898370b73895c7c161253a50ef818204a9f36,30.013333,included,
2705,GTZAN,reggae,Reggae,8,reggae\reggae.00020.wav,C:\Genrogram\data\gtzan\genres\reggae\reggae.00020.wav,ed444704c5312302260460baaf4431cab5c7585e7e2b23b5fc1b2dc9400f7804,30.013333,included,
2706,GTZAN,reggae,Reggae,8,reggae\reggae.00020.wav,C:\Genrogram\data\gtzan\genres\reggae\reggae.00020.wav,ed444704c5312302260460baaf4431cab5c7585e7e2b23b5fc1b2dc9400f7804,30.013333,included,
2707,GTZAN,reggae,Reggae,8,reggae\reggae.00021.wav,C:\Genrogram\data\gtzan\genres\reggae\reggae.00021.wav,b86c104e30ac417403e6a5581a8117a8acb935c5f59a9b76f666d6fb152158c7,30.013333,included,
2708,GTZAN,reggae,Reggae,8,reggae\reggae.00021.wav,C:\Genrogram\data\gtzan\genres\reggae\reggae.00021.wav,b86c104e30ac417403e6a5581a8117a8acb935c5f59a9b76f666d6fb152158c7,30.013333,included,
2709,GTZAN,reggae,Reggae,8,reggae\reggae.00022.wav,C:\Genrogram\data\gtzan\genres\reggae\reggae.00022.wav,27b770ccb410e9e7a228edf6a5518a27a2dfd9c8d0f73fa2889c22511cab7f5c,30.013333,included,
2710,GTZAN,reggae,Reggae,8,reggae\reggae.00022.wav,C:\Genrogram\data\gtzan\genres\reggae\reggae.00022.wav,27b770ccb410e9e7a228edf6a5518a27a2dfd9c8d0f73fa2889c22511cab7f5c,30.013333,included,
2711,GTZAN,reggae,Reggae,8,reggae\reggae.00023.wav,C:\Genrogram\data\gtzan\genres\reggae\reggae.00023.wav,fcce65015dbad0ef9d22c3f524072c4013b987c641b3e157454882392fae814d,30.013333,included,
2712,GTZAN,reggae,Reggae,8,reggae\reggae.00023.wav,C:\Genrogram\data\gtzan\genres\reggae\reggae.00023.wav,fcce65015dbad0ef9d22c3f524072c4013b987c641b3e157454882392fae814d,30.013333,included,
2713,GTZAN,reggae,Reggae,8,reggae\reggae.00024.wav,C:\Genrogram\data\gtzan\genres\reggae\reggae.00024.wav,acc7829691ef0c51cfa7c7da4aec68a90f27339ac44f6f63b0aefd7c093a1746,30.013333,included,
2714,GTZAN,reggae,Reggae,8,reggae\reggae.00024.wav,C:\Genrogram\data\gtzan\genres\reggae\reggae.00024.wav,acc7829691ef0c51cfa7c7da4aec68a90f27339ac44f6f63b0aefd7c093a1746,30.013333,included,
2715,GTZAN,reggae,Reggae,8,reggae\reggae.00025.wav,C:\Genrogram\data\gtzan\genres\reggae\reggae.00025.wav,c0fe91bcfb61c0a7c43d38c83c27cebb5fc71ebe52e820fb8a0c58862e34639a,30.013333,included,
2716,GTZAN,reggae,Reggae,8,reggae\reggae.00025.wav,C:\Genrogram\data\gtzan\genres\reggae\reggae.00025.wav,c0fe91bcfb61c0a7c43d38c83c27cebb5fc71ebe52e820fb8a0c58862e34639a,30.013333,included,
2717,GTZAN,reggae,Reggae,8,reggae\reggae.00026.wav,C:\Genrogram\data\gtzan\genres\reggae\reggae.00026.wav,c408a85d767964bae64a34af6d45ea30e2e580e0e0d0fa12bec5c59c249c1a88,30.013333,included,
2718,GTZAN,reggae,Reggae,8,reggae\reggae.00026.wav,C:\Genrogram\data\gtzan\genres\reggae\reggae.00026.wav,c408a85d767964bae64a34af6d45ea30e2e580e0e0d0fa12bec5c59c249c1a88,30.013333,included,
2719,GTZAN,reggae,Reggae,8,reggae\reggae.00027.wav,C:\Genrogram\data\gtzan\genres\reggae\reggae.00027.wav,25432c617aa9765d95c6d5f74cbb0e44aa67464f809f8269368486e3fbcf97e4,30.013333,included,
2720,GTZAN,reggae,Reggae,8,reggae\reggae.00027.wav,C:\Genrogram\data\gtzan\genres\reggae\reggae.00027.wav,25432c617aa9765d95c6d5f74cbb0e44aa67464f809f8269368486e3fbcf97e4,30.013333,included,
2721,GTZAN,reggae,Reggae,8,reggae\reggae.00028.wav,C:\Genrogram\data\gtzan\genres\reggae\reggae.00028.wav,c594aca79da860120a52f9c789e14e8d477b6640e453f7dafabd63824f5e6a7f,30.013333,included,
2722,GTZAN,reggae,Reggae,8,reggae\reggae.00028.wav,C:\Genrogram\data\gtzan\genres\reggae\reggae.00028.wav,c594aca79da860120a52f9c789e14e8d477b6640e453f7dafabd63824f5e6a7f,30.013333,included,
2723,GTZAN,reggae,Reggae,8,reggae\reggae.00029.wav,C:\Genrogram\data\gtzan\genres\reggae\reggae.00029.wav,174bb0af4ae145e4392c24f9b6727b2251f5d3f9e9942bc819eb531b3c22f4f6,30.013333,included,
2724,GTZAN,reggae,Reggae,8,reggae\reggae.00029.wav,C:\Genrogram\data\gtzan\genres\reggae\reggae.00029.wav,174bb0af4ae145e4392c24f9b6727b2251f5d3f9e9942bc819eb531b3c22f4f6,30.013333,included,
2725,GTZAN,reggae,Reggae,8,reggae\reggae.00030.wav,C:\Genrogram\data\gtzan\genres\reggae\reggae.00030.wav,5ac4313dd0cc22a609197d5009a98f9693ab77ce526a8b46e1d027a31950261a,30.013333,included,
2726,GTZAN,reggae,Reggae,8,reggae\reggae.00030.wav,C:\Genrogram\data\gtzan\genres\reggae\reggae.00030.wav,5ac4313dd0cc22a609197d5009a98f9693ab77ce526a8b46e1d027a31950261a,30.013333,included,
2727,GTZAN,reggae,Reggae,8,reggae\reggae.00031.wav,C:\Genrogram\data\gtzan\genres\reggae\reggae.00031.wav,56a3c8398a17d80e5806f4b5ce917ba1ab83056e2e58fa5468bdfd70b1dbeef7,30.013333,included,
2728,GTZAN,reggae,Reggae,8,reggae\reggae.00031.wav,C:\Genrogram\data\gtzan\genres\reggae\reggae.00031.wav,56a3c8398a17d80e5806f4b5ce917ba1ab83056e2e58fa5468bdfd70b1dbeef7,30.013333,included,
2729,GTZAN,reggae,Reggae,8,reggae\reggae.00032.wav,C:\Genrogram\data\gtzan\genres\reggae\reggae.00032.wav,972b67cf32663c977c6f4130b2e770edd90d91ff2aacd64accee0c3aad554051,30.013333,included,
2730,GTZAN,reggae,Reggae,8,reggae\reggae.00032.wav,C:\Genrogram\data\gtzan\genres\reggae\reggae.00032.wav,972b67cf32663c977c6f4130b2e770edd90d91ff2aacd64accee0c3aad554051,30.013333,included,
2731,GTZAN,reggae,Reggae,8,reggae\reggae.00033.wav,C:\Genrogram\data\gtzan\genres\reggae\reggae.00033.wav,19295f169e658850d1aedd0db050476de7f241100c8f10f4a7181144f713cfb9,30.013333,included,
2732,GTZAN,reggae,Reggae,8,reggae\reggae.00033.wav,C:\Genrogram\data\gtzan\genres\reggae\reggae.00033.wav,19295f169e658850d1aedd0db050476de7f241100c8f10f4a7181144f713cfb9,30.013333,included,
2733,GTZAN,reggae,Reggae,8,reggae\reggae.00034.wav,C:\Genrogram\data\gtzan\genres\reggae\reggae.00034.wav,0543fdf405b63c73ed29bb9f6ddaa631f2451ed1f0d44f42cc037b27a64a160d,30.013333,included,
2734,GTZAN,reggae,Reggae,8,reggae\reggae.00034.wav,C:\Genrogram\data\gtzan\genres\reggae\reggae.00034.wav,0543fdf405b63c73ed29bb9f6ddaa631f2451ed1f0d44f42cc037b27a64a160d,30.013333,included,
2735,GTZAN,reggae,Reggae,8,reggae\reggae.00035.wav,C:\Genrogram\data\gtzan\genres\reggae\reggae.00035.wav,f287ddbeea7882e76049cf22454f04efdd15afa8bc82fcec029788a03abf20c3,30.013333,included,
2736,GTZAN,reggae,Reggae,8,reggae\reggae.00035.wav,C:\Genrogram\data\gtzan\genres\reggae\reggae.00035.wav,f287ddbeea7882e76049cf22454f04efdd15afa8bc82fcec029788a03abf20c3,30.013333,included,
2737,GTZAN,reggae,Reggae,8,reggae\reggae.00036.wav,C:\Genrogram\data\gtzan\genres\reggae\reggae.00036.wav,c6aa3f53c55b58acef0ce5562d0abd4b0b45fbe2e05a9cbf4227d7c974272eae,30.013333,included,
2738,GTZAN,reggae,Reggae,8,reggae\reggae.00036.wav,C:\Genrogram\data\gtzan\genres\reggae\reggae.00036.wav,c6aa3f53c55b58acef0ce5562d0abd4b0b45fbe2e05a9cbf4227d7c974272eae,30.013333,included,
2739,GTZAN,reggae,Reggae,8,reggae\reggae.00037.wav,C:\Genrogram\data\gtzan\genres\reggae\reggae.00037.wav,11a489b07f2164ccd65c5625aa0c161875410eb8cd9d8c2d9e56717aea26cf4b,30.013333,included,
2740,GTZAN,reggae,Reggae,8,reggae\reggae.00037.wav,C:\Genrogram\data\gtzan\genres\reggae\reggae.00037.wav,11a489b07f2164ccd65c5625aa0c161875410eb8cd9d8c2d9e56717aea26cf4b,30.013333,included,
2741,GTZAN,reggae,Reggae,8,reggae\reggae.00038.wav,C:\Genrogram\data\gtzan\genres\reggae\reggae.00038.wav,ca4e642b96e54754a9d3989940ef13a6e1f19b5fc422b04fde8f39a24eed88d1,30.013333,included,
2742,GTZAN,reggae,Reggae,8,reggae\reggae.00038.wav,C:\Genrogram\data\gtzan\genres\reggae\reggae.00038.wav,ca4e642b96e54754a9d3989940ef13a6e1f19b5fc422b04fde8f39a24eed88d1,30.013333,included,
2743,GTZAN,reggae,Reggae,8,reggae\reggae.00039.wav,C:\Genrogram\data\gtzan\genres\reggae\reggae.00039.wav,cfde8ef47bf1cf972951c1d1645822b835e805def13270a6c5b6dae3c26a4d95,30.013333,included,
2744,GTZAN,reggae,Reggae,8,reggae\reggae.00039.wav,C:\Genrogram\data\gtzan\genres\reggae\reggae.00039.wav,cfde8ef47bf1cf972951c1d1645822b835e805def13270a6c5b6dae3c26a4d95,30.013333,included,
2745,GTZAN,reggae,Reggae,8,reggae\reggae.00040.wav,C:\Genrogram\data\gtzan\genres\reggae\reggae.00040.wav,a75cb1ef3f8d9bb70665fde5ba68712279120cf99e415f0ff35dbcb91ce896d3,30.013333,included,
2746,GTZAN,reggae,Reggae,8,reggae\reggae.00040.wav,C:\Genrogram\data\gtzan\genres\reggae\reggae.00040.wav,a75cb1ef3f8d9bb70665fde5ba68712279120cf99e415f0ff35dbcb91ce896d3,30.013333,included,
2747,GTZAN,reggae,Reggae,8,reggae\reggae.00041.wav,C:\Genrogram\data\gtzan\genres\reggae\reggae.00041.wav,d422586db00991d30329737923c390bfc2064bd808a404e16f5d39a39a3ab643,30.000181,included,
2748,GTZAN,reggae,Reggae,8,reggae\reggae.00041.wav,C:\Genrogram\data\gtzan\genres\reggae\reggae.00041.wav,d422586db00991d30329737923c390bfc2064bd808a404e16f5d39a39a3ab643,30.000181,included,
2749,GTZAN,reggae,Reggae,8,reggae\reggae.00042.wav,C:\Genrogram\data\gtzan\genres\reggae\reggae.00042.wav,3bf843d17e4186b7510ed5fec9f7191f92d1ac9d02898472932d5e8a9b7d670d,30.000181,included,
2750,GTZAN,reggae,Reggae,8,reggae\reggae.00042.wav,C:\Genrogram\data\gtzan\genres\reggae\reggae.00042.wav,3bf843d17e4186b7510ed5fec9f7191f92d1ac9d02898472932d5e8a9b7d670d,30.000181,included,
2751,GTZAN,reggae,Reggae,8,reggae\reggae.00043.wav,C:\Genrogram\data\gtzan\genres\reggae\reggae.00043.wav,ea185ac19e7107c1da5dffc3391c1be9a3a506769b290ef6f0c1edd20b9a8f87,30.000181,included,
2752,GTZAN,reggae,Reggae,8,reggae\reggae.00043.wav,C:\Genrogram\data\gtzan\genres\reggae\reggae.00043.wav,ea185ac19e7107c1da5dffc3391c1be9a3a506769b290ef6f0c1edd20b9a8f87,30.000181,included,
2753,GTZAN,reggae,Reggae,8,reggae\reggae.00044.wav,C:\Genrogram\data\gtzan\genres\reggae\reggae.00044.wav,d2d74b107a012767695bd3a2e2f5d4928fb978ed329276b4c32a5b5847eb79ba,30.000181,included,
2754,GTZAN,reggae,Reggae,8,reggae\reggae.00044.wav,C:\Genrogram\data\gtzan\genres\reggae\reggae.00044.wav,d2d74b107a012767695bd3a2e2f5d4928fb978ed329276b4c32a5b5847eb79ba,30.000181,included,
2755,GTZAN,reggae,Reggae,8,reggae\reggae.00045.wav,C:\Genrogram\data\gtzan\genres\reggae\reggae.00045.wav,6b9a9c06664bcae9cc9d6e2998244bf8ffe1a4b44b62976580b18a7b31f03a68,30.000181,included,
2756,GTZAN,reggae,Reggae,8,reggae\reggae.00045.wav,C:\Genrogram\data\gtzan\genres\reggae\reggae.00045.wav,6b9a9c06664bcae9cc9d6e2998244bf8ffe1a4b44b62976580b18a7b31f03a68,30.000181,included,
2757,GTZAN,reggae,Reggae,8,reggae\reggae.00046.wav,C:\Genrogram\data\gtzan\genres\reggae\reggae.00046.wav,5e8fb8c4797b250cac7fa14d68b6924e0c59fa66cee571716596a723b49a0fd3,30.000181,included,
2758,GTZAN,reggae,Reggae,8,reggae\reggae.00046.wav,C:\Genrogram\data\gtzan\genres\reggae\reggae.00046.wav,5e8fb8c4797b250cac7fa14d68b6924e0c59fa66cee571716596a723b49a0fd3,30.000181,included,
2759,GTZAN,reggae,Reggae,8,reggae\reggae.00047.wav,C:\Genrogram\data\gtzan\genres\reggae\reggae.00047.wav,984b29382c968bf920369232adf07f287025f1f6e485904389d5f30acdbaac35,30.000181,included,
2760,GTZAN,reggae,Reggae,8,reggae\reggae.00047.wav,C:\Genrogram\data\gtzan\genres\reggae\reggae.00047.wav,984b29382c968bf920369232adf07f287025f1f6e485904389d5f30acdbaac35,30.000181,included,
2761,GTZAN,reggae,Reggae,8,reggae\reggae.00048.wav,C:\Genrogram\data\gtzan\genres\reggae\reggae.00048.wav,f89ea3e31d30deb024bcfddf3017d1be59d6246ae4897e26eb86ff2ff0ee53a9,30.000181,included,
2762,GTZAN,reggae,Reggae,8,reggae\reggae.00048.wav,C:\Genrogram\data\gtzan\genres\reggae\reggae.00048.wav,f89ea3e31d30deb024bcfddf3017d1be59d6246ae4897e26eb86ff2ff0ee53a9,30.000181,included,
2763,GTZAN,reggae,Reggae,8,reggae\reggae.00049.wav,C:\Genrogram\data\gtzan\genres\reggae\reggae.00049.wav,4c6b2cbace671e8d15810d6d950c3528c8c36a09a23040e4c73c20d2af3a7387,30.000181,included,
2764,GTZAN,reggae,Reggae,8,reggae\reggae.00049.wav,C:\Genrogram\data\gtzan\genres\reggae\reggae.00049.wav,4c6b2cbace671e8d15810d6d950c3528c8c36a09a23040e4c73c20d2af3a7387,30.000181,included,
2765,GTZAN,reggae,Reggae,8,reggae\reggae.00050.wav,C:\Genrogram\data\gtzan\genres\reggae\reggae.00050.wav,80fe7e14fa06e247b02018d51059763d567039e3b69bb7fcb087b752e28b56fa,30.000181,included,
2766,GTZAN,reggae,Reggae,8,reggae\reggae.00050.wav,C:\Genrogram\data\gtzan\genres\reggae\reggae.00050.wav,80fe7e14fa06e247b02018d51059763d567039e3b69bb7fcb087b752e28b56fa,30.000181,included,
2767,GTZAN,reggae,Reggae,8,reggae\reggae.00051.wav,C:\Genrogram\data\gtzan\genres\reggae\reggae.00051.wav,61545709f3a4c6d216809d788778e6a7f550a0d0f4f26b481999fd1848290190,30.000181,included,
2768,GTZAN,reggae,Reggae,8,reggae\reggae.00051.wav,C:\Genrogram\data\gtzan\genres\reggae\reggae.00051.wav,61545709f3a4c6d216809d788778e6a7f550a0d0f4f26b481999fd1848290190,30.000181,included,
2769,GTZAN,reggae,Reggae,8,reggae\reggae.00052.wav,C:\Genrogram\data\gtzan\genres\reggae\reggae.00052.wav,9c9786057f54d66f3cecbe218e88656b359f39c8b3b5c9fad2d969bdf07b54a8,30.000181,included,
2770,GTZAN,reggae,Reggae,8,reggae\reggae.00052.wav,C:\Genrogram\data\gtzan\genres\reggae\reggae.00052.wav,9c9786057f54d66f3cecbe218e88656b359f39c8b3b5c9fad2d969bdf07b54a8,30.000181,included,
2771,GTZAN,reggae,Reggae,8,reggae\reggae.00053.wav,C:\Genrogram\data\gtzan\genres\reggae\reggae.00053.wav,0b1892bf44c893e37131b620bdaa7b3c295298f6f8bf85898078bac7c8a8c9bb,30.000181,included,
2772,GTZAN,reggae,Reggae,8,reggae\reggae.00053.wav,C:\Genrogram\data\gtzan\genres\reggae\reggae.00053.wav,0b1892bf44c893e37131b620bdaa7b3c295298f6f8bf85898078bac7c8a8c9bb,30.000181,included,
2773,GTZAN,reggae,Reggae,8,reggae\reggae.00054.wav,C:\Genrogram\data\gtzan\genres\reggae\reggae.00054.wav,f9465548a4675ebc95588eec076644d8c3495ccc1e887150c0b2d9130f92d0d8,30.000181,included,
2774,GTZAN,reggae,Reggae,8,reggae\reggae.00054.wav,C:\Genrogram\data\gtzan\genres\reggae\reggae.00054.wav,f9465548a4675ebc95588eec076644d8c3495ccc1e887150c0b2d9130f92d0d8,30.000181,included,
2775,GTZAN,reggae,Reggae,8,reggae\reggae.00055.wav,C:\Genrogram\data\gtzan\genres\reggae\reggae.00055.wav,4dc87245086adf97581eb483a413f2fd073c090d2ae3674283bc364bd0a1d740,30.000181,included,
2776,GTZAN,reggae,Reggae,8,reggae\reggae.00055.wav,C:\Genrogram\data\gtzan\genres\reggae\reggae.00055.wav,4dc87245086adf97581eb483a413f2fd073c090d2ae3674283bc364bd0a1d740,30.000181,included,
2777,GTZAN,reggae,Reggae,8,reggae\reggae.00056.wav,C:\Genrogram\data\gtzan\genres\reggae\reggae.00056.wav,4ee60ab848d092055250cf6fcc6174410b65277b0116a9c64701b005af86bfe3,30.000181,included,
2778,GTZAN,reggae,Reggae,8,reggae\reggae.00056.wav,C:\Genrogram\data\gtzan\genres\reggae\reggae.00056.wav,4ee60ab848d092055250cf6fcc6174410b65277b0116a9c64701b005af86bfe3,30.000181,included,
2779,GTZAN,reggae,Reggae,8,reggae\reggae.00057.wav,C:\Genrogram\data\gtzan\genres\reggae\reggae.00057.wav,26aa0d1349e1dd5258594237d0e714dfb19ffd075d7196598759c4372012c60d,30.000181,included,
2780,GTZAN,reggae,Reggae,8,reggae\reggae.00057.wav,C:\Genrogram\data\gtzan\genres\reggae\reggae.00057.wav,26aa0d1349e1dd5258594237d0e714dfb19ffd075d7196598759c4372012c60d,30.000181,included,
2781,GTZAN,reggae,Reggae,8,reggae\reggae.00058.wav,C:\Genrogram\data\gtzan\genres\reggae\reggae.00058.wav,89a31a5f201d547de9e4d741a6c2baa68ac2cf9e2a217f98002dde155aa66e30,30.000181,included,
2782,GTZAN,reggae,Reggae,8,reggae\reggae.00058.wav,C:\Genrogram\data\gtzan\genres\reggae\reggae.00058.wav,89a31a5f201d547de9e4d741a6c2baa68ac2cf9e2a217f98002dde155aa66e30,30.000181,included,
2783,GTZAN,reggae,Reggae,8,reggae\reggae.00059.wav,C:\Genrogram\data\gtzan\genres\reggae\reggae.00059.wav,041c28c1f4a7adbd36ffa561f9a82fa8d9d8bb876a1c38cc2ae999d3e2181240,30.000181,included,
2784,GTZAN,reggae,Reggae,8,reggae\reggae.00059.wav,C:\Genrogram\data\gtzan\genres\reggae\reggae.00059.wav,041c28c1f4a7adbd36ffa561f9a82fa8d9d8bb876a1c38cc2ae999d3e2181240,30.000181,included,
2785,GTZAN,reggae,Reggae,8,reggae\reggae.00060.wav,C:\Genrogram\data\gtzan\genres\reggae\reggae.00060.wav,ee5b22e461ee780b9d713c8c49d59b4728ed7151d45b6ce9e63fdf172fff4a36,30.000181,included,
2786,GTZAN,reggae,Reggae,8,reggae\reggae.00060.wav,C:\Genrogram\data\gtzan\genres\reggae\reggae.00060.wav,ee5b22e461ee780b9d713c8c49d59b4728ed7151d45b6ce9e63fdf172fff4a36,30.000181,included,
2787,GTZAN,reggae,Reggae,8,reggae\reggae.00061.wav,C:\Genrogram\data\gtzan\genres\reggae\reggae.00061.wav,4113ae2387314793259822c67ec81ebfb4d4e654b635573790118fec3404021b,30.000181,included,
2788,GTZAN,reggae,Reggae,8,reggae\reggae.00061.wav,C:\Genrogram\data\gtzan\genres\reggae\reggae.00061.wav,4113ae2387314793259822c67ec81ebfb4d4e654b635573790118fec3404021b,30.000181,included,
2789,GTZAN,reggae,Reggae,8,reggae\reggae.00062.wav,C:\Genrogram\data\gtzan\genres\reggae\reggae.00062.wav,1b38e3348827d1aa5825287670096453a509e1805cea771a55d82b172e924eb5,30.000181,included,
2790,GTZAN,reggae,Reggae,8,reggae\reggae.00062.wav,C:\Genrogram\data\gtzan\genres\reggae\reggae.00062.wav,1b38e3348827d1aa5825287670096453a509e1805cea771a55d82b172e924eb5,30.000181,included,
2791,GTZAN,reggae,Reggae,8,reggae\reggae.00063.wav,C:\Genrogram\data\gtzan\genres\reggae\reggae.00063.wav,594b4e1d25aed4423b4a5374b1977e4824cf10bef49cef1839286916cf05265f,30.000181,included,
2792,GTZAN,reggae,Reggae,8,reggae\reggae.00063.wav,C:\Genrogram\data\gtzan\genres\reggae\reggae.00063.wav,594b4e1d25aed4423b4a5374b1977e4824cf10bef49cef1839286916cf05265f,30.000181,included,
2793,GTZAN,reggae,Reggae,8,reggae\reggae.00064.wav,C:\Genrogram\data\gtzan\genres\reggae\reggae.00064.wav,4a29e975bcaa91e710b38265a4f851090d382e840852c9b81f52fd3d449d968b,30.000181,included,
2794,GTZAN,reggae,Reggae,8,reggae\reggae.00064.wav,C:\Genrogram\data\gtzan\genres\reggae\reggae.00064.wav,4a29e975bcaa91e710b38265a4f851090d382e840852c9b81f52fd3d449d968b,30.000181,included,
2795,GTZAN,reggae,Reggae,8,reggae\reggae.00065.wav,C:\Genrogram\data\gtzan\genres\reggae\reggae.00065.wav,77dc5753589aee0e4b84bffecc6e40cfa935215509719a800a3f22f616044000,30.000181,included,
2796,GTZAN,reggae,Reggae,8,reggae\reggae.00065.wav,C:\Genrogram\data\gtzan\genres\reggae\reggae.00065.wav,77dc5753589aee0e4b84bffecc6e40cfa935215509719a800a3f22f616044000,30.000181,included,
2797,GTZAN,reggae,Reggae,8,reggae\reggae.00066.wav,C:\Genrogram\data\gtzan\genres\reggae\reggae.00066.wav,9c8ce297d982b369b175d5f80dda3a46439b530e2a220c0320acdccc256ee1aa,30.000181,included,
2798,GTZAN,reggae,Reggae,8,reggae\reggae.00066.wav,C:\Genrogram\data\gtzan\genres\reggae\reggae.00066.wav,9c8ce297d982b369b175d5f80dda3a46439b530e2a220c0320acdccc256ee1aa,30.000181,included,
2799,GTZAN,reggae,Reggae,8,reggae\reggae.00067.wav,C:\Genrogram\data\gtzan\genres\reggae\reggae.00067.wav,4ebf8041b595d27f5e325b9ac15c59147c716d393c7783dd4c6321e9986db110,30.000181,included,
2800,GTZAN,reggae,Reggae,8,reggae\reggae.00067.wav,C:\Genrogram\data\gtzan\genres\reggae\reggae.00067.wav,4ebf8041b595d27f5e325b9ac15c59147c716d393c7783dd4c6321e9986db110,30.000181,included,
2801,GTZAN,reggae,Reggae,8,reggae\reggae.00068.wav,C:\Genrogram\data\gtzan\genres\reggae\reggae.00068.wav,f6e0850cba416b9db7b85768d904b30b590bfc81676d6807cd60bfa55ec4e6d9,30.000181,included,
2802,GTZAN,reggae,Reggae,8,reggae\reggae.00068.wav,C:\Genrogram\data\gtzan\genres\reggae\reggae.00068.wav,f6e0850cba416b9db7b85768d904b30b590bfc81676d6807cd60bfa55ec4e6d9,30.000181,included,
2803,GTZAN,reggae,Reggae,8,reggae\reggae.00069.wav,C:\Genrogram\data\gtzan\genres\reggae\reggae.00069.wav,3e389c337a14f399f3e6a8f3195f4005009e51ed243fcc8137be9c39e6a31d09,30.000181,included,
2804,GTZAN,reggae,Reggae,8,reggae\reggae.00069.wav,C:\Genrogram\data\gtzan\genres\reggae\reggae.00069.wav,3e389c337a14f399f3e6a8f3195f4005009e51ed243fcc8137be9c39e6a31d09,30.000181,included,
2805,GTZAN,reggae,Reggae,8,reggae\reggae.00070.wav,C:\Genrogram\data\gtzan\genres\reggae\reggae.00070.wav,56f673e8065329c77d713bdc52a4406b5d85b84e74f7d1ed0d510363647ab639,30.000181,included,
2806,GTZAN,reggae,Reggae,8,reggae\reggae.00070.wav,C:\Genrogram\data\gtzan\genres\reggae\reggae.00070.wav,56f673e8065329c77d713bdc52a4406b5d85b84e74f7d1ed0d510363647ab639,30.000181,included,
2807,GTZAN,reggae,Reggae,8,reggae\reggae.00071.wav,C:\Genrogram\data\gtzan\genres\reggae\reggae.00071.wav,7bba11f39c86265d51b8f467cde2554187f686f82ae05e678a59373291859e41,30.000181,included,
2808,GTZAN,reggae,Reggae,8,reggae\reggae.00071.wav,C:\Genrogram\data\gtzan\genres\reggae\reggae.00071.wav,7bba11f39c86265d51b8f467cde2554187f686f82ae05e678a59373291859e41,30.000181,included,
2809,GTZAN,reggae,Reggae,8,reggae\reggae.00072.wav,C:\Genrogram\data\gtzan\genres\reggae\reggae.00072.wav,ffe1fe72f49a36505e324a9990b3e7621077e0cd167eac3b3b4c810cebbbcc2e,30.000181,included,
2810,GTZAN,reggae,Reggae,8,reggae\reggae.00072.wav,C:\Genrogram\data\gtzan\genres\reggae\reggae.00072.wav,ffe1fe72f49a36505e324a9990b3e7621077e0cd167eac3b3b4c810cebbbcc2e,30.000181,included,
2811,GTZAN,reggae,Reggae,8,reggae\reggae.00073.wav,C:\Genrogram\data\gtzan\genres\reggae\reggae.00073.wav,cef2f8df954050108d8870840c9d3167e151b69baee26cb6899183541a265bb4,30.000181,included,
2812,GTZAN,reggae,Reggae,8,reggae\reggae.00073.wav,C:\Genrogram\data\gtzan\genres\reggae\reggae.00073.wav,cef2f8df954050108d8870840c9d3167e151b69baee26cb6899183541a265bb4,30.000181,included,
2813,GTZAN,reggae,Reggae,8,reggae\reggae.00074.wav,C:\Genrogram\data\gtzan\genres\reggae\reggae.00074.wav,f0fc9062497e42aabd23137b1aebc34611cb629a41adcbf9a87e10b882aa164c,30.000181,included,
2814,GTZAN,reggae,Reggae,8,reggae\reggae.00074.wav,C:\Genrogram\data\gtzan\genres\reggae\reggae.00074.wav,f0fc9062497e42aabd23137b1aebc34611cb629a41adcbf9a87e10b882aa164c,30.000181,included,
2815,GTZAN,reggae,Reggae,8,reggae\reggae.00075.wav,C:\Genrogram\data\gtzan\genres\reggae\reggae.00075.wav,2df06e177f0038c87340a5816cbe1e6e30650d907b9867141e5426481f7be6aa,30.000181,included,
2816,GTZAN,reggae,Reggae,8,reggae\reggae.00075.wav,C:\Genrogram\data\gtzan\genres\reggae\reggae.00075.wav,2df06e177f0038c87340a5816cbe1e6e30650d907b9867141e5426481f7be6aa,30.000181,included,
2817,GTZAN,reggae,Reggae,8,reggae\reggae.00076.wav,C:\Genrogram\data\gtzan\genres\reggae\reggae.00076.wav,75835b34073764e08efd71cc024bf084e8920aa5781ffc2f04c5c7263408f5cd,30.000181,included,
2818,GTZAN,reggae,Reggae,8,reggae\reggae.00076.wav,C:\Genrogram\data\gtzan\genres\reggae\reggae.00076.wav,75835b34073764e08efd71cc024bf084e8920aa5781ffc2f04c5c7263408f5cd,30.000181,included,
2819,GTZAN,reggae,Reggae,8,reggae\reggae.00077.wav,C:\Genrogram\data\gtzan\genres\reggae\reggae.00077.wav,6254fa1667d7331b7aa7288e34ac843faf850da3544c9c6b69d075409ff999a2,30.000181,included,
2820,GTZAN,reggae,Reggae,8,reggae\reggae.00077.wav,C:\Genrogram\data\gtzan\genres\reggae\reggae.00077.wav,6254fa1667d7331b7aa7288e34ac843faf850da3544c9c6b69d075409ff999a2,30.000181,included,
2821,GTZAN,reggae,Reggae,8,reggae\reggae.00078.wav,C:\Genrogram\data\gtzan\genres\reggae\reggae.00078.wav,b8c71bd741b652b6fa32a53c723029ef208f0c9eef4b419a23f470a19bfe55bb,30.000181,included,
2822,GTZAN,reggae,Reggae,8,reggae\reggae.00078.wav,C:\Genrogram\data\gtzan\genres\reggae\reggae.00078.wav,b8c71bd741b652b6fa32a53c723029ef208f0c9eef4b419a23f470a19bfe55bb,30.000181,included,
2823,GTZAN,reggae,Reggae,8,reggae\reggae.00079.wav,C:\Genrogram\data\gtzan\genres\reggae\reggae.00079.wav,2a55f98eba7ac802f233dca974a4d3b7f2197f9cb07cd8cfe80194397ed919b8,30.000181,included,
2824,GTZAN,reggae,Reggae,8,reggae\reggae.00079.wav,C:\Genrogram\data\gtzan\genres\reggae\reggae.00079.wav,2a55f98eba7ac802f233dca974a4d3b7f2197f9cb07cd8cfe80194397ed919b8,30.000181,included,
2825,GTZAN,reggae,Reggae,8,reggae\reggae.00080.wav,C:\Genrogram\data\gtzan\genres\reggae\reggae.00080.wav,f1491e3b33063c18433a05547bbec0e3b1a381bde6cca37c4c99e5306f6d1a0a,30.000181,included,
2826,GTZAN,reggae,Reggae,8,reggae\reggae.00080.wav,C:\Genrogram\data\gtzan\genres\reggae\reggae.00080.wav,f1491e3b33063c18433a05547bbec0e3b1a381bde6cca37c4c99e5306f6d1a0a,30.000181,included,
2827,GTZAN,reggae,Reggae,8,reggae\reggae.00081.wav,C:\Genrogram\data\gtzan\genres\reggae\reggae.00081.wav,f5bbaba83167c97f12dd477fadf436f1e32b4279efad43cf4771770a46f4857b,30.000181,included,
2828,GTZAN,reggae,Reggae,8,reggae\reggae.00081.wav,C:\Genrogram\data\gtzan\genres\reggae\reggae.00081.wav,f5bbaba83167c97f12dd477fadf436f1e32b4279efad43cf4771770a46f4857b,30.000181,included,
2829,GTZAN,reggae,Reggae,8,reggae\reggae.00082.wav,C:\Genrogram\data\gtzan\genres\reggae\reggae.00082.wav,f5bbaba83167c97f12dd477fadf436f1e32b4279efad43cf4771770a46f4857b,30.000181,included,
2830,GTZAN,reggae,Reggae,8,reggae\reggae.00082.wav,C:\Genrogram\data\gtzan\genres\reggae\reggae.00082.wav,f5bbaba83167c97f12dd477fadf436f1e32b4279efad43cf4771770a46f4857b,30.000181,included,
2831,GTZAN,reggae,Reggae,8,reggae\reggae.00083.wav,C:\Genrogram\data\gtzan\genres\reggae\reggae.00083.wav,a1af6e49b540711b1acc3f82692b7769a35afe6d2d926979ac5803acbed4c629,30.000181,included,
2832,GTZAN,reggae,Reggae,8,reggae\reggae.00083.wav,C:\Genrogram\data\gtzan\genres\reggae\reggae.00083.wav,a1af6e49b540711b1acc3f82692b7769a35afe6d2d926979ac5803acbed4c629,30.000181,included,
2833,GTZAN,reggae,Reggae,8,reggae\reggae.00084.wav,C:\Genrogram\data\gtzan\genres\reggae\reggae.00084.wav,c5f93219e8c5b6105f56d3408e8c5c758f3b6c3a196094f9eefc9a2be0ec0776,30.000181,included,
2834,GTZAN,reggae,Reggae,8,reggae\reggae.00084.wav,C:\Genrogram\data\gtzan\genres\reggae\reggae.00084.wav,c5f93219e8c5b6105f56d3408e8c5c758f3b6c3a196094f9eefc9a2be0ec0776,30.000181,included,
2835,GTZAN,reggae,Reggae,8,reggae\reggae.00085.wav,C:\Genrogram\data\gtzan\genres\reggae\reggae.00085.wav,b28754985e8c9aa5325ca94833a05733d7f6e48ab016e80145aa3ec3288c90a4,30.000181,included,
2836,GTZAN,reggae,Reggae,8,reggae\reggae.00085.wav,C:\Genrogram\data\gtzan\genres\reggae\reggae.00085.wav,b28754985e8c9aa5325ca94833a05733d7f6e48ab016e80145aa3ec3288c90a4,30.000181,included,
2837,GTZAN,reggae,Reggae,8,reggae\reggae.00086.wav,C:\Genrogram\data\gtzan\genres\reggae\reggae.00086.wav,a0af0e5276e0e4204519d7c66a537fc8dd267f9283bf146d12d11f8c68ba5d1f,30.000181,included,
2838,GTZAN,reggae,Reggae,8,reggae\reggae.00086.wav,C:\Genrogram\data\gtzan\genres\reggae\reggae.00086.wav,a0af0e5276e0e4204519d7c66a537fc8dd267f9283bf146d12d11f8c68ba5d1f,30.000181,included,
2839,GTZAN,reggae,Reggae,8,reggae\reggae.00087.wav,C:\Genrogram\data\gtzan\genres\reggae\reggae.00087.wav,bd25fe45063c1c9f47d72f49630a3740c14ec36719f71b5db985c349cb2fbcd8,30.000181,included,
2840,GTZAN,reggae,Reggae,8,reggae\reggae.00087.wav,C:\Genrogram\data\gtzan\genres\reggae\reggae.00087.wav,bd25fe45063c1c9f47d72f49630a3740c14ec36719f71b5db985c349cb2fbcd8,30.000181,included,
2841,GTZAN,reggae,Reggae,8,reggae\reggae.00088.wav,C:\Genrogram\data\gtzan\genres\reggae\reggae.00088.wav,ce75fc574691e687175739930acef8b6c61735e04890191e12a642a6ebc4c2cb,30.000181,included,
2842,GTZAN,reggae,Reggae,8,reggae\reggae.00088.wav,C:\Genrogram\data\gtzan\genres\reggae\reggae.00088.wav,ce75fc574691e687175739930acef8b6c61735e04890191e12a642a6ebc4c2cb,30.000181,included,
2843,GTZAN,reggae,Reggae,8,reggae\reggae.00089.wav,C:\Genrogram\data\gtzan\genres\reggae\reggae.00089.wav,c220865d6f8966bd9ee5b3f5e323ebae3093b9f899c6a5f52258396a08340f62,30.000181,included,
2844,GTZAN,reggae,Reggae,8,reggae\reggae.00089.wav,C:\Genrogram\data\gtzan\genres\reggae\reggae.00089.wav,c220865d6f8966bd9ee5b3f5e323ebae3093b9f899c6a5f52258396a08340f62,30.000181,included,
2845,GTZAN,reggae,Reggae,8,reggae\reggae.00090.wav,C:\Genrogram\data\gtzan\genres\reggae\reggae.00090.wav,964172909fef64d379c09f08698ca7b901bc252afd891ab32f88d057db427a2f,30.000181,included,
2846,GTZAN,reggae,Reggae,8,reggae\reggae.00090.wav,C:\Genrogram\data\gtzan\genres\reggae\reggae.00090.wav,964172909fef64d379c09f08698ca7b901bc252afd891ab32f88d057db427a2f,30.000181,included,
2847,GTZAN,reggae,Reggae,8,reggae\reggae.00091.wav,C:\Genrogram\data\gtzan\genres\reggae\reggae.00091.wav,6043a81e0ad5a14a2ab21de5e5529f31e7fca399557575bce8f71f14478a4956,30.000181,included,
2848,GTZAN,reggae,Reggae,8,reggae\reggae.00091.wav,C:\Genrogram\data\gtzan\genres\reggae\reggae.00091.wav,6043a81e0ad5a14a2ab21de5e5529f31e7fca399557575bce8f71f14478a4956,30.000181,included,
2849,GTZAN,reggae,Reggae,8,reggae\reggae.00092.wav,C:\Genrogram\data\gtzan\genres\reggae\reggae.00092.wav,a00b863e6e83e2bea187c33a1921ff760c28b15bc25a812a62c2b79b4ba9673a,30.000181,included,
2850,GTZAN,reggae,Reggae,8,reggae\reggae.00092.wav,C:\Genrogram\data\gtzan\genres\reggae\reggae.00092.wav,a00b863e6e83e2bea187c33a1921ff760c28b15bc25a812a62c2b79b4ba9673a,30.000181,included,
2851,GTZAN,reggae,Reggae,8,reggae\reggae.00093.wav,C:\Genrogram\data\gtzan\genres\reggae\reggae.00093.wav,e08c608cbc0489f163e0b5aa3d76d0a4e411433c90f4dda707b87a5401a07a06,30.000181,included,
2852,GTZAN,reggae,Reggae,8,reggae\reggae.00093.wav,C:\Genrogram\data\gtzan\genres\reggae\reggae.00093.wav,e08c608cbc0489f163e0b5aa3d76d0a4e411433c90f4dda707b87a5401a07a06,30.000181,included,
2853,GTZAN,reggae,Reggae,8,reggae\reggae.00094.wav,C:\Genrogram\data\gtzan\genres\reggae\reggae.00094.wav,a0446aac465288a77d3725f425ec831bb71b134444292e6f8e5adc8800ba0acd,30.000181,included,
2854,GTZAN,reggae,Reggae,8,reggae\reggae.00094.wav,C:\Genrogram\data\gtzan\genres\reggae\reggae.00094.wav,a0446aac465288a77d3725f425ec831bb71b134444292e6f8e5adc8800ba0acd,30.000181,included,
2855,GTZAN,reggae,Reggae,8,reggae\reggae.00095.wav,C:\Genrogram\data\gtzan\genres\reggae\reggae.00095.wav,e33538669023e619d1f54eaf2a00f1dcd9447a301df8521958cd79d627d3bce1,30.000181,included,
2856,GTZAN,reggae,Reggae,8,reggae\reggae.00095.wav,C:\Genrogram\data\gtzan\genres\reggae\reggae.00095.wav,e33538669023e619d1f54eaf2a00f1dcd9447a301df8521958cd79d627d3bce1,30.000181,included,
2857,GTZAN,reggae,Reggae,8,reggae\reggae.00096.wav,C:\Genrogram\data\gtzan\genres\reggae\reggae.00096.wav,68823ef82185912d6c18bcc16bc7ad7445e2df8c7d2d67af24fb1492baeb52e1,30.000181,included,
2858,GTZAN,reggae,Reggae,8,reggae\reggae.00096.wav,C:\Genrogram\data\gtzan\genres\reggae\reggae.00096.wav,68823ef82185912d6c18bcc16bc7ad7445e2df8c7d2d67af24fb1492baeb52e1,30.000181,included,
2859,GTZAN,reggae,Reggae,8,reggae\reggae.00097.wav,C:\Genrogram\data\gtzan\genres\reggae\reggae.00097.wav,a2ae2784660f770f445de99c3cf69ca0b917b71ca42501e0ea9517c04b4d1e92,30.000181,included,
2860,GTZAN,reggae,Reggae,8,reggae\reggae.00097.wav,C:\Genrogram\data\gtzan\genres\reggae\reggae.00097.wav,a2ae2784660f770f445de99c3cf69ca0b917b71ca42501e0ea9517c04b4d1e92,30.000181,included,
2861,GTZAN,reggae,Reggae,8,reggae\reggae.00098.wav,C:\Genrogram\data\gtzan\genres\reggae\reggae.00098.wav,4a60be69036fbf5d827259c9cce0a037a6ffd50caff62d51327e5822fd9d5add,30.000181,included,
2862,GTZAN,reggae,Reggae,8,reggae\reggae.00098.wav,C:\Genrogram\data\gtzan\genres\reggae\reggae.00098.wav,4a60be69036fbf5d827259c9cce0a037a6ffd50caff62d51327e5822fd9d5add,30.000181,included,
2863,GTZAN,reggae,Reggae,8,reggae\reggae.00099.wav,C:\Genrogram\data\gtzan\genres\reggae\reggae.00099.wav,6d20c9c04c7a8c524754d5ff998cd9bc660b96ed6ff0e56471bc1b59750c7c1e,30.000181,included,
2864,GTZAN,reggae,Reggae,8,reggae\reggae.00099.wav,C:\Genrogram\data\gtzan\genres\reggae\reggae.00099.wav,6d20c9c04c7a8c524754d5ff998cd9bc660b96ed6ff0e56471bc1b59750c7c1e,30.000181,included,
2865,GTZAN,rock,Rock,9,rock\rock.00000.wav,C:\Genrogram\data\gtzan\genres\rock\rock.00000.wav,779d7cccda20237e3bc7da0092bffd6917dbc4e1d1d455366327fce91487b6f9,30.013333,included,
2866,GTZAN,rock,Rock,9,rock\rock.00000.wav,C:\Genrogram\data\gtzan\genres\rock\rock.00000.wav,779d7cccda20237e3bc7da0092bffd6917dbc4e1d1d455366327fce91487b6f9,30.013333,included,
2867,GTZAN,rock,Rock,9,rock\rock.00001.wav,C:\Genrogram\data\gtzan\genres\rock\rock.00001.wav,ee708d15ad1c39268f978d58320f92cdeb0f4496fda5c7e81bc0530dcbc82ee2,30.013333,included,
2868,GTZAN,rock,Rock,9,rock\rock.00001.wav,C:\Genrogram\data\gtzan\genres\rock\rock.00001.wav,ee708d15ad1c39268f978d58320f92cdeb0f4496fda5c7e81bc0530dcbc82ee2,30.013333,included,
2869,GTZAN,rock,Rock,9,rock\rock.00002.wav,C:\Genrogram\data\gtzan\genres\rock\rock.00002.wav,a8646e1df138753e113ba9ba2f864cadfde810143b590dc66239dfd49611328b,30.013333,included,
2870,GTZAN,rock,Rock,9,rock\rock.00002.wav,C:\Genrogram\data\gtzan\genres\rock\rock.00002.wav,a8646e1df138753e113ba9ba2f864cadfde810143b590dc66239dfd49611328b,30.013333,included,
2871,GTZAN,rock,Rock,9,rock\rock.00003.wav,C:\Genrogram\data\gtzan\genres\rock\rock.00003.wav,aa7536977b3d58258a4bd84757a0eb30b0113d7171ac36134c5f1cddacedee15,30.013333,included,
2872,GTZAN,rock,Rock,9,rock\rock.00003.wav,C:\Genrogram\data\gtzan\genres\rock\rock.00003.wav,aa7536977b3d58258a4bd84757a0eb30b0113d7171ac36134c5f1cddacedee15,30.013333,included,
2873,GTZAN,rock,Rock,9,rock\rock.00004.wav,C:\Genrogram\data\gtzan\genres\rock\rock.00004.wav,495ed223843e0134d10b51c2b710865e7ff4bcace5ca93b2375cf0ee074c705e,30.013333,included,
2874,GTZAN,rock,Rock,9,rock\rock.00004.wav,C:\Genrogram\data\gtzan\genres\rock\rock.00004.wav,495ed223843e0134d10b51c2b710865e7ff4bcace5ca93b2375cf0ee074c705e,30.013333,included,
2875,GTZAN,rock,Rock,9,rock\rock.00005.wav,C:\Genrogram\data\gtzan\genres\rock\rock.00005.wav,2fd7a6352a30192e6401e28bf45a45b20365d485aa30cadd3f72299f7f8b6ffa,30.013333,included,
2876,GTZAN,rock,Rock,9,rock\rock.00005.wav,C:\Genrogram\data\gtzan\genres\rock\rock.00005.wav,2fd7a6352a30192e6401e28bf45a45b20365d485aa30cadd3f72299f7f8b6ffa,30.013333,included,
2877,GTZAN,rock,Rock,9,rock\rock.00006.wav,C:\Genrogram\data\gtzan\genres\rock\rock.00006.wav,8a8d2d36ae318233abe05e2bffa802e1b0a30678c8f8b59b45865d82478174ce,30.013333,included,
2878,GTZAN,rock,Rock,9,rock\rock.00006.wav,C:\Genrogram\data\gtzan\genres\rock\rock.00006.wav,8a8d2d36ae318233abe05e2bffa802e1b0a30678c8f8b59b45865d82478174ce,30.013333,included,
2879,GTZAN,rock,Rock,9,rock\rock.00007.wav,C:\Genrogram\data\gtzan\genres\rock\rock.00007.wav,f164a6cfbc99f54f6a054c5930d6e5360f08f69cee1ca2f42f3b4b3c48df9d76,30.013333,included,
2880,GTZAN,rock,Rock,9,rock\rock.00007.wav,C:\Genrogram\data\gtzan\genres\rock\rock.00007.wav,f164a6cfbc99f54f6a054c5930d6e5360f08f69cee1ca2f42f3b4b3c48df9d76,30.013333,included,
2881,GTZAN,rock,Rock,9,rock\rock.00008.wav,C:\Genrogram\data\gtzan\genres\rock\rock.00008.wav,392f4ba85ccbe9fa5fb0b7d84e8e4330513d11109eae17abf7cd94235e193f62,30.013333,included,
2882,GTZAN,rock,Rock,9,rock\rock.00008.wav,C:\Genrogram\data\gtzan\genres\rock\rock.00008.wav,392f4ba85ccbe9fa5fb0b7d84e8e4330513d11109eae17abf7cd94235e193f62,30.013333,included,
2883,GTZAN,rock,Rock,9,rock\rock.00009.wav,C:\Genrogram\data\gtzan\genres\rock\rock.00009.wav,f70cd966d20669d661b6c0d0ef437ea04ebbf1274d2f8327b0118e9cdc70e207,30.013333,included,
2884,GTZAN,rock,Rock,9,rock\rock.00009.wav,C:\Genrogram\data\gtzan\genres\rock\rock.00009.wav,f70cd966d20669d661b6c0d0ef437ea04ebbf1274d2f8327b0118e9cdc70e207,30.013333,included,
2885,GTZAN,rock,Rock,9,rock\rock.00010.wav,C:\Genrogram\data\gtzan\genres\rock\rock.00010.wav,247509a491c459694eef7c159c312f59dbd22712f850c04e18f366ea0d9fd58d,30.013333,included,
2886,GTZAN,rock,Rock,9,rock\rock.00010.wav,C:\Genrogram\data\gtzan\genres\rock\rock.00010.wav,247509a491c459694eef7c159c312f59dbd22712f850c04e18f366ea0d9fd58d,30.013333,included,
2887,GTZAN,rock,Rock,9,rock\rock.00011.wav,C:\Genrogram\data\gtzan\genres\rock\rock.00011.wav,6badf9c135bb6295c06df60de3b93f457c5f13bdfe2b46666bd4c879a5f715d9,30.013333,included,
2888,GTZAN,rock,Rock,9,rock\rock.00011.wav,C:\Genrogram\data\gtzan\genres\rock\rock.00011.wav,6badf9c135bb6295c06df60de3b93f457c5f13bdfe2b46666bd4c879a5f715d9,30.013333,included,
2889,GTZAN,rock,Rock,9,rock\rock.00012.wav,C:\Genrogram\data\gtzan\genres\rock\rock.00012.wav,98906101dd51912aff0316fc66734fa1d710f6f31f5f41b3862362adb006b6ef,30.013333,included,
2890,GTZAN,rock,Rock,9,rock\rock.00012.wav,C:\Genrogram\data\gtzan\genres\rock\rock.00012.wav,98906101dd51912aff0316fc66734fa1d710f6f31f5f41b3862362adb006b6ef,30.013333,included,
2891,GTZAN,rock,Rock,9,rock\rock.00013.wav,C:\Genrogram\data\gtzan\genres\rock\rock.00013.wav,1585772ba8263ac21592a431f5e364a40db148013e6395014ff7227a3bf903a1,30.013333,included,
2892,GTZAN,rock,Rock,9,rock\rock.00013.wav,C:\Genrogram\data\gtzan\genres\rock\rock.00013.wav,1585772ba8263ac21592a431f5e364a40db148013e6395014ff7227a3bf903a1,30.013333,included,
2893,GTZAN,rock,Rock,9,rock\rock.00014.wav,C:\Genrogram\data\gtzan\genres\rock\rock.00014.wav,e861df364223219bb4584dd0a6ab6ea913cca4bc714c3d7fc2953aaf6981bd2a,30.013333,included,
2894,GTZAN,rock,Rock,9,rock\rock.00014.wav,C:\Genrogram\data\gtzan\genres\rock\rock.00014.wav,e861df364223219bb4584dd0a6ab6ea913cca4bc714c3d7fc2953aaf6981bd2a,30.013333,included,
2895,GTZAN,rock,Rock,9,rock\rock.00015.wav,C:\Genrogram\data\gtzan\genres\rock\rock.00015.wav,dceb3265caac1d42784dcd774ab4950ad6976300e344490a0736f643620ebcfa,30.013333,included,
2896,GTZAN,rock,Rock,9,rock\rock.00015.wav,C:\Genrogram\data\gtzan\genres\rock\rock.00015.wav,dceb3265caac1d42784dcd774ab4950ad6976300e344490a0736f643620ebcfa,30.013333,included,
2897,GTZAN,rock,Rock,9,rock\rock.00016.wav,C:\Genrogram\data\gtzan\genres\rock\rock.00016.wav,56e2b93b263a1f29ced0090d615d40755e9dc19b8066234355cfbb4ffcc2f019,30.013333,included,
2898,GTZAN,rock,Rock,9,rock\rock.00016.wav,C:\Genrogram\data\gtzan\genres\rock\rock.00016.wav,56e2b93b263a1f29ced0090d615d40755e9dc19b8066234355cfbb4ffcc2f019,30.013333,included,
2899,GTZAN,rock,Rock,9,rock\rock.00017.wav,C:\Genrogram\data\gtzan\genres\rock\rock.00017.wav,6f39873c71cec254c1ac80cfaa29afd34c86bb695e9c789f2974a21046320740,30.013333,included,
2900,GTZAN,rock,Rock,9,rock\rock.00017.wav,C:\Genrogram\data\gtzan\genres\rock\rock.00017.wav,6f39873c71cec254c1ac80cfaa29afd34c86bb695e9c789f2974a21046320740,30.013333,included,
2901,GTZAN,rock,Rock,9,rock\rock.00018.wav,C:\Genrogram\data\gtzan\genres\rock\rock.00018.wav,a5b7c06361aa158fb1e6d05b39a02828895b55e8e53c33a2f39fe7afff4f4b2e,30.013333,included,
2902,GTZAN,rock,Rock,9,rock\rock.00018.wav,C:\Genrogram\data\gtzan\genres\rock\rock.00018.wav,a5b7c06361aa158fb1e6d05b39a02828895b55e8e53c33a2f39fe7afff4f4b2e,30.013333,included,
2903,GTZAN,rock,Rock,9,rock\rock.00019.wav,C:\Genrogram\data\gtzan\genres\rock\rock.00019.wav,bd3e6df180e20bf0165956447e4e15540f2795b7c70e72cdc11ccf4c40766285,30.013333,included,
2904,GTZAN,rock,Rock,9,rock\rock.00019.wav,C:\Genrogram\data\gtzan\genres\rock\rock.00019.wav,bd3e6df180e20bf0165956447e4e15540f2795b7c70e72cdc11ccf4c40766285,30.013333,included,
2905,GTZAN,rock,Rock,9,rock\rock.00020.wav,C:\Genrogram\data\gtzan\genres\rock\rock.00020.wav,080134338b6ba8f088e9eeef533791da2172aeca0dc59d4e6cfc641222b806c8,30.013333,included,
2906,GTZAN,rock,Rock,9,rock\rock.00020.wav,C:\Genrogram\data\gtzan\genres\rock\rock.00020.wav,080134338b6ba8f088e9eeef533791da2172aeca0dc59d4e6cfc641222b806c8,30.013333,included,
2907,GTZAN,rock,Rock,9,rock\rock.00021.wav,C:\Genrogram\data\gtzan\genres\rock\rock.00021.wav,f578669ed03e0b38ce52175a115c0774a91ceb432ec05e8160c3f09718aae6d8,30.013333,included,
2908,GTZAN,rock,Rock,9,rock\rock.00021.wav,C:\Genrogram\data\gtzan\genres\rock\rock.00021.wav,f578669ed03e0b38ce52175a115c0774a91ceb432ec05e8160c3f09718aae6d8,30.013333,included,
2909,GTZAN,rock,Rock,9,rock\rock.00022.wav,C:\Genrogram\data\gtzan\genres\rock\rock.00022.wav,a9a3c4a7fb7cc652fdfc066f34ec97aabed51821eecb848300edd5fcc922efea,30.013333,included,
2910,GTZAN,rock,Rock,9,rock\rock.00022.wav,C:\Genrogram\data\gtzan\genres\rock\rock.00022.wav,a9a3c4a7fb7cc652fdfc066f34ec97aabed51821eecb848300edd5fcc922efea,30.013333,included,
2911,GTZAN,rock,Rock,9,rock\rock.00023.wav,C:\Genrogram\data\gtzan\genres\rock\rock.00023.wav,f65b319fc4fa6e7b57dac0014d965199d7b8cda3ec023511c2a4beb626498f11,30.013333,included,
2912,GTZAN,rock,Rock,9,rock\rock.00023.wav,C:\Genrogram\data\gtzan\genres\rock\rock.00023.wav,f65b319fc4fa6e7b57dac0014d965199d7b8cda3ec023511c2a4beb626498f11,30.013333,included,
2913,GTZAN,rock,Rock,9,rock\rock.00024.wav,C:\Genrogram\data\gtzan\genres\rock\rock.00024.wav,cb0294a5fd8aa105f9d862a233e6314cf3b968a3750eb62f958c1dd15fc2c1c7,30.013333,included,
2914,GTZAN,rock,Rock,9,rock\rock.00024.wav,C:\Genrogram\data\gtzan\genres\rock\rock.00024.wav,cb0294a5fd8aa105f9d862a233e6314cf3b968a3750eb62f958c1dd15fc2c1c7,30.013333,included,
2915,GTZAN,rock,Rock,9,rock\rock.00025.wav,C:\Genrogram\data\gtzan\genres\rock\rock.00025.wav,fb3a7ba60dbe848b9e0d9c1e2ec1f56e7c1fdf4ce31c59ea1b1e32bc69e2f6cb,30.013333,included,
2916,GTZAN,rock,Rock,9,rock\rock.00025.wav,C:\Genrogram\data\gtzan\genres\rock\rock.00025.wav,fb3a7ba60dbe848b9e0d9c1e2ec1f56e7c1fdf4ce31c59ea1b1e32bc69e2f6cb,30.013333,included,
2917,GTZAN,rock,Rock,9,rock\rock.00026.wav,C:\Genrogram\data\gtzan\genres\rock\rock.00026.wav,0b7dd4b3c17ab6887cbec169a8ab808f09a03b58361badca9292287803dd15f0,30.013333,included,
2918,GTZAN,rock,Rock,9,rock\rock.00026.wav,C:\Genrogram\data\gtzan\genres\rock\rock.00026.wav,0b7dd4b3c17ab6887cbec169a8ab808f09a03b58361badca9292287803dd15f0,30.013333,included,
2919,GTZAN,rock,Rock,9,rock\rock.00027.wav,C:\Genrogram\data\gtzan\genres\rock\rock.00027.wav,4ee7448a255d4bde7d2b2ce646608e8e447bb483e11cab6902084567787d824e,30.000000,included,
2920,GTZAN,rock,Rock,9,rock\rock.00027.wav,C:\Genrogram\data\gtzan\genres\rock\rock.00027.wav,4ee7448a255d4bde7d2b2ce646608e8e447bb483e11cab6902084567787d824e,30.000000,included,
2921,GTZAN,rock,Rock,9,rock\rock.00028.wav,C:\Genrogram\data\gtzan\genres\rock\rock.00028.wav,48ffa155820839690dbce197a28148bc430937b676753b6ad5ef1fb7bec2233c,30.013333,included,
2922,GTZAN,rock,Rock,9,rock\rock.00028.wav,C:\Genrogram\data\gtzan\genres\rock\rock.00028.wav,48ffa155820839690dbce197a28148bc430937b676753b6ad5ef1fb7bec2233c,30.013333,included,
2923,GTZAN,rock,Rock,9,rock\rock.00029.wav,C:\Genrogram\data\gtzan\genres\rock\rock.00029.wav,ae74595197864304347df6b254382dac71c6f0c8918b9e8434598e0de021d88f,30.013333,included,
2924,GTZAN,rock,Rock,9,rock\rock.00029.wav,C:\Genrogram\data\gtzan\genres\rock\rock.00029.wav,ae74595197864304347df6b254382dac71c6f0c8918b9e8434598e0de021d88f,30.013333,included,
2925,GTZAN,rock,Rock,9,rock\rock.00030.wav,C:\Genrogram\data\gtzan\genres\rock\rock.00030.wav,428af159d2a4ffe22d6490c1d018dff8d7b50f58582a0670b6a847bd7406266b,30.013333,included,
2926,GTZAN,rock,Rock,9,rock\rock.00030.wav,C:\Genrogram\data\gtzan\genres\rock\rock.00030.wav,428af159d2a4ffe22d6490c1d018dff8d7b50f58582a0670b6a847bd7406266b,30.013333,included,
2927,GTZAN,rock,Rock,9,rock\rock.00031.wav,C:\Genrogram\data\gtzan\genres\rock\rock.00031.wav,aedab6f063e4ee699916cada9350ab4008f053aae4b5095caaa43a26e1b0e835,30.013333,included,
2928,GTZAN,rock,Rock,9,rock\rock.00031.wav,C:\Genrogram\data\gtzan\genres\rock\rock.00031.wav,aedab6f063e4ee699916cada9350ab4008f053aae4b5095caaa43a26e1b0e835,30.013333,included,
2929,GTZAN,rock,Rock,9,rock\rock.00032.wav,C:\Genrogram\data\gtzan\genres\rock\rock.00032.wav,fa8b0d7d2b2304039a42f12f4bddfcf57ef86abac520fa8171de257594e8ec28,30.400907,included,
2930,GTZAN,rock,Rock,9,rock\rock.00032.wav,C:\Genrogram\data\gtzan\genres\rock\rock.00032.wav,fa8b0d7d2b2304039a42f12f4bddfcf57ef86abac520fa8171de257594e8ec28,30.400907,included,
2931,GTZAN,rock,Rock,9,rock\rock.00033.wav,C:\Genrogram\data\gtzan\genres\rock\rock.00033.wav,8431edb06fe67b20d0edb676b6085525369a9282240d5a62b47b09fcfcd99a51,30.013333,included,
2932,GTZAN,rock,Rock,9,rock\rock.00033.wav,C:\Genrogram\data\gtzan\genres\rock\rock.00033.wav,8431edb06fe67b20d0edb676b6085525369a9282240d5a62b47b09fcfcd99a51,30.013333,included,
2933,GTZAN,rock,Rock,9,rock\rock.00034.wav,C:\Genrogram\data\gtzan\genres\rock\rock.00034.wav,1f747177954dd594d80bcc9c0ca10d8ce9832b35436a6f9ee1ae8de44cf8a842,30.360998,included,
2934,GTZAN,rock,Rock,9,rock\rock.00034.wav,C:\Genrogram\data\gtzan\genres\rock\rock.00034.wav,1f747177954dd594d80bcc9c0ca10d8ce9832b35436a6f9ee1ae8de44cf8a842,30.360998,included,
2935,GTZAN,rock,Rock,9,rock\rock.00035.wav,C:\Genrogram\data\gtzan\genres\rock\rock.00035.wav,e43a9200c7dd848fb63340c4fe012c101ae5eeae2270180fd3252a5e5f3326fa,30.013333,included,
2936,GTZAN,rock,Rock,9,rock\rock.00035.wav,C:\Genrogram\data\gtzan\genres\rock\rock.00035.wav,e43a9200c7dd848fb63340c4fe012c101ae5eeae2270180fd3252a5e5f3326fa,30.013333,included,
2937,GTZAN,rock,Rock,9,rock\rock.00036.wav,C:\Genrogram\data\gtzan\genres\rock\rock.00036.wav,72f57748ec28256f9981c95f056b4e7782388736dde9ad0f40eb46800e55553e,30.291156,included,
2938,GTZAN,rock,Rock,9,rock\rock.00036.wav,C:\Genrogram\data\gtzan\genres\rock\rock.00036.wav,72f57748ec28256f9981c95f056b4e7782388736dde9ad0f40eb46800e55553e,30.291156,included,
2939,GTZAN,rock,Rock,9,rock\rock.00037.wav,C:\Genrogram\data\gtzan\genres\rock\rock.00037.wav,7f309ef4b066601b20e67579a904a26088e65042ac59b7b88b6235eb8a81c260,30.013333,included,
2940,GTZAN,rock,Rock,9,rock\rock.00037.wav,C:\Genrogram\data\gtzan\genres\rock\rock.00037.wav,7f309ef4b066601b20e67579a904a26088e65042ac59b7b88b6235eb8a81c260,30.013333,included,
2941,GTZAN,rock,Rock,9,rock\rock.00038.wav,C:\Genrogram\data\gtzan\genres\rock\rock.00038.wav,856247fbdaab94e400fb7ac23012654c3be7917039c7d7ad3510673d5234fc28,29.995828,included,
2942,GTZAN,rock,Rock,9,rock\rock.00038.wav,C:\Genrogram\data\gtzan\genres\rock\rock.00038.wav,856247fbdaab94e400fb7ac23012654c3be7917039c7d7ad3510673d5234fc28,29.995828,included,
2943,GTZAN,rock,Rock,9,rock\rock.00039.wav,C:\Genrogram\data\gtzan\genres\rock\rock.00039.wav,d4a04e19c4d3c0b36b3f7a1501b736d375ea04d32b689f0ec08354d0558d7c72,30.013333,included,
2944,GTZAN,rock,Rock,9,rock\rock.00039.wav,C:\Genrogram\data\gtzan\genres\rock\rock.00039.wav,d4a04e19c4d3c0b36b3f7a1501b736d375ea04d32b689f0ec08354d0558d7c72,30.013333,included,
2945,GTZAN,rock,Rock,9,rock\rock.00040.wav,C:\Genrogram\data\gtzan\genres\rock\rock.00040.wav,c9420466b02c2ea2ed3ef227a60d95b52031ab70589b534665fe92bc84f18928,30.013333,included,
2946,GTZAN,rock,Rock,9,rock\rock.00040.wav,C:\Genrogram\data\gtzan\genres\rock\rock.00040.wav,c9420466b02c2ea2ed3ef227a60d95b52031ab70589b534665fe92bc84f18928,30.013333,included,
2947,GTZAN,rock,Rock,9,rock\rock.00041.wav,C:\Genrogram\data\gtzan\genres\rock\rock.00041.wav,723e0eab2eae70625cb181f1b805ffc93e4c431aed615e4353e0d5392eb0382c,30.013333,included,
2948,GTZAN,rock,Rock,9,rock\rock.00041.wav,C:\Genrogram\data\gtzan\genres\rock\rock.00041.wav,723e0eab2eae70625cb181f1b805ffc93e4c431aed615e4353e0d5392eb0382c,30.013333,included,
2949,GTZAN,rock,Rock,9,rock\rock.00042.wav,C:\Genrogram\data\gtzan\genres\rock\rock.00042.wav,77a85339fba5781f78e50a85bf3cc0d28a98e67f9ff29c8282a13a5a9d402293,30.013333,included,
2950,GTZAN,rock,Rock,9,rock\rock.00042.wav,C:\Genrogram\data\gtzan\genres\rock\rock.00042.wav,77a85339fba5781f78e50a85bf3cc0d28a98e67f9ff29c8282a13a5a9d402293,30.013333,included,
2951,GTZAN,rock,Rock,9,rock\rock.00043.wav,C:\Genrogram\data\gtzan\genres\rock\rock.00043.wav,6d322f1b956c52e136ba635d6bbd944aa6fe5b1901159fbc7d7adfb7b39cb68d,30.013333,included,
2952,GTZAN,rock,Rock,9,rock\rock.00043.wav,C:\Genrogram\data\gtzan\genres\rock\rock.00043.wav,6d322f1b956c52e136ba635d6bbd944aa6fe5b1901159fbc7d7adfb7b39cb68d,30.013333,included,
2953,GTZAN,rock,Rock,9,rock\rock.00044.wav,C:\Genrogram\data\gtzan\genres\rock\rock.00044.wav,1200f3071f69058fab4af4979e09ccc4830ed63ae7e755ee29a2ff81fb6a0c32,30.013333,included,
2954,GTZAN,rock,Rock,9,rock\rock.00044.wav,C:\Genrogram\data\gtzan\genres\rock\rock.00044.wav,1200f3071f69058fab4af4979e09ccc4830ed63ae7e755ee29a2ff81fb6a0c32,30.013333,included,
2955,GTZAN,rock,Rock,9,rock\rock.00045.wav,C:\Genrogram\data\gtzan\genres\rock\rock.00045.wav,5696cbac727d545bef4cf65b7329116c177e705a4988794593d82e4710ab26a6,30.013333,included,
2956,GTZAN,rock,Rock,9,rock\rock.00045.wav,C:\Genrogram\data\gtzan\genres\rock\rock.00045.wav,5696cbac727d545bef4cf65b7329116c177e705a4988794593d82e4710ab26a6,30.013333,included,
2957,GTZAN,rock,Rock,9,rock\rock.00046.wav,C:\Genrogram\data\gtzan\genres\rock\rock.00046.wav,6af3a500e3538522ea01a989074bad47adf8193e678eb1a12d90d89a2bd73324,30.013333,included,
2958,GTZAN,rock,Rock,9,rock\rock.00046.wav,C:\Genrogram\data\gtzan\genres\rock\rock.00046.wav,6af3a500e3538522ea01a989074bad47adf8193e678eb1a12d90d89a2bd73324,30.013333,included,
2959,GTZAN,rock,Rock,9,rock\rock.00047.wav,C:\Genrogram\data\gtzan\genres\rock\rock.00047.wav,41d7d127d5ed3a1e99cace8e0ef5cd3eb6b07026dc59a99b7f8aa6e72a2bdc6f,30.013333,included,
2960,GTZAN,rock,Rock,9,rock\rock.00047.wav,C:\Genrogram\data\gtzan\genres\rock\rock.00047.wav,41d7d127d5ed3a1e99cace8e0ef5cd3eb6b07026dc59a99b7f8aa6e72a2bdc6f,30.013333,included,
2961,GTZAN,rock,Rock,9,rock\rock.00048.wav,C:\Genrogram\data\gtzan\genres\rock\rock.00048.wav,3852eb1e9bae66b8fc81c172818c97696e75b0104a5e0431058f703c18802edf,30.013333,included,
2962,GTZAN,rock,Rock,9,rock\rock.00048.wav,C:\Genrogram\data\gtzan\genres\rock\rock.00048.wav,3852eb1e9bae66b8fc81c172818c97696e75b0104a5e0431058f703c18802edf,30.013333,included,
2963,GTZAN,rock,Rock,9,rock\rock.00049.wav,C:\Genrogram\data\gtzan\genres\rock\rock.00049.wav,cfb48e46ee409ed65716c794577cca7bdcf4c70e97d115ee000b557bdd72ad10,30.013333,included,
2964,GTZAN,rock,Rock,9,rock\rock.00049.wav,C:\Genrogram\data\gtzan\genres\rock\rock.00049.wav,cfb48e46ee409ed65716c794577cca7bdcf4c70e97d115ee000b557bdd72ad10,30.013333,included,
2965,GTZAN,rock,Rock,9,rock\rock.00050.wav,C:\Genrogram\data\gtzan\genres\rock\rock.00050.wav,dbc9b3f2b76fc51ded973bd765baaa6f60d640047604c292c9e0ff027eaabc3e,30.013333,included,
2966,GTZAN,rock,Rock,9,rock\rock.00050.wav,C:\Genrogram\data\gtzan\genres\rock\rock.00050.wav,dbc9b3f2b76fc51ded973bd765baaa6f60d640047604c292c9e0ff027eaabc3e,30.013333,included,
2967,GTZAN,rock,Rock,9,rock\rock.00051.wav,C:\Genrogram\data\gtzan\genres\rock\rock.00051.wav,c62c8924ef2493666648fc4f579fb19da543633ff8435473e15fda6287bdaee4,30.013333,included,
2968,GTZAN,rock,Rock,9,rock\rock.00051.wav,C:\Genrogram\data\gtzan\genres\rock\rock.00051.wav,c62c8924ef2493666648fc4f579fb19da543633ff8435473e15fda6287bdaee4,30.013333,included,
2969,GTZAN,rock,Rock,9,rock\rock.00052.wav,C:\Genrogram\data\gtzan\genres\rock\rock.00052.wav,2d41eebabd61bf2424c36247014e305e565e2b158b422744ec4e0a29d33d249b,30.013333,included,
2970,GTZAN,rock,Rock,9,rock\rock.00052.wav,C:\Genrogram\data\gtzan\genres\rock\rock.00052.wav,2d41eebabd61bf2424c36247014e305e565e2b158b422744ec4e0a29d33d249b,30.013333,included,
2971,GTZAN,rock,Rock,9,rock\rock.00053.wav,C:\Genrogram\data\gtzan\genres\rock\rock.00053.wav,ce18e0208166a6e2a9adce15886b002ec527137660aea9ecde6a5885723ec8f7,30.013333,included,
2972,GTZAN,rock,Rock,9,rock\rock.00053.wav,C:\Genrogram\data\gtzan\genres\rock\rock.00053.wav,ce18e0208166a6e2a9adce15886b002ec527137660aea9ecde6a5885723ec8f7,30.013333,included,
2973,GTZAN,rock,Rock,9,rock\rock.00054.wav,C:\Genrogram\data\gtzan\genres\rock\rock.00054.wav,8ef26d59a799832a467cb591e10b267760968ffd788b50c9b03be6ab09f73b1d,30.013333,included,
2974,GTZAN,rock,Rock,9,rock\rock.00054.wav,C:\Genrogram\data\gtzan\genres\rock\rock.00054.wav,8ef26d59a799832a467cb591e10b267760968ffd788b50c9b03be6ab09f73b1d,30.013333,included,
2975,GTZAN,rock,Rock,9,rock\rock.00055.wav,C:\Genrogram\data\gtzan\genres\rock\rock.00055.wav,19622be850b222c1ffd39d9e6183d012ef025e3606f018d1bfdda7d1868d3021,30.013333,included,
2976,GTZAN,rock,Rock,9,rock\rock.00055.wav,C:\Genrogram\data\gtzan\genres\rock\rock.00055.wav,19622be850b222c1ffd39d9e6183d012ef025e3606f018d1bfdda7d1868d3021,30.013333,included,
2977,GTZAN,rock,Rock,9,rock\rock.00056.wav,C:\Genrogram\data\gtzan\genres\rock\rock.00056.wav,4352f41eeb0081cd74c47c062c9967ff920643d28b3028c374e6da40110ff34c,30.013333,included,
2978,GTZAN,rock,Rock,9,rock\rock.00056.wav,C:\Genrogram\data\gtzan\genres\rock\rock.00056.wav,4352f41eeb0081cd74c47c062c9967ff920643d28b3028c374e6da40110ff34c,30.013333,included,
2979,GTZAN,rock,Rock,9,rock\rock.00057.wav,C:\Genrogram\data\gtzan\genres\rock\rock.00057.wav,260943150d2d03825ab0d358f32ba397087dd53a5b8249f0737cd015a75401cf,30.013333,included,
2980,GTZAN,rock,Rock,9,rock\rock.00057.wav,C:\Genrogram\data\gtzan\genres\rock\rock.00057.wav,260943150d2d03825ab0d358f32ba397087dd53a5b8249f0737cd015a75401cf,30.013333,included,
2981,GTZAN,rock,Rock,9,rock\rock.00058.wav,C:\Genrogram\data\gtzan\genres\rock\rock.00058.wav,4ca1938ca816b3e91f5518903c0f60ed1c7978b6060529cab2e772763ab50a1e,30.013333,included,
2982,GTZAN,rock,Rock,9,rock\rock.00058.wav,C:\Genrogram\data\gtzan\genres\rock\rock.00058.wav,4ca1938ca816b3e91f5518903c0f60ed1c7978b6060529cab2e772763ab50a1e,30.013333,included,
2983,GTZAN,rock,Rock,9,rock\rock.00059.wav,C:\Genrogram\data\gtzan\genres\rock\rock.00059.wav,c1c367659905223a685347d748b93aaf0e574b1d51ec9e259d8c5aca52ecf728,30.013333,included,
2984,GTZAN,rock,Rock,9,rock\rock.00059.wav,C:\Genrogram\data\gtzan\genres\rock\rock.00059.wav,c1c367659905223a685347d748b93aaf0e574b1d51ec9e259d8c5aca52ecf728,30.013333,included,
2985,GTZAN,rock,Rock,9,rock\rock.00060.wav,C:\Genrogram\data\gtzan\genres\rock\rock.00060.wav,481b2ac2427ea969174502791bd0c46e45136c5e95c018aab6c389a58f8b2b88,30.013333,included,
2986,GTZAN,rock,Rock,9,rock\rock.00060.wav,C:\Genrogram\data\gtzan\genres\rock\rock.00060.wav,481b2ac2427ea969174502791bd0c46e45136c5e95c018aab6c389a58f8b2b88,30.013333,included,
2987,GTZAN,rock,Rock,9,rock\rock.00061.wav,C:\Genrogram\data\gtzan\genres\rock\rock.00061.wav,4e58956484365cebbc62b77e364a92548e50ad3edb1863257b998588a1f8ab5b,30.013333,included,
2988,GTZAN,rock,Rock,9,rock\rock.00061.wav,C:\Genrogram\data\gtzan\genres\rock\rock.00061.wav,4e58956484365cebbc62b77e364a92548e50ad3edb1863257b998588a1f8ab5b,30.013333,included,
2989,GTZAN,rock,Rock,9,rock\rock.00062.wav,C:\Genrogram\data\gtzan\genres\rock\rock.00062.wav,da493ee7f3e57737c9c3a443f4d9f02344c36c7acdee1707f505a69bce763bb6,30.013333,included,
2990,GTZAN,rock,Rock,9,rock\rock.00062.wav,C:\Genrogram\data\gtzan\genres\rock\rock.00062.wav,da493ee7f3e57737c9c3a443f4d9f02344c36c7acdee1707f505a69bce763bb6,30.013333,included,
2991,GTZAN,rock,Rock,9,rock\rock.00063.wav,C:\Genrogram\data\gtzan\genres\rock\rock.00063.wav,2664d6e17c22f14fefa9c75bed7cf35e753d64938eda0dd51aecfc91f3b34146,30.013333,included,
2992,GTZAN,rock,Rock,9,rock\rock.00063.wav,C:\Genrogram\data\gtzan\genres\rock\rock.00063.wav,2664d6e17c22f14fefa9c75bed7cf35e753d64938eda0dd51aecfc91f3b34146,30.013333,included,
2993,GTZAN,rock,Rock,9,rock\rock.00064.wav,C:\Genrogram\data\gtzan\genres\rock\rock.00064.wav,7d4b13fc4fe2619af3214ef2550d73c2e6840325d40a7d5a8e3bafdfa1cb8ad5,30.013333,included,
2994,GTZAN,rock,Rock,9,rock\rock.00064.wav,C:\Genrogram\data\gtzan\genres\rock\rock.00064.wav,7d4b13fc4fe2619af3214ef2550d73c2e6840325d40a7d5a8e3bafdfa1cb8ad5,30.013333,included,
2995,GTZAN,rock,Rock,9,rock\rock.00065.wav,C:\Genrogram\data\gtzan\genres\rock\rock.00065.wav,53d39b677b0b23f94ede1ba96d82e98f3cb399aa7653b88c20ab52dc0acfeef3,30.013333,included,
2996,GTZAN,rock,Rock,9,rock\rock.00065.wav,C:\Genrogram\data\gtzan\genres\rock\rock.00065.wav,53d39b677b0b23f94ede1ba96d82e98f3cb399aa7653b88c20ab52dc0acfeef3,30.013333,included,
2997,GTZAN,rock,Rock,9,rock\rock.00066.wav,C:\Genrogram\data\gtzan\genres\rock\rock.00066.wav,31a79039805768d1b2563fc9b98837bae475e6bd732f156fd2d343babc96f5b2,30.013333,included,
2998,GTZAN,rock,Rock,9,rock\rock.00066.wav,C:\Genrogram\data\gtzan\genres\rock\rock.00066.wav,31a79039805768d1b2563fc9b98837bae475e6bd732f156fd2d343babc96f5b2,30.013333,included,
2999,GTZAN,rock,Rock,9,rock\rock.00067.wav,C:\Genrogram\data\gtzan\genres\rock\rock.00067.wav,6ff209b7ff937a20f5443d85216ba2578f669d61c0a6504912118be3d983e1ff,30.013333,included,
3000,GTZAN,rock,Rock,9,rock\rock.00067.wav,C:\Genrogram\data\gtzan\genres\rock\rock.00067.wav,6ff209b7ff937a20f5443d85216ba2578f669d61c0a6504912118be3d983e1ff,30.013333,included,
3001,GTZAN,rock,Rock,9,rock\rock.00068.wav,C:\Genrogram\data\gtzan\genres\rock\rock.00068.wav,dac2854dbed5b1ea08596ed1ccf5253c165e0643fdb77327a6f1af911d6c400d,30.013333,included,
3002,GTZAN,rock,Rock,9,rock\rock.00068.wav,C:\Genrogram\data\gtzan\genres\rock\rock.00068.wav,dac2854dbed5b1ea08596ed1ccf5253c165e0643fdb77327a6f1af911d6c400d,30.013333,included,
3003,GTZAN,rock,Rock,9,rock\rock.00069.wav,C:\Genrogram\data\gtzan\genres\rock\rock.00069.wav,040c1de63233fd34f851185f9b71daa49f84ec2438ead81cd914f94c59d79b7d,30.013333,included,
3004,GTZAN,rock,Rock,9,rock\rock.00069.wav,C:\Genrogram\data\gtzan\genres\rock\rock.00069.wav,040c1de63233fd34f851185f9b71daa49f84ec2438ead81cd914f94c59d79b7d,30.013333,included,
3005,GTZAN,rock,Rock,9,rock\rock.00070.wav,C:\Genrogram\data\gtzan\genres\rock\rock.00070.wav,86aab461985dd2cdfcc5702ac059942f1a8502dbd347ce739f71478db66a19a8,30.013333,included,
3006,GTZAN,rock,Rock,9,rock\rock.00070.wav,C:\Genrogram\data\gtzan\genres\rock\rock.00070.wav,86aab461985dd2cdfcc5702ac059942f1a8502dbd347ce739f71478db66a19a8,30.013333,included,
3007,GTZAN,rock,Rock,9,rock\rock.00071.wav,C:\Genrogram\data\gtzan\genres\rock\rock.00071.wav,733fde4ee52da7d40107eaef5fa7741f5eaac6071c426136a3eefab612f40730,30.013333,included,
3008,GTZAN,rock,Rock,9,rock\rock.00071.wav,C:\Genrogram\data\gtzan\genres\rock\rock.00071.wav,733fde4ee52da7d40107eaef5fa7741f5eaac6071c426136a3eefab612f40730,30.013333,included,
3009,GTZAN,rock,Rock,9,rock\rock.00072.wav,C:\Genrogram\data\gtzan\genres\rock\rock.00072.wav,3f4f303c57bfe246b0cc6a7ab9e3dd73415c176d7e229de63dcfdd96592eabfa,30.013333,included,
3010,GTZAN,rock,Rock,9,rock\rock.00072.wav,C:\Genrogram\data\gtzan\genres\rock\rock.00072.wav,3f4f303c57bfe246b0cc6a7ab9e3dd73415c176d7e229de63dcfdd96592eabfa,30.013333,included,
3011,GTZAN,rock,Rock,9,rock\rock.00073.wav,C:\Genrogram\data\gtzan\genres\rock\rock.00073.wav,fc77ca6498c5a54ccbe00fec7cdd6efe7af219b693caee851db81f70f82f3333,30.013333,included,
3012,GTZAN,rock,Rock,9,rock\rock.00073.wav,C:\Genrogram\data\gtzan\genres\rock\rock.00073.wav,fc77ca6498c5a54ccbe00fec7cdd6efe7af219b693caee851db81f70f82f3333,30.013333,included,
3013,GTZAN,rock,Rock,9,rock\rock.00074.wav,C:\Genrogram\data\gtzan\genres\rock\rock.00074.wav,fcedbe1f0ee4b99f9fbcdc5ca4c08790a8a3a77416e3133f06fd518a8bea0bd9,30.013333,included,
3014,GTZAN,rock,Rock,9,rock\rock.00074.wav,C:\Genrogram\data\gtzan\genres\rock\rock.00074.wav,fcedbe1f0ee4b99f9fbcdc5ca4c08790a8a3a77416e3133f06fd518a8bea0bd9,30.013333,included,
3015,GTZAN,rock,Rock,9,rock\rock.00075.wav,C:\Genrogram\data\gtzan\genres\rock\rock.00075.wav,bd9b30868f4c2d74aae8f1c97ef1b2a4e5b2f19526fa97681b3abd0b947369b9,30.013333,included,
3016,GTZAN,rock,Rock,9,rock\rock.00075.wav,C:\Genrogram\data\gtzan\genres\rock\rock.00075.wav,bd9b30868f4c2d74aae8f1c97ef1b2a4e5b2f19526fa97681b3abd0b947369b9,30.013333,included,
3017,GTZAN,rock,Rock,9,rock\rock.00076.wav,C:\Genrogram\data\gtzan\genres\rock\rock.00076.wav,5b89cf59d9c70daf2fbae20e2f8b9bad4f46109a087282d0f31e52029aab307d,30.013333,included,
3018,GTZAN,rock,Rock,9,rock\rock.00076.wav,C:\Genrogram\data\gtzan\genres\rock\rock.00076.wav,5b89cf59d9c70daf2fbae20e2f8b9bad4f46109a087282d0f31e52029aab307d,30.013333,included,
3019,GTZAN,rock,Rock,9,rock\rock.00077.wav,C:\Genrogram\data\gtzan\genres\rock\rock.00077.wav,c4b7bc57f8545e1daa43c6ed5fb82943870d74326a6cc9b0cd1c182387e535a3,30.013333,included,
3020,GTZAN,rock,Rock,9,rock\rock.00077.wav,C:\Genrogram\data\gtzan\genres\rock\rock.00077.wav,c4b7bc57f8545e1daa43c6ed5fb82943870d74326a6cc9b0cd1c182387e535a3,30.013333,included,
3021,GTZAN,rock,Rock,9,rock\rock.00078.wav,C:\Genrogram\data\gtzan\genres\rock\rock.00078.wav,f8eaf105ef057bdc6be3e335d67f869af19f3b4e586c21df2ef311fb43bbb752,30.013333,included,
3022,GTZAN,rock,Rock,9,rock\rock.00078.wav,C:\Genrogram\data\gtzan\genres\rock\rock.00078.wav,f8eaf105ef057bdc6be3e335d67f869af19f3b4e586c21df2ef311fb43bbb752,30.013333,included,
3023,GTZAN,rock,Rock,9,rock\rock.00079.wav,C:\Genrogram\data\gtzan\genres\rock\rock.00079.wav,89fbeffebcb4c19653f23ae20fc6be1a0eb38ed8edc6f7f3ebd5d14e495dd47e,30.013333,included,
3024,GTZAN,rock,Rock,9,rock\rock.00079.wav,C:\Genrogram\data\gtzan\genres\rock\rock.00079.wav,89fbeffebcb4c19653f23ae20fc6be1a0eb38ed8edc6f7f3ebd5d14e495dd47e,30.013333,included,
3025,GTZAN,rock,Rock,9,rock\rock.00080.wav,C:\Genrogram\data\gtzan\genres\rock\rock.00080.wav,d938ced59af16286a447a6e0351385372b9f57fc092beb2b4ed62ddab004a956,30.013333,included,
3026,GTZAN,rock,Rock,9,rock\rock.00080.wav,C:\Genrogram\data\gtzan\genres\rock\rock.00080.wav,d938ced59af16286a447a6e0351385372b9f57fc092beb2b4ed62ddab004a956,30.013333,included,
3027,GTZAN,rock,Rock,9,rock\rock.00081.wav,C:\Genrogram\data\gtzan\genres\rock\rock.00081.wav,58ee562806edee331d8237bad66a88c2e5bacb4ed1960a9932f66d8ad74f8999,30.013333,included,
3028,GTZAN,rock,Rock,9,rock\rock.00081.wav,C:\Genrogram\data\gtzan\genres\rock\rock.00081.wav,58ee562806edee331d8237bad66a88c2e5bacb4ed1960a9932f66d8ad74f8999,30.013333,included,
3029,GTZAN,rock,Rock,9,rock\rock.00082.wav,C:\Genrogram\data\gtzan\genres\rock\rock.00082.wav,61b046b7c3b3efcf0adbd6e4bbca95f15699c53d864ecbf768a6d644a081175a,30.013333,included,
3030,GTZAN,rock,Rock,9,rock\rock.00082.wav,C:\Genrogram\data\gtzan\genres\rock\rock.00082.wav,61b046b7c3b3efcf0adbd6e4bbca95f15699c53d864ecbf768a6d644a081175a,30.013333,included,
3031,GTZAN,rock,Rock,9,rock\rock.00083.wav,C:\Genrogram\data\gtzan\genres\rock\rock.00083.wav,0f2335aafc996383a4f409a1a0400a3442de68cfba8133715b88a89547ab4357,30.013333,included,
3032,GTZAN,rock,Rock,9,rock\rock.00083.wav,C:\Genrogram\data\gtzan\genres\rock\rock.00083.wav,0f2335aafc996383a4f409a1a0400a3442de68cfba8133715b88a89547ab4357,30.013333,included,
3033,GTZAN,rock,Rock,9,rock\rock.00084.wav,C:\Genrogram\data\gtzan\genres\rock\rock.00084.wav,eb966c815db53ac0c1c9fd1d662784b0273bb3e81f29cc5947b8f758dff4b8b0,30.013333,included,
3034,GTZAN,rock,Rock,9,rock\rock.00084.wav,C:\Genrogram\data\gtzan\genres\rock\rock.00084.wav,eb966c815db53ac0c1c9fd1d662784b0273bb3e81f29cc5947b8f758dff4b8b0,30.013333,included,
3035,GTZAN,rock,Rock,9,rock\rock.00085.wav,C:\Genrogram\data\gtzan\genres\rock\rock.00085.wav,131d2bcb8302eb89603451a6f3665426a229eaf6964ba85f02a85ab5c583f780,30.013333,included,
3036,GTZAN,rock,Rock,9,rock\rock.00085.wav,C:\Genrogram\data\gtzan\genres\rock\rock.00085.wav,131d2bcb8302eb89603451a6f3665426a229eaf6964ba85f02a85ab5c583f780,30.013333,included,
3037,GTZAN,rock,Rock,9,rock\rock.00086.wav,C:\Genrogram\data\gtzan\genres\rock\rock.00086.wav,c0cef8ed4742538c74fdf0881c0e150272ddef76e9e8b292716329a110b68a06,30.013333,included,
3038,GTZAN,rock,Rock,9,rock\rock.00086.wav,C:\Genrogram\data\gtzan\genres\rock\rock.00086.wav,c0cef8ed4742538c74fdf0881c0e150272ddef76e9e8b292716329a110b68a06,30.013333,included,
3039,GTZAN,rock,Rock,9,rock\rock.00087.wav,C:\Genrogram\data\gtzan\genres\rock\rock.00087.wav,0549a6d1b2abd9eb34185ec37c5df1572c5df4e7f09facd385e03b6ce39b95c5,30.013333,included,
3040,GTZAN,rock,Rock,9,rock\rock.00087.wav,C:\Genrogram\data\gtzan\genres\rock\rock.00087.wav,0549a6d1b2abd9eb34185ec37c5df1572c5df4e7f09facd385e03b6ce39b95c5,30.013333,included,
3041,GTZAN,rock,Rock,9,rock\rock.00088.wav,C:\Genrogram\data\gtzan\genres\rock\rock.00088.wav,8b1bc5735f603b6e67f2d4af7a6074f210a28aac203a0093f49f1d307ae9bf9d,30.013333,included,
3042,GTZAN,rock,Rock,9,rock\rock.00088.wav,C:\Genrogram\data\gtzan\genres\rock\rock.00088.wav,8b1bc5735f603b6e67f2d4af7a6074f210a28aac203a0093f49f1d307ae9bf9d,30.013333,included,
3043,GTZAN,rock,Rock,9,rock\rock.00089.wav,C:\Genrogram\data\gtzan\genres\rock\rock.00089.wav,7c6742e2baf1cad5a66efca35119618f3f5356f09c66a46b51d75967984d25d1,30.013333,included,
3044,GTZAN,rock,Rock,9,rock\rock.00089.wav,C:\Genrogram\data\gtzan\genres\rock\rock.00089.wav,7c6742e2baf1cad5a66efca35119618f3f5356f09c66a46b51d75967984d25d1,30.013333,included,
3045,GTZAN,rock,Rock,9,rock\rock.00090.wav,C:\Genrogram\data\gtzan\genres\rock\rock.00090.wav,b8c2b6035bbceff666471a6e670cc1343be365204f9d3dce4a4ef16df5b1fede,30.013333,included,
3046,GTZAN,rock,Rock,9,rock\rock.00090.wav,C:\Genrogram\data\gtzan\genres\rock\rock.00090.wav,b8c2b6035bbceff666471a6e670cc1343be365204f9d3dce4a4ef16df5b1fede,30.013333,included,
3047,GTZAN,rock,Rock,9,rock\rock.00091.wav,C:\Genrogram\data\gtzan\genres\rock\rock.00091.wav,9c8f474a5763538b7299c9218ef08c6dc7463d0a47d71f84aefd4b501eabeb09,30.013333,included,
3048,GTZAN,rock,Rock,9,rock\rock.00091.wav,C:\Genrogram\data\gtzan\genres\rock\rock.00091.wav,9c8f474a5763538b7299c9218ef08c6dc7463d0a47d71f84aefd4b501eabeb09,30.013333,included,
3049,GTZAN,rock,Rock,9,rock\rock.00092.wav,C:\Genrogram\data\gtzan\genres\rock\rock.00092.wav,f251ad479daaa2226e87e7dea4c0ae9b68b78868b82b226064628a65300e28dd,30.013333,included,
3050,GTZAN,rock,Rock,9,rock\rock.00092.wav,C:\Genrogram\data\gtzan\genres\rock\rock.00092.wav,f251ad479daaa2226e87e7dea4c0ae9b68b78868b82b226064628a65300e28dd,30.013333,included,
3051,GTZAN,rock,Rock,9,rock\rock.00093.wav,C:\Genrogram\data\gtzan\genres\rock\rock.00093.wav,eb207dc2708217313af0f47327555521132fb59b480a2a2740ee0719c4e00f6c,30.013333,included,
3052,GTZAN,rock,Rock,9,rock\rock.00093.wav,C:\Genrogram\data\gtzan\genres\rock\rock.00093.wav,eb207dc2708217313af0f47327555521132fb59b480a2a2740ee0719c4e00f6c,30.013333,included,
3053,GTZAN,rock,Rock,9,rock\rock.00094.wav,C:\Genrogram\data\gtzan\genres\rock\rock.00094.wav,7c1dc51232ffde2eb8740774c9658b36929c788b44053f79204c5ba6526f31e4,30.013333,included,
3054,GTZAN,rock,Rock,9,rock\rock.00094.wav,C:\Genrogram\data\gtzan\genres\rock\rock.00094.wav,7c1dc51232ffde2eb8740774c9658b36929c788b44053f79204c5ba6526f31e4,30.013333,included,
3055,GTZAN,rock,Rock,9,rock\rock.00095.wav,C:\Genrogram\data\gtzan\genres\rock\rock.00095.wav,a004de328b903988899c9353b00585e93660ce96ae5e3a5de6d3b85e2ea9cb85,30.013333,included,
3056,GTZAN,rock,Rock,9,rock\rock.00095.wav,C:\Genrogram\data\gtzan\genres\rock\rock.00095.wav,a004de328b903988899c9353b00585e93660ce96ae5e3a5de6d3b85e2ea9cb85,30.013333,included,
3057,GTZAN,rock,Rock,9,rock\rock.00096.wav,C:\Genrogram\data\gtzan\genres\rock\rock.00096.wav,556cf4294eef87d26bbb239c49cb938ad91cd651bda25e1b1646bc911d90bac6,30.013333,included,
3058,GTZAN,rock,Rock,9,rock\rock.00096.wav,C:\Genrogram\data\gtzan\genres\rock\rock.00096.wav,556cf4294eef87d26bbb239c49cb938ad91cd651bda25e1b1646bc911d90bac6,30.013333,included,
3059,GTZAN,rock,Rock,9,rock\rock.00097.wav,C:\Genrogram\data\gtzan\genres\rock\rock.00097.wav,f094f4c9b5a79cc95a84caebb69878516d23d79c25f064eaadeda751428d4854,30.013333,included,
3060,GTZAN,rock,Rock,9,rock\rock.00097.wav,C:\Genrogram\data\gtzan\genres\rock\rock.00097.wav,f094f4c9b5a79cc95a84caebb69878516d23d79c25f064eaadeda751428d4854,30.013333,included,
3061,GTZAN,rock,Rock,9,rock\rock.00098.wav,C:\Genrogram\data\gtzan\genres\rock\rock.00098.wav,77f0fb2ac614624982546449082eb8624171132f81b45b81bda78d5b94014a83,30.013333,included,
3062,GTZAN,rock,Rock,9,rock\rock.00098.wav,C:\Genrogram\data\gtzan\genres\rock\rock.00098.wav,77f0fb2ac614624982546449082eb8624171132f81b45b81bda78d5b94014a83,30.013333,included,
3063,GTZAN,rock,Rock,9,rock\rock.00099.wav,C:\Genrogram\data\gtzan\genres\rock\rock.00099.wav,35a2b6538496b51252ceefcc7c361f97737504984a979a48c10827301eeee6f8,30.013333,included,
3064,GTZAN,rock,Rock,9,rock\rock.00099.wav,C:\Genrogram\data\gtzan\genres\rock\rock.00099.wav,35a2b6538496b51252ceefcc7c361f97737504984a979a48c10827301eeee6f8,30.013333,included,
3065,Navrasa,Techno,Techno,14,Techno\Global\Techno\ANFAPINTO_Party_-_Rave_Techno_House_Mix_Trance_2025_Party_Vol_81Remixes_Of_Popular_SongsBy_AnfaPinto.wav,C:\Genrogram\data\expanded_raw\Techno\Global\Techno\ANFAPINTO_Party_-_Rave_Techno_House_Mix_Trance_2025_Party_Vol_81Remixes_Of_Popular_SongsBy_AnfaPinto.wav,8b567e07b238fa14ed6873918a9930dad056107b59bdff9d695ea01d8379746e,30.000000,included,
3066,Navrasa,Techno,Techno,14,Techno\Global\Techno\ANFAPINTO_Party_-_Rave_Techno_House_Mix_Trance_2025_Party_Vol_83Remixes_Of_Popular_SongsBy_AnfaPinto.wav,C:\Genrogram\data\expanded_raw\Techno\Global\Techno\ANFAPINTO_Party_-_Rave_Techno_House_Mix_Trance_2025_Party_Vol_83Remixes_Of_Popular_SongsBy_AnfaPinto.wav,93a689561cf4c364c32f32e1e3eb9b8c285c823f30ca17720a8a0a5db4fdb952,30.000000,included,
3067,Navrasa,Techno,Techno,14,Techno\Global\Techno\ANFAPINTO_Party_-_Techno_House_Rave_Mix_Trance_Party_2025_VOL_66_Remixes_Of_Popular_SongsBY_AnfaPinto.wav,C:\Genrogram\data\expanded_raw\Techno\Global\Techno\ANFAPINTO_Party_-_Techno_House_Rave_Mix_Trance_Party_2025_VOL_66_Remixes_Of_Popular_SongsBY_AnfaPinto.wav,1a54b4d346be44a03479732766f80dae453b43c57cdd2a459cb9489663d92f2f,30.000000,included,
3068,Navrasa,Techno,Techno,14,Techno\Global\Techno\Aguia_dourada_-_BEST_Oldschool_Techno_Hands_Up_Trance_Jumpstyle_Mix_2016.wav,C:\Genrogram\data\expanded_raw\Techno\Global\Techno\Aguia_dourada_-_BEST_Oldschool_Techno_Hands_Up_Trance_Jumpstyle_Mix_2016.wav,915ad9dd6866fa3e2b87e5c1db6f504c271e3f30eefbfb7621ff49e48d1ffc43,30.000000,included,
3069,Navrasa,Techno,Techno,14,Techno\Global\Techno\Aurora_-_Trance_Classics_Golden_Age_Mix_1998_2005.wav,C:\Genrogram\data\expanded_raw\Techno\Global\Techno\Aurora_-_Trance_Classics_Golden_Age_Mix_1998_2005.wav,d00cb0f12a30dc51f2df9d94235e173e6a0655807f655460d394366cb35d9b54,30.000000,included,
3070,Navrasa,Techno,Techno,14,Techno\Global\Techno\Bass_Station_-_BAD_GIRLS_LISTEN_TO_TECHNO_BASS_STATION_HARD_TECHNO_SCHRANZ_SET_2026.wav,C:\Genrogram\data\expanded_raw\Techno\Global\Techno\Bass_Station_-_BAD_GIRLS_LISTEN_TO_TECHNO_BASS_STATION_HARD_TECHNO_SCHRANZ_SET_2026.wav,4ed581ef027cbfca637b11491bd666bf2a49dccd25c24adc1e3739dc3e51f4bc,30.000000,included,
3071,Navrasa,Techno,Techno,14,Techno\Global\Techno\BrutishHeavyMusic_-_CHRISTMAS_TECHNO_MIX_2025_Remixes_Of_Popular_Songs_Best_Holiday_Techno_Music.wav,C:\Genrogram\data\expanded_raw\Techno\Global\Techno\BrutishHeavyMusic_-_CHRISTMAS_TECHNO_MIX_2025_Remixes_Of_Popular_Songs_Best_Holiday_Techno_Music.wav,3e2b37eccaaefac9604f1f54c9507979aad6fcf290c0eb5455fbff9307874ad0,30.000000,included,
3072,Navrasa,Techno,Techno,14,Techno\Global\Techno\BrutishHeavyMusic_-_TECHNO_MIX_2025_Remixes_Of_Popular_Songs_Only_Techno_Bangers.wav,C:\Genrogram\data\expanded_raw\Techno\Global\Techno\BrutishHeavyMusic_-_TECHNO_MIX_2025_Remixes_Of_Popular_Songs_Only_Techno_Bangers.wav,b877f26b3ca94fa306e17b5fcc2143694a9e32b9780adb8017484f9cc9e4b501,30.000000,included,
3073,Navrasa,Techno,Techno,14,Techno\Global\Techno\Christian_Techno_Music_-_Christian_Techno_Music_2025_14_JESUS_Uplifting_EDM_Worship_Praise_Gospel_Dance_Mix.wav,C:\Genrogram\data\expanded_raw\Techno\Global\Techno\Christian_Techno_Music_-_Christian_Techno_Music_2025_14_JESUS_Uplifting_EDM_Worship_Praise_Gospel_Dance_Mix.wav,3ab247bde1ce9c4df32df3e42a6fbbc5e34da16c14ea770afc45a25db32bc4cd,30.000000,included,
3074,Navrasa,Techno,Techno,14,Techno\Global\Techno\ColesoC_-_Best_Techno_2009.wav,C:\Genrogram\data\expanded_raw\Techno\Global\Techno\ColesoC_-_Best_Techno_2009.wav,79f00abb49c73383f7de0a794d03dc860bdcffdbd52ef9728e8404d0b7b6983b,30.000000,included,
3075,Navrasa,Techno,Techno,14,Techno\Global\Techno\DJFlyBeat1_-_Techno_2011_Hands_Up_Mix_60Min.wav,C:\Genrogram\data\expanded_raw\Techno\Global\Techno\DJFlyBeat1_-_Techno_2011_Hands_Up_Mix_60Min.wav,db6af74ad202839485f3d7bb8fab9930b85e90348a94dd35ea6c2021288f1cce,30.000000,included,
3076,Navrasa,Techno,Techno,14,Techno\Global\Techno\DJ_JERAX_Music_-_MIX_TECHNO_Vivan_Los_90s_DJ_Jerax_Music.wav,C:\Genrogram\data\expanded_raw\Techno\Global\Techno\DJ_JERAX_Music_-_MIX_TECHNO_Vivan_Los_90s_DJ_Jerax_Music.wav,9fc2c6281943fefa3d7410d49f3c838fc01ce99b275080c08165117aa92c0f91,30.000000,included,
3077,Navrasa,Techno,Techno,14,Techno\Global\Techno\DJ_Malajka_-_TECHNO_DANCE_HITS_2000_Selected_by_Dj_Malajka.wav,C:\Genrogram\data\expanded_raw\Techno\Global\Techno\DJ_Malajka_-_TECHNO_DANCE_HITS_2000_Selected_by_Dj_Malajka.wav,fe37c4bdf8d3443d1d3680751be0d31ade4a5025aabbb7147b7d023c20f1f10b,30.000000,included,
3078,Navrasa,Techno,Techno,14,Techno\Global\Techno\DJ_WYTEE_-_BEST_OF_TEKNO_KATA_SURU_PANA_2020_DJ_WYTEE_NON_STOP_NON_STOPNON_STOP.wav,C:\Genrogram\data\expanded_raw\Techno\Global\Techno\DJ_WYTEE_-_BEST_OF_TEKNO_KATA_SURU_PANA_2020_DJ_WYTEE_NON_STOP_NON_STOPNON_STOP.wav,1fb292e951914df1128182329457522b00e05fba90b37e4830e21ddc45ccd16a,30.000000,included,
3079,Navrasa,Techno,Techno,14,Techno\Global\Techno\Daniella_Bjarnhof_-_Best_Chill_Deep_House_2025_I_Daniella_Bjarnhof_Anjunadeep_Anjunabeats_Vibe.wav,C:\Genrogram\data\expanded_raw\Techno\Global\Techno\Daniella_Bjarnhof_-_Best_Chill_Deep_House_2025_I_Daniella_Bjarnhof_Anjunadeep_Anjunabeats_Vibe.wav,8fba8bb02b4599aaab60e40512246fbe82e2e7d0da411f52060315a746ee5cd3,30.000000,included,
3080,Navrasa,Techno,Techno,14,Techno\Global\Techno\Dark_Ravers_-_Dark_Techno_Music_Mix_2025_Deep_Hypnotic_Energy_Intense_Rave_Vibes_Experience_Now.wav,C:\Genrogram\data\expanded_raw\Techno\Global\Techno\Dark_Ravers_-_Dark_Techno_Music_Mix_2025_Deep_Hypnotic_Energy_Intense_Rave_Vibes_Experience_Now.wav,ac8788f13dd9a49bdae463c359d14755cfc30513ffa051a7928752647d9dbee6,30.000000,included,
3081,Navrasa,Techno,Techno,14,Techno\Global\Techno\Darley_Jefferson_-_Best_Techno_Hardtechno_Remixes_Mashups_Of_Popular_Songs_2025_2.wav,C:\Genrogram\data\expanded_raw\Techno\Global\Techno\Darley_Jefferson_-_Best_Techno_Hardtechno_Remixes_Mashups_Of_Popular_Songs_2025_2.wav,8ae972bf2c9e1b080f6319e1d34ba6abb9cc3280c4abbff725302a792269b3b4,30.000000,included,
3082,Navrasa,Techno,Techno,14,Techno\Global\Techno\Darley_Jefferson_-_Best_Techno_Remixes_Mashups_Of_Popular_Songs_2023_1.wav,C:\Genrogram\data\expanded_raw\Techno\Global\Techno\Darley_Jefferson_-_Best_Techno_Remixes_Mashups_Of_Popular_Songs_2023_1.wav,342687ed60fefd33c58250f8765e90ed854e3fe8367ec7737b3740956b203aed,30.000000,included,
3083,Navrasa,Techno,Techno,14,Techno\Global\Techno\Darude_-_Sandstorm_Radio_Edit.wav,C:\Genrogram\data\expanded_raw\Techno\Global\Techno\Darude_-_Sandstorm_Radio_Edit.wav,9ee84911993db4056f72482a64a0691310b940c03e4a767584068c7d5939dd0b,30.000000,included,
3084,Navrasa,Techno,Techno,14,Techno\Global\Techno\Deep_Beat_-_441New_Year_CountdownFunky_House_Party_JAYC.wav,C:\Genrogram\data\expanded_raw\Techno\Global\Techno\Deep_Beat_-_441New_Year_CountdownFunky_House_Party_JAYC.wav,17f4e96f252525099c8b5977be7c040fa0a0bcc06676a5480dae049be6a73d8c,30.000000,included,
3085,Navrasa,Techno,Techno,14,Techno\Global\Techno\EPHIMERA_Tulum_-_DeepMe_Melodic_Techno_Progressive_House_Mix_2022_By_EPHIMERATulum.wav,C:\Genrogram\data\expanded_raw\Techno\Global\Techno\EPHIMERA_Tulum_-_DeepMe_Melodic_Techno_Progressive_House_Mix_2022_By_EPHIMERATulum.wav,d7d1276dfe8753e6138b9c3be00db94940c85144c1715206b7c656dd5a505c71,30.000000,included,
3086,Navrasa,Techno,Techno,14,Techno\Global\Techno\ElectroDanceMixes_-_New_Year_Mix_2025_Best_of_EDM_Party_Electro_House_Techno_Festival_Rave_Music.wav,C:\Genrogram\data\expanded_raw\Techno\Global\Techno\ElectroDanceMixes_-_New_Year_Mix_2025_Best_of_EDM_Party_Electro_House_Techno_Festival_Rave_Music.wav,e874e9a8aa93ab5f966297857a397202b23973da7c9e0bd0f481071dac94729e,30.000000,included,
3087,Navrasa,Techno,Techno,14,Techno\Global\Techno\Electro_Junkiee_-_TECHNO_MIX_2025_Only_Techno_Bangers_Episode_50_Mixed_by_EJ.wav,C:\Genrogram\data\expanded_raw\Techno\Global\Techno\Electro_Junkiee_-_TECHNO_MIX_2025_Only_Techno_Bangers_Episode_50_Mixed_by_EJ.wav,a63ea143d5306a50f632795ec53060fb0e21bbedd332c3459a2953de9bbc7bf6,30.000000,included,
3088,Navrasa,Techno,Techno,14,Techno\Global\Techno\Electro_Junkiee_-_TECHNO_MIX_2025_Only_Techno_Bangers_Episode_55_Mixed_by_EJ.wav,C:\Genrogram\data\expanded_raw\Techno\Global\Techno\Electro_Junkiee_-_TECHNO_MIX_2025_Only_Techno_Bangers_Episode_55_Mixed_by_EJ.wav,aa4c5c90f7183d3cfdfa521b5b7b8e2ea87b04481d1168100d4ea715259e556a,30.000000,included,
3089,Navrasa,Techno,Techno,14,Techno\Global\Techno\Electro_Junkiee_-_TECHNO_MIX_2025_Only_Techno_Bangers_Episode_59_Mixed_by_EJ.wav,C:\Genrogram\data\expanded_raw\Techno\Global\Techno\Electro_Junkiee_-_TECHNO_MIX_2025_Only_Techno_Bangers_Episode_59_Mixed_by_EJ.wav,3e3b380eddf58c90352d9c092d77d147d8c72950379ebe25fc9149686dbbecf9,30.000000,included,
3090,Navrasa,Techno,Techno,14,Techno\Global\Techno\Electro_Junkiee_-_TECHNO_MIX_2025_Only_Techno_Bangers_Episode_61_Mixed_by_EJ.wav,C:\Genrogram\data\expanded_raw\Techno\Global\Techno\Electro_Junkiee_-_TECHNO_MIX_2025_Only_Techno_Bangers_Episode_61_Mixed_by_EJ.wav,4bfc1cb9917d684439e5687367f5002f5a1f0ab77653250d273855d1e04bd730,30.000000,included,
3091,Navrasa,Techno,Techno,14,Techno\Global\Techno\Electro_Junkiee_-_TECHNO_MIX_2025_Only_Techno_Bangers_Episode_65_Mixed_by_EJ.wav,C:\Genrogram\data\expanded_raw\Techno\Global\Techno\Electro_Junkiee_-_TECHNO_MIX_2025_Only_Techno_Bangers_Episode_65_Mixed_by_EJ.wav,8934f86637410fde910325aa7a30a0a4fe75f7a1997ecd3c82bb280f576d14a6,30.000000,included,
3092,Navrasa,Techno,Techno,14,Techno\Global\Techno\Electro_Junkiee_-_TECHNO_MIX_2025_Only_Techno_Bangers_Episode_67_Mixed_by_EJ.wav,C:\Genrogram\data\expanded_raw\Techno\Global\Techno\Electro_Junkiee_-_TECHNO_MIX_2025_Only_Techno_Bangers_Episode_67_Mixed_by_EJ.wav,4c2ab98959d324cb44b862d2a3e027725691befe7fd86bb5ef863f1af009f5e9,30.000000,included,
3093,Navrasa,Techno,Techno,14,Techno\Global\Techno\George_Reynold_-_MIX_TECHNO_DANCE_90s_ATB_WHAT_IS_LOVE_TONIGHT_IS_NIGHT_CORONA_RUN_TO_MEEURODANCE_PURODANCE.wav,C:\Genrogram\data\expanded_raw\Techno\Global\Techno\George_Reynold_-_MIX_TECHNO_DANCE_90s_ATB_WHAT_IS_LOVE_TONIGHT_IS_NIGHT_CORONA_RUN_TO_MEEURODANCE_PURODANCE.wav,438a1a9e96a28b13119fdc2bc2f975e6b00216cce61120959eb4e1e92da02f59,30.000000,included,
3094,Navrasa,Techno,Techno,14,Techno\Global\Techno\HHH_Exclusive_Sounds_-_Techno_2021_Hands_UpBest_of_2020180_Min_Mega_RemixMix.wav,C:\Genrogram\data\expanded_raw\Techno\Global\Techno\HHH_Exclusive_Sounds_-_Techno_2021_Hands_UpBest_of_2020180_Min_Mega_RemixMix.wav,49b40722b480715ea4ac4d69b0b67e7740cef2aae6d9c72bcbe2e09db65fd49d,30.000000,included,
3095,Navrasa,Techno,Techno,14,Techno\Global\Techno\Hard_Wind_Frequencies_-_Best_Of_HARD_TECHNO_2025_FULL_SET_MIX_4K_NICO_MORENO_CHARLOTTE_DE_WITTE_AMELIE_LENS_NOVAH.wav,C:\Genrogram\data\expanded_raw\Techno\Global\Techno\Hard_Wind_Frequencies_-_Best_Of_HARD_TECHNO_2025_FULL_SET_MIX_4K_NICO_MORENO_CHARLOTTE_DE_WITTE_AMELIE_LENS_NOVAH.wav,393572edf4b0300c7e40c5026f9483602582348525cd338567edd21fb7524e85,30.000000,included,
3096,Navrasa,Techno,Techno,14,Techno\Global\Techno\Hard_Wind_Frequencies_-_Best_Of_HARD_TECHNO_2025_FULL_SET_MIX_4K_NOVAH_CHARLOTTE_DE_WITTE_AMELIE_LENS_NICO_MORENO.wav,C:\Genrogram\data\expanded_raw\Techno\Global\Techno\Hard_Wind_Frequencies_-_Best_Of_HARD_TECHNO_2025_FULL_SET_MIX_4K_NOVAH_CHARLOTTE_DE_WITTE_AMELIE_LENS_NICO_MORENO.wav,d1719947d987fa88090d8fd2968f2b7aeaf236cc8e6afa50240c0452e412294a,30.000000,included,
3097,Navrasa,Techno,Techno,14,Techno\Global\Techno\Hard_Wind_Frequencies_-_Best_Of_HARD_TECHNO_2025_FULL_SET_MIX_NICO_MORENO_AMELIE_LENS_CHARLOTTE_DE_WITTE_NOVAH_4K.wav,C:\Genrogram\data\expanded_raw\Techno\Global\Techno\Hard_Wind_Frequencies_-_Best_Of_HARD_TECHNO_2025_FULL_SET_MIX_NICO_MORENO_AMELIE_LENS_CHARLOTTE_DE_WITTE_NOVAH_4K.wav,577622104f984d1a075fb6db9e807eeb43dfaff4a851f5263e0c4a12d2a63a34,30.000000,included,
3098,Navrasa,Techno,Techno,14,Techno\Global\Techno\Hard_Wind_Frequencies_-_Best_Of_HARD_TECHNO_2025_FULL_SET_MIX_NOVAH_CHARLOTTE_DE_WITTE_AMELIE_LENS_NICO_MORENO.wav,C:\Genrogram\data\expanded_raw\Techno\Global\Techno\Hard_Wind_Frequencies_-_Best_Of_HARD_TECHNO_2025_FULL_SET_MIX_NOVAH_CHARLOTTE_DE_WITTE_AMELIE_LENS_NICO_MORENO.wav,11636ade4926383b5b97456677d6e8572208fe1c2147f63ee4d93dd5a76cb27f,30.000000,included,
3099,Navrasa,Techno,Techno,14,Techno\Global\Techno\HyperTechFury_-_Techno_Mix_December_Best_Nonstop_Techno_Songs_For_Party_Gym_Gaming_Hyper_Techno_Remix_005.wav,C:\Genrogram\data\expanded_raw\Techno\Global\Techno\HyperTechFury_-_Techno_Mix_December_Best_Nonstop_Techno_Songs_For_Party_Gym_Gaming_Hyper_Techno_Remix_005.wav,13d64d216fcf5a8a040bf39b25089cdcedc9b636411777781772fa98b1d08f4b,30.000000,included,
3100,Navrasa,Techno,Techno,14,Techno\Global\Techno\HyperTechno_-_CHRISTMAS_TECHNO_MIX_2024_Remixes_Of_Popular_Songs_Christmas_Song_Remix_019.wav,C:\Genrogram\data\expanded_raw\Techno\Global\Techno\HyperTechno_-_CHRISTMAS_TECHNO_MIX_2024_Remixes_Of_Popular_Songs_Christmas_Song_Remix_019.wav,39ea1e173801f9653d9052fe50d96b22d48b506c3f4fa1bacb597920c8a2b070,30.000000,included,
3101,Navrasa,Techno,Techno,14,Techno\Global\Techno\HyperTechno_-_TECHNO_MIX_2024_Remixes_Of_Popular_Songs_Only_Techno_Bangers_023.wav,C:\Genrogram\data\expanded_raw\Techno\Global\Techno\HyperTechno_-_TECHNO_MIX_2024_Remixes_Of_Popular_Songs_Only_Techno_Bangers_023.wav,b7e74a51a2e0ca3d89ebd090915ddf87f946cfc12a7e74fe30b5b5cec062d606,30.000000,included,
3102,Navrasa,Techno,Techno,14,Techno\Global\Techno\Hypertechno_Queen_-_TECHNO_MIX_2025_Remixes_Of_Popular_Songs_Only_Techno_Bangers_009.wav,C:\Genrogram\data\expanded_raw\Techno\Global\Techno\Hypertechno_Queen_-_TECHNO_MIX_2025_Remixes_Of_Popular_Songs_Only_Techno_Bangers_009.wav,4c5e518abb18abac411e8685dde8cc756bb30aeacad5a0212873278cfbafce77,30.000000,included,
3103,Navrasa,Techno,Techno,14,Techno\Global\Techno\I_DUE_COMUNISTI_ITALIANI_-_BEST_Oldschool_Techno_Hands_Up_Trance_Jumpstyle_Mix_2017.wav,C:\Genrogram\data\expanded_raw\Techno\Global\Techno\I_DUE_COMUNISTI_ITALIANI_-_BEST_Oldschool_Techno_Hands_Up_Trance_Jumpstyle_Mix_2017.wav,d0448ac45be513a943cb461ca65fa238ff71f815675aa63b8a5f5f5de0f57391,30.000000,included,
3104,Navrasa,Techno,Techno,14,Techno\Global\Techno\Industrial_Rave_Sessions_-_Hard_Techno_Music_Industrial_Rave_Tracks_for_Dark_Warehouse_Vibes.wav,C:\Genrogram\data\expanded_raw\Techno\Global\Techno\Industrial_Rave_Sessions_-_Hard_Techno_Music_Industrial_Rave_Tracks_for_Dark_Warehouse_Vibes.wav,777749a48301a9ff55f27a0eab8a2a447e27175b086e9f4046e682cb1a598868,30.000000,included,
3105,Navrasa,Techno,Techno,14,Techno\Global\Techno\KOROLOVA_-_KOROLOVA_Live_Zamna_Pyramids_Egypt_Melodic_Techno_Progressive_House_Mix.wav,C:\Genrogram\data\expanded_raw\Techno\Global\Techno\KOROLOVA_-_KOROLOVA_Live_Zamna_Pyramids_Egypt_Melodic_Techno_Progressive_House_Mix.wav,e538372527d3b7e972309d1c0753549b68a7d9e293a80cd8713d37e1527e5113,30.000000,included,
3106,Navrasa,Techno,Techno,14,Techno\Global\Techno\LOKZ_-_155BPM_HARD_TECHNO_NEORAVE_MIX_MARCH_2K23.wav,C:\Genrogram\data\expanded_raw\Techno\Global\Techno\LOKZ_-_155BPM_HARD_TECHNO_NEORAVE_MIX_MARCH_2K23.wav,6e37ace92b99b1f43fc432105b893315725695d623b0b5908ef5b822859edec0,30.000000,included,
3107,Navrasa,Techno,Techno,14,Techno\Global\Techno\Lovely_Dj_USA_-_POWER_BEAT_TECHNO_MIX_NONSTOP_DISCO_2025.wav,C:\Genrogram\data\expanded_raw\Techno\Global\Techno\Lovely_Dj_USA_-_POWER_BEAT_TECHNO_MIX_NONSTOP_DISCO_2025.wav,f1391dbd70c9cc97df8a3728406095138a9b36b78b650ea44f310d57f8d68017,30.000000,included,
3108,Navrasa,Techno,Techno,14,Techno\Global\Techno\Luma_Beats_Street_-_Deep_Melodic_Techno_Trance_Journey_Hypnotic_Mix_for_Travel.wav,C:\Genrogram\data\expanded_raw\Techno\Global\Techno\Luma_Beats_Street_-_Deep_Melodic_Techno_Trance_Journey_Hypnotic_Mix_for_Travel.wav,6f8d81fe1dff03969abd91c89800ab4aea7ffcddc8fee83ecfdd0d4b3609af15,30.000000,included,
3109,Navrasa,Techno,Techno,14,Techno\Global\Techno\MORPHINE_TECHNO_-_TECHNO_MIX_2023_Deborah_de_Luca_Charlotte_de_Witte_Space_92_Morphine_mix.wav,C:\Genrogram\data\expanded_raw\Techno\Global\Techno\MORPHINE_TECHNO_-_TECHNO_MIX_2023_Deborah_de_Luca_Charlotte_de_Witte_Space_92_Morphine_mix.wav,147c000dc471c84cd00af355769985957e44288d6c350c1daa428fe4d4829ee9,30.000000,included,
3110,Navrasa,Techno,Techno,14,Techno\Global\Techno\Masha_Tiss_Dj_Remo_-_Tomorrowland_2025_David_Guetta_Martin_Garrix_Tiesto_Meduza_Avicii_Axwell_Gigi_DAgostino.wav,C:\Genrogram\data\expanded_raw\Techno\Global\Techno\Masha_Tiss_Dj_Remo_-_Tomorrowland_2025_David_Guetta_Martin_Garrix_Tiesto_Meduza_Avicii_Axwell_Gigi_DAgostino.wav,989499eae617bbb90f4f3e4742e1e62c5e176ea9f870552e377417e98397ac06,30.000000,included,
3111,Navrasa,Techno,Techno,14,Techno\Global\Techno\Melodic_Techno_World_-_Best_Of_Melodic_Techno_Progressive_House_Special_Christmas_Mix.wav,C:\Genrogram\data\expanded_raw\Techno\Global\Techno\Melodic_Techno_World_-_Best_Of_Melodic_Techno_Progressive_House_Special_Christmas_Mix.wav,61d75a8609938b9ec11f608d3af1f0a4d6d35ca13fd5587653d60f9ad00be384,30.000000,included,
3112,Navrasa,Techno,Techno,14,Techno\Global\Techno\Moon_Music_-_Techno_Mix_2025Best_Nonstop_Techno_Remixes_Of_Popular_SongsHyper_Techno_RemixTechno_Bangers.wav,C:\Genrogram\data\expanded_raw\Techno\Global\Techno\Moon_Music_-_Techno_Mix_2025Best_Nonstop_Techno_Remixes_Of_Popular_SongsHyper_Techno_RemixTechno_Bangers.wav,0e56626e052fb0353a224a975b43bd83c91076cd0823a51844c1ca18bbdbb3d5,30.000000,included,
3113,Navrasa,Techno,Techno,14,Techno\Global\Techno\Moon_Music_-_Techno_Mix_2025Best_Nonstop_Techno_Songs_For_Party_Gym_GamingHyper_Techno_Remix_Moon_Music.wav,C:\Genrogram\data\expanded_raw\Techno\Global\Techno\Moon_Music_-_Techno_Mix_2025Best_Nonstop_Techno_Songs_For_Party_Gym_GamingHyper_Techno_Remix_Moon_Music.wav,ccf33f3a1d597b70c434b40beec6f3bd3d099325acdfeaf1aace995ffa27c99c,30.000000,included,
3114,Navrasa,Techno,Techno,14,Techno\Global\Techno\Music_Planet_-_Best_TECHNO_HARD_TRANCE_2026_Uplifting_trance_Synthwave_Electronicmusic_Fantasy.wav,C:\Genrogram\data\expanded_raw\Techno\Global\Techno\Music_Planet_-_Best_TECHNO_HARD_TRANCE_2026_Uplifting_trance_Synthwave_Electronicmusic_Fantasy.wav,84dedc31fdd7895bac3200e1ebd2fda0fe48e9ac60262e8dd5e1397af3426873,30.000000,included,
3115,Navrasa,Techno,Techno,14,Techno\Global\Techno\Neon_Voyage_Tomorrowland_-_Tomorrowland_2025_Tiesto_Axwell_Martin_Garrix_David_Guetta_Gigi_DAgostino_Avicii_Meduza.wav,C:\Genrogram\data\expanded_raw\Techno\Global\Techno\Neon_Voyage_Tomorrowland_-_Tomorrowland_2025_Tiesto_Axwell_Martin_Garrix_David_Guetta_Gigi_DAgostino_Avicii_Meduza.wav,e0e1c094146bd3da9a7928fc3863d0686031a637e9f2adbcb8afa1bb51e7c06c,30.000000,included,
3116,Navrasa,Techno,Techno,14,Techno\Global\Techno\Omnya_-_Aria.wav,C:\Genrogram\data\expanded_raw\Techno\Global\Techno\Omnya_-_Aria.wav,d4dc3a0165a9828f5c2237fa610e96714d02115f954fe998024342ae5d1637f6,30.000000,included,
3117,Navrasa,Techno,Techno,14,Techno\Global\Techno\Psycodelize_Music_-_Christmas_Techno_Remix_2025_Remixes_Of_Popular_Songs_Best_Techno_Music_Mix_2025.wav,C:\Genrogram\data\expanded_raw\Techno\Global\Techno\Psycodelize_Music_-_Christmas_Techno_Remix_2025_Remixes_Of_Popular_Songs_Best_Techno_Music_Mix_2025.wav,0568b0c0e913199c602db8fbd24d70da8f95f606420fb4be6af5ad8cb8083ec1,30.000000,included,
3118,Navrasa,Techno,Techno,14,Techno\Global\Techno\RAF_FENDER_-_Melodic_Techno_Progressive_House_Mix_2024_Argy_Omnia_Monolink_Rebke_Daniel_Portman_Raf_Fender.wav,C:\Genrogram\data\expanded_raw\Techno\Global\Techno\RAF_FENDER_-_Melodic_Techno_Progressive_House_Mix_2024_Argy_Omnia_Monolink_Rebke_Daniel_Portman_Raf_Fender.wav,d0c2acccc8769f3a8858d2aaf14875b69bcb173db552ac6c8d02f391ce8454d7,30.000000,included,
3119,Navrasa,Techno,Techno,14,Techno\Global\Techno\Rave_Nation_-_Top_30_Classic_EDM_Songs_Rave_Nation.wav,C:\Genrogram\data\expanded_raw\Techno\Global\Techno\Rave_Nation_-_Top_30_Classic_EDM_Songs_Rave_Nation.wav,bc0a1eb5021fa859704fe7edd43a92e36d9d16ffc3c806d9ee1786bf0ffd1e3b,30.000000,included,
3120,Navrasa,Techno,Techno,14,Techno\Global\Techno\Snoozy_-_BEST_OF_TECHNO_2025_REWIND_MIX.wav,C:\Genrogram\data\expanded_raw\Techno\Global\Techno\Snoozy_-_BEST_OF_TECHNO_2025_REWIND_MIX.wav,28abfd8cbb5cdd70717e084506d1194680e4dcd8115843d8e4ed1d880a6550f6,30.000000,included,
3121,Navrasa,Techno,Techno,14,Techno\Global\Techno\Stefano_Dj_Stoneangels_Channel_Two_-_TECHNO_MUSIC_MAY_2019_CLUB_MIX.wav,C:\Genrogram\data\expanded_raw\Techno\Global\Techno\Stefano_Dj_Stoneangels_Channel_Two_-_TECHNO_MUSIC_MAY_2019_CLUB_MIX.wav,bf57d71227ce8eae15e040171d123aacb6a7b937884c5b531837ed505c541936,30.000000,included,
3122,Navrasa,Techno,Techno,14,Techno\Global\Techno\TECHNO_EDC_-_Techno_Mix_2025Best_Nonstop_Techno_Songs_For_Party_Gym_GamingHyper_Techno_Remix_Techno_EDC.wav,C:\Genrogram\data\expanded_raw\Techno\Global\Techno\TECHNO_EDC_-_Techno_Mix_2025Best_Nonstop_Techno_Songs_For_Party_Gym_GamingHyper_Techno_Remix_Techno_EDC.wav,5734ae7d17ab5e482be3ac9ddf2323746d70b1cc9d39201230510552e0ea8d1c,30.000000,included,
3123,Navrasa,Techno,Techno,14,Techno\Global\Techno\TOBI_-_The_Best_TECHNO_Party_Mix_2024.wav,C:\Genrogram\data\expanded_raw\Techno\Global\Techno\TOBI_-_The_Best_TECHNO_Party_Mix_2024.wav,ab8234726eca612df1af2b3a542a34ba04cd487daf189c5ea634fad7a43e87b6,30.000000,included,
3124,Navrasa,Techno,Techno,14,Techno\Global\Techno\TOBI_-_The_Best_Techno_Mix_2022_Best_Techno_Music_Mashups_Remixes.wav,C:\Genrogram\data\expanded_raw\Techno\Global\Techno\TOBI_-_The_Best_Techno_Mix_2022_Best_Techno_Music_Mashups_Remixes.wav,2a8ebe6b6baa58170817d3772e8ae676d20037005faa6fe95181188886c10466,30.000000,included,
3125,Navrasa,Techno,Techno,14,Techno\Global\Techno\TechnoKingLab_-_TECHNO_MIX_2025_Remixes_Of_Popular_Songs_Only_Techno_Bangers_99.wav,C:\Genrogram\data\expanded_raw\Techno\Global\Techno\TechnoKingLab_-_TECHNO_MIX_2025_Remixes_Of_Popular_Songs_Only_Techno_Bangers_99.wav,54f5e6a12b46c28bb2c57811c66786cdc72d70f2da7f4bd08cf29f98001d3fff,30.000000,included,
3126,Navrasa,Techno,Techno,14,Techno\Global\Techno\Techno_Aura_-_TECHNO_MIX_2025Remixes_Of_Popular_Songs_Techno_Bangers_001.wav,C:\Genrogram\data\expanded_raw\Techno\Global\Techno\Techno_Aura_-_TECHNO_MIX_2025Remixes_Of_Popular_Songs_Techno_Bangers_001.wav,737eeffbee169c6a7c04aea0e3d9ce3f939c7e1a27850a91afae4c2794c153b0,30.000000,included,
3127,Navrasa,Techno,Techno,14,Techno\Global\Techno\Techno_Energy_-_Techno_Mix_2025_Best_Remixes_Of_Popular_Songs_Only_Techno_Bangers_035.wav,C:\Genrogram\data\expanded_raw\Techno\Global\Techno\Techno_Energy_-_Techno_Mix_2025_Best_Remixes_Of_Popular_Songs_Only_Techno_Bangers_035.wav,10c06ecb0b9a11fc8b2d8f92f8bcf3e376baa20dfea302c26d2379c0098e53cb,30.000000,included,
3128,Navrasa,Techno,Techno,14,Techno\Global\Techno\Techno_Hype_-_TECHNO_MIX_2025Remixes_Of_Popular_Songs_Techno_Bangers.wav,C:\Genrogram\data\expanded_raw\Techno\Global\Techno\Techno_Hype_-_TECHNO_MIX_2025Remixes_Of_Popular_Songs_Techno_Bangers.wav,c951518fc3f13a2ecd9b4d9f83fac2b14183161dcdaed7c6fe04f44d843b2d93,30.000000,included,
3129,Navrasa,Techno,Techno,14,Techno\Global\Techno\Techno_King_-_TECHNO_MIX_2024_Rave_Techno_Remixes_for_Party_Gym_and_Car_Music.wav,C:\Genrogram\data\expanded_raw\Techno\Global\Techno\Techno_King_-_TECHNO_MIX_2024_Rave_Techno_Remixes_for_Party_Gym_and_Car_Music.wav,fb5196a15e8a488680e25f41d4c81740952958056b12255000da85a5015f22a9,30.000000,included,
3130,Navrasa,Techno,Techno,14,Techno\Global\Techno\Techno_Knight_-_TECHNO_EDM_MIX_Only_Techno_Bangers_BEST_MIX_OF_TECHNO_RAVE_EDM_HYPERTECHNO.wav,C:\Genrogram\data\expanded_raw\Techno\Global\Techno\Techno_Knight_-_TECHNO_EDM_MIX_Only_Techno_Bangers_BEST_MIX_OF_TECHNO_RAVE_EDM_HYPERTECHNO.wav,cf80f9d10cadbe167d3f4129a3fac5d249082cc5eedcab037382ccc8ecc9b0cb,30.000000,included,
3131,Navrasa,Techno,Techno,14,Techno\Global\Techno\Techno_Party_-_New_Year_Music_Mix_2026_Best_Techno_Music_2025_Party_Mix_Remixes_of_Popular_Songs.wav,C:\Genrogram\data\expanded_raw\Techno\Global\Techno\Techno_Party_-_New_Year_Music_Mix_2026_Best_Techno_Music_2025_Party_Mix_Remixes_of_Popular_Songs.wav,5aaef6690a5a7875f63d01ad511f7fb984750e8aedbc972e389579db3379228a,30.000000,included,
3132,Navrasa,Techno,Techno,14,Techno\Global\Techno\Techno_Pulse_-_Melodic_Techno_Mix_2025_Deep_Progressive_House_Journey.wav,C:\Genrogram\data\expanded_raw\Techno\Global\Techno\Techno_Pulse_-_Melodic_Techno_Mix_2025_Deep_Progressive_House_Journey.wav,425635f510f521b8b331a228b2ed7f1fbabfa128d0081ff18c6c91ba62628cd2,30.000000,included,
3133,Navrasa,Techno,Techno,14,Techno\Global\Techno\Techno_Pump_-_TECHNO_MIX_2025Remixes_Of_Popular_Songs_Techno_Bangers_139.wav,C:\Genrogram\data\expanded_raw\Techno\Global\Techno\Techno_Pump_-_TECHNO_MIX_2025Remixes_Of_Popular_Songs_Techno_Bangers_139.wav,8d9b0ecdf6c32b1cbf6c1c3fa8e8cd9ce65793324033d499690676684e0746a9,30.000000,included,
3134,Navrasa,Techno,Techno,14,Techno\Global\Techno\Tita_Lau_-_Tita_Lau_LIVE_Get_Closer_338_London_UK_Tech_House_House_Techno.wav,C:\Genrogram\data\expanded_raw\Techno\Global\Techno\Tita_Lau_-_Tita_Lau_LIVE_Get_Closer_338_London_UK_Tech_House_House_Techno.wav,5419a92842f489fc4517784ee240beb90e87fa3eaa02b1c66d7a6c950fe4847c,30.000000,included,
3135,Navrasa,Techno,Techno,14,Techno\Global\Techno\Top_Dance_Music_-_Techno_Mix_2025_Melodic_Techno_Remixes_of_Popular_Songs_Bigroom_Techno_Music_2025.wav,C:\Genrogram\data\expanded_raw\Techno\Global\Techno\Top_Dance_Music_-_Techno_Mix_2025_Melodic_Techno_Remixes_of_Popular_Songs_Bigroom_Techno_Music_2025.wav,e5d3dc2c7653ef3bcd4c25b98237b7c9a67a6c5a19a7489fc471cf12ba682dd8,30.000000,included,
3136,Navrasa,Techno,Techno,14,Techno\Global\Techno\Valentino_Sirolli_-_DJ_REMIX_SONG_2025_Remixes_Mashups_of_Popular_Songs_2025_DJ_Remix_Music_Disco_DJ_Club_Mix_2025.wav,C:\Genrogram\data\expanded_raw\Techno\Global\Techno\Valentino_Sirolli_-_DJ_REMIX_SONG_2025_Remixes_Mashups_of_Popular_Songs_2025_DJ_Remix_Music_Disco_DJ_Club_Mix_2025.wav,ac19fdae0269f4b6437ea8bc7aff77eff650ac8f2b76e9086ecb28db64b4a09e,30.000000,included,
3137,Navrasa,Techno,Techno,14,Techno\Global\Techno\YOUNA_-_YOUNA_Melodic_Techno_Progressive_House_DJ_Mix_13_Red_Sand_Desert_I_Dubai.wav,C:\Genrogram\data\expanded_raw\Techno\Global\Techno\YOUNA_-_YOUNA_Melodic_Techno_Progressive_House_DJ_Mix_13_Red_Sand_Desert_I_Dubai.wav,9aa611d66b516199b61345080c25f6cf731415be1a82c365922a013643260f68,30.000000,included,
3138,Navrasa,Techno,Techno,14,Techno\Global\Techno\ambient_techno_mixes_-_AMBIENT_TECHNO_mix_042_by_Rob_Jenkins.wav,C:\Genrogram\data\expanded_raw\Techno\Global\Techno\ambient_techno_mixes_-_AMBIENT_TECHNO_mix_042_by_Rob_Jenkins.wav,a831658d2b5c302e16e7c24c1f760b1c9d411860affde8b5d600ec5b7837462c,30.000000,included,
3139,Navrasa,Techno,Techno,14,Techno\Global\Techno\bozic4_-_BEST_TECHNO_SONG.wav,C:\Genrogram\data\expanded_raw\Techno\Global\Techno\bozic4_-_BEST_TECHNO_SONG.wav,190a6cd9ec8b1f2ca3f806b6d0adbbb3eaadae9911c118b54e3775f791495b22,30.000000,included,
3140,Navrasa,Techno,Techno,14,Techno\Global\Techno\dj_c_boy_22M_views_-_BEST_OF_TEKNO_MIX_byDJ_c_boy_2024_ft_PanaDianaGowomanwhereyawawashduroraraenjoykataBe.wav,C:\Genrogram\data\expanded_raw\Techno\Global\Techno\dj_c_boy_22M_views_-_BEST_OF_TEKNO_MIX_byDJ_c_boy_2024_ft_PanaDianaGowomanwhereyawawashduroraraenjoykataBe.wav,0ffb7237fb19e2c37a03aaf48e4dcac8327a6bb065a575f30e9bc140714f4409,30.000000,included,
3141,Navrasa,Techno,Techno,14,Techno\Global\Techno\mtho_-_THE_TEKNO_MIX_2020_BEST_TEKNO_HITS_mixed_by_mtho.wav,C:\Genrogram\data\expanded_raw\Techno\Global\Techno\mtho_-_THE_TEKNO_MIX_2020_BEST_TEKNO_HITS_mixed_by_mtho.wav,9049e70c33195d823e8527c3993f7f698efa13e232db264ffe83570edb22debe,30.000000,included,
3142,Navrasa,Techno,Techno,14,Techno\Global\Techno\yougi_youg_-_BEST_Oldschool_Techno_Hands_Up_Trance_Jumpstyle_Mix_2016.wav,C:\Genrogram\data\expanded_raw\Techno\Global\Techno\yougi_youg_-_BEST_Oldschool_Techno_Hands_Up_Trance_Jumpstyle_Mix_2016.wav,56f05f29e55ab57b2803b8bdc65771091c51597c4f052451e96e927b18cb1206,30.000000,included,
